ISO-10303-21;
HEADER;
FILE_DESCRIPTION (( 'STEP AP214' ),
    '1' );
FILE_NAME ('S5B-EH.STEP',
    '2023-10-06T07:48:04',
    ( '' ),
    ( '' ),
    'SwSTEP 2.0',
    'SolidWorks 2021',
    '' );
FILE_SCHEMA (( 'AUTOMOTIVE_DESIGN' ));
ENDSEC;

DATA;
#1 = ADVANCED_FACE ( 'NONE', ( #211 ), #165, .F. ) ;
#2 = VECTOR ( 'NONE', #327, 1000.000000000000000 ) ;
#3 = ORIENTED_EDGE ( 'NONE', *, *, #1022, .T. ) ;
#4 = VECTOR ( 'NONE', #2955, 1000.000000000000000 ) ;
#5 = VECTOR ( 'NONE', #1345, 1000.000000000000227 ) ;
#6 = LINE ( 'NONE', #28, #1572 ) ;
#7 = EDGE_CURVE ( 'NONE', #3802, #1691, #1160, .T. ) ;
#8 = ORIENTED_EDGE ( 'NONE', *, *, #2767, .T. ) ;
#9 = ORIENTED_EDGE ( 'NONE', *, *, #2818, .F. ) ;
#10 = CARTESIAN_POINT ( 'NONE',  ( -2.180000000000000160, 2.320000000000000284, 0.7750000000000004663 ) ) ;
#11 = ADVANCED_FACE ( 'NONE', ( #2996 ), #470, .F. ) ;
#12 = CARTESIAN_POINT ( 'NONE',  ( -2.819999999999999840, 1.300000000000000044, 0.3200000000000000067 ) ) ;
#13 = CARTESIAN_POINT ( 'NONE',  ( 10.00000000000000178, 2.700000000000000622, 2.200000000000001510 ) ) ;
#14 = ORIENTED_EDGE ( 'NONE', *, *, #2935, .T. ) ;
#15 = LINE ( 'NONE', #4236, #2621 ) ;
#16 = VERTEX_POINT ( 'NONE', #4344 ) ;
#17 = DIRECTION ( 'NONE',  ( 1.000000000000000000, 0.000000000000000000, 0.000000000000000000 ) ) ;
#18 = DIRECTION ( 'NONE',  ( -1.000000000000000000, -0.000000000000000000, -0.000000000000000000 ) ) ;
#19 = ORIENTED_EDGE ( 'NONE', *, *, #2464, .T. ) ;
#20 = ORIENTED_EDGE ( 'NONE', *, *, #3297, .T. ) ;
#21 = FACE_OUTER_BOUND ( 'NONE', #3887, .T. ) ;
#22 = DIRECTION ( 'NONE',  ( -1.000000000000000000, -8.482755383749670111E-16, 0.000000000000000000 ) ) ;
#23 = LINE ( 'NONE', #1401, #4441 ) ;
#24 = CARTESIAN_POINT ( 'NONE',  ( 10.00000000000000178, 2.900000000000000355, 5.200000000000000178 ) ) ;
#25 = VERTEX_POINT ( 'NONE', #3334 ) ;
#26 = EDGE_CURVE ( 'NONE', #443, #2478, #2578, .T. ) ;
#27 = UNCERTAINTY_MEASURE_WITH_UNIT (LENGTH_MEASURE( 1.000000000000000082E-05 ), #521, 'distance_accuracy_value', 'NONE');
#28 = CARTESIAN_POINT ( 'NONE',  ( 9.400000000000002132, 2.200000000000000178, 5.700000000000001066 ) ) ;
#29 = ORIENTED_EDGE ( 'NONE', *, *, #2685, .F. ) ;
#30 = ADVANCED_FACE ( 'NONE', ( #885 ), #1916, .F. ) ;
#31 = CARTESIAN_POINT ( 'NONE',  ( -2.180000000000000160, -2.700000000000000178, -0.3200000000000000067 ) ) ;
#32 = FACE_OUTER_BOUND ( 'NONE', #661, .T. ) ;
#33 = CARTESIAN_POINT ( 'NONE',  ( -1.900000000000000133, 0.9000000000000004663, 6.700000000000001066 ) ) ;
#34 = ORIENTED_EDGE ( 'NONE', *, *, #3172, .F. ) ;
#35 = CARTESIAN_POINT ( 'NONE',  ( -2.500000000000000000, 0.9000000000000009104, 6.700000000000001066 ) ) ;
#36 = ADVANCED_FACE ( 'NONE', ( #2284 ), #2976, .F. ) ;
#37 = EDGE_CURVE ( 'NONE', #3734, #148, #144, .T. ) ;
#38 = DIRECTION ( 'NONE',  ( -1.000000000000000000, -0.000000000000000000, -0.000000000000000000 ) ) ;
#39 = EDGE_LOOP ( 'NONE', ( #3417, #234, #2223, #3985 ) ) ;
#40 = EDGE_LOOP ( 'NONE', ( #1283, #3846, #2571, #2759 ) ) ;
#41 = LINE ( 'NONE', #774, #2452 ) ;
#42 = LINE ( 'NONE', #1723, #2247 ) ;
#43 = AXIS2_PLACEMENT_3D ( 'NONE', #964, #314, #1677 ) ;
#44 = ORIENTED_EDGE ( 'NONE', *, *, #1584, .T. ) ;
#45 = LINE ( 'NONE', #3517, #1502 ) ;
#46 = EDGE_CURVE ( 'NONE', #2289, #1122, #4029, .T. ) ;
#47 = VECTOR ( 'NONE', #94, 1000.000000000000000 ) ;
#48 = DIRECTION ( 'NONE',  ( 1.000000000000000000, 0.000000000000000000, 0.000000000000000000 ) ) ;
#49 = VECTOR ( 'NONE', #3554, 1000.000000000000000 ) ;
#50 = ORIENTED_EDGE ( 'NONE', *, *, #4352, .T. ) ;
#51 = VECTOR ( 'NONE', #1392, 1000.000000000000000 ) ;
#52 = DIRECTION ( 'NONE',  ( 0.000000000000000000, 0.000000000000000000, -1.000000000000000000 ) ) ;
#53 = CARTESIAN_POINT ( 'NONE',  ( -4.400000000000000355, 2.200000000000000178, 5.700000000000001066 ) ) ;
#54 = EDGE_CURVE ( 'NONE', #95, #2154, #1844, .T. ) ;
#55 = CIRCLE ( 'NONE', #1206, 1.020000000000000018 ) ;
#56 = CARTESIAN_POINT ( 'NONE',  ( 0.3199999999999999512, 2.320000000000000284, -1.499999999999998668 ) ) ;
#57 = EDGE_LOOP ( 'NONE', ( #3490, #9, #1096, #983 ) ) ;
#58 = DIRECTION ( 'NONE',  ( 6.746146851020910014E-16, -1.000000000000000000, 0.000000000000000000 ) ) ;
#59 = VECTOR ( 'NONE', #1446, 1000.000000000000000 ) ;
#60 = DIRECTION ( 'NONE',  ( 1.000000000000000000, 6.776263578034410601E-16, 0.000000000000000000 ) ) ;
#61 = EDGE_LOOP ( 'NONE', ( #875, #2553, #310, #2205 ) ) ;
#62 = AXIS2_PLACEMENT_3D ( 'NONE', #1570, #3981, #2264 ) ;
#63 = EDGE_LOOP ( 'NONE', ( #4212, #4405, #1412, #2405 ) ) ;
#64 = DIRECTION ( 'NONE',  ( 1.000000000000000000, 0.000000000000000000, 0.000000000000000000 ) ) ;
#65 = LINE ( 'NONE', #1507, #3996 ) ;
#66 = FACE_OUTER_BOUND ( 'NONE', #3757, .T. ) ;
#67 = FACE_OUTER_BOUND ( 'NONE', #3339, .T. ) ;
#68 = CARTESIAN_POINT ( 'NONE',  ( 0.3200000000000004508, 1.680000000000000604, 2.200000000000001510 ) ) ;
#69 = LINE ( 'NONE', #3468, #429 ) ;
#70 = ADVANCED_FACE ( 'NONE', ( #4391 ), #3291, .F. ) ;
#71 = ORIENTED_EDGE ( 'NONE', *, *, #3823, .F. ) ;
#72 = VECTOR ( 'NONE', #525, 1000.000000000000000 ) ;
#73 = UNCERTAINTY_MEASURE_WITH_UNIT (LENGTH_MEASURE( 1.000000000000000082E-05 ), #929, 'distance_accuracy_value', 'NONE');
#74 = DIRECTION ( 'NONE',  ( -1.000000000000000000, -6.776263578034400740E-16, 0.000000000000000000 ) ) ;
#75 = EDGE_LOOP ( 'NONE', ( #4247, #2378, #4178, #3737 ) ) ;
#76 = AXIS2_PLACEMENT_3D ( 'NONE', #1496, #115, #4257 ) ;
#77 = ORIENTED_EDGE ( 'NONE', *, *, #2788, .F. ) ;
#78 = VECTOR ( 'NONE', #2330, 1000.000000000000000 ) ;
#79 = DIRECTION ( 'NONE',  ( -1.000000000000000000, -0.000000000000000000, -0.000000000000000000 ) ) ;
#80 = DIRECTION ( 'NONE',  ( 0.2505628070857295331, -0.2505628070857265355, 0.9351131265310311802 ) ) ;
#81 = LINE ( 'NONE', #790, #2908 ) ;
#82 = DIRECTION ( 'NONE',  ( -0.000000000000000000, -0.000000000000000000, -1.000000000000000000 ) ) ;
#83 = VERTEX_POINT ( 'NONE', #2302 ) ;
#84 = PLANE ( 'NONE',  #702 ) ;
#85 = VERTEX_POINT ( 'NONE', #3960 ) ;
#86 = DIRECTION ( 'NONE',  ( 0.000000000000000000, 0.000000000000000000, 1.000000000000000000 ) ) ;
#87 = DIRECTION ( 'NONE',  ( 7.132909029509897436E-16, -1.000000000000000000, 0.000000000000000000 ) ) ;
#88 = EDGE_CURVE ( 'NONE', #3068, #3539, #2214, .T. ) ;
#89 = LINE ( 'NONE', #1443, #3030 ) ;
#90 = DIRECTION ( 'NONE',  ( 0.000000000000000000, 0.000000000000000000, 1.000000000000000000 ) ) ;
#91 = ORIENTED_EDGE ( 'NONE', *, *, #524, .T. ) ;
#92 = SURFACE_STYLE_FILL_AREA ( #2867 ) ;
#93 = VECTOR ( 'NONE', #3693, 1000.000000000000114 ) ;
#94 = DIRECTION ( 'NONE',  ( 1.000000000000000000, 0.000000000000000000, 0.000000000000000000 ) ) ;
#95 = VERTEX_POINT ( 'NONE', #1527 ) ;
#96 = EDGE_LOOP ( 'NONE', ( #1152, #2229, #3374, #169 ) ) ;
#97 = VECTOR ( 'NONE', #48, 1000.000000000000000 ) ;
#98 = DIRECTION ( 'NONE',  ( -0.000000000000000000, 1.000000000000000000, 0.000000000000000000 ) ) ;
#99 = DIRECTION ( 'NONE',  ( 1.000000000000000000, -0.000000000000000000, -0.000000000000000000 ) ) ;
#100 = ORIENTED_EDGE ( 'NONE', *, *, #162, .T. ) ;
#101 = FACE_OUTER_BOUND ( 'NONE', #812, .T. ) ;
#102 = EDGE_CURVE ( 'NONE', #4275, #909, #3636, .T. ) ;
#103 = VERTEX_POINT ( 'NONE', #951 ) ;
#104 = DIRECTION ( 'NONE',  ( -0.000000000000000000, 0.000000000000000000, 1.000000000000000000 ) ) ;
#105 = CARTESIAN_POINT ( 'NONE',  ( -2.712820323027549829, -3.200000000000000178, -0.3200000000000000067 ) ) ;
#106 = FACE_OUTER_BOUND ( 'NONE', #2395, .T. ) ;
#107 = CARTESIAN_POINT ( 'NONE',  ( 7.180000000000002380, 1.680000000000000604, -1.499999999999998668 ) ) ;
#108 = EDGE_CURVE ( 'NONE', #808, #3307, #1704, .T. ) ;
#109 = VERTEX_POINT ( 'NONE', #4113 ) ;
#110 = CARTESIAN_POINT ( 'NONE',  ( 6.480940107675851714, 0.9000000000000009104, 6.700000000000001066 ) ) ;
#111 = ORIENTED_EDGE ( 'NONE', *, *, #1377, .T. ) ;
#112 = VECTOR ( 'NONE', #3034, 1000.000000000000000 ) ;
#113 = VERTEX_POINT ( 'NONE', #2348 ) ;
#114 = LINE ( 'NONE', #2900, #1418 ) ;
#115 = DIRECTION ( 'NONE',  ( -0.000000000000000000, 0.000000000000000000, 1.000000000000000000 ) ) ;
#116 = VECTOR ( 'NONE', #4037, 1000.000000000000000 ) ;
#117 = FACE_OUTER_BOUND ( 'NONE', #2093, .T. ) ;
#118 = DIRECTION ( 'NONE',  ( 0.000000000000000000, 0.2588190451025154659, -0.9659258262890697555 ) ) ;
#119 = FILL_AREA_STYLE ('',( #3939 ) ) ;
#120 = CARTESIAN_POINT ( 'NONE',  ( 5.000000000000000000, 2.600000000000000533, 5.281818181818181301 ) ) ;
#121 = ADVANCED_FACE ( 'NONE', ( #3704 ), #2737, .T. ) ;
#122 = VERTEX_POINT ( 'NONE', #1962 ) ;
#123 = AXIS2_PLACEMENT_3D ( 'NONE', #4125, #2437, #3833 ) ;
#124 = EDGE_CURVE ( 'NONE', #1122, #1627, #1322, .T. ) ;
#125 = DIRECTION ( 'NONE',  ( 0.000000000000000000, 0.000000000000000000, 1.000000000000000000 ) ) ;
#126 = CARTESIAN_POINT ( 'NONE',  ( -2.500000000000000000, 0.9000000000000009104, 6.700000000000001066 ) ) ;
#127 = DIRECTION ( 'NONE',  ( -0.8660254037844385966, -0.5000000000000002220, 0.000000000000000000 ) ) ;
#128 = LINE ( 'NONE', #152, #3125 ) ;
#129 = ORIENTED_EDGE ( 'NONE', *, *, #3657, .T. ) ;
#130 = VECTOR ( 'NONE', #3489, 1000.000000000000000 ) ;
#131 = ORIENTED_EDGE ( 'NONE', *, *, #4468, .T. ) ;
#132 = CARTESIAN_POINT ( 'NONE',  ( -2.180000000000000160, -3.200000000000000178, -0.3200000000000000067 ) ) ;
#133 = ORIENTED_EDGE ( 'NONE', *, *, #404, .T. ) ;
#134 = VECTOR ( 'NONE', #1485, 1000.000000000000000 ) ;
#135 = ORIENTED_EDGE ( 'NONE', *, *, #2208, .T. ) ;
#136 = VECTOR ( 'NONE', #2350, 1000.000000000000000 ) ;
#137 = EDGE_CURVE ( 'NONE', #3650, #4275, #3060, .T. ) ;
#138 = CARTESIAN_POINT ( 'NONE',  ( -2.819999999999999840, -2.700000000000000178, 0.7025000000000000133 ) ) ;
#139 = VECTOR ( 'NONE', #1497, 1000.000000000000000 ) ;
#140 = LINE ( 'NONE', #946, #444 ) ;
#141 = VECTOR ( 'NONE', #4366, 1000.000000000000000 ) ;
#142 = VERTEX_POINT ( 'NONE', #325 ) ;
#143 = CARTESIAN_POINT ( 'NONE',  ( 5.000000000000000000, 2.200000000000000622, 0.7000000000000006217 ) ) ;
#144 = LINE ( 'NONE', #536, #3906 ) ;
#145 = CARTESIAN_POINT ( 'NONE',  ( 0.3200000000000000067, 2.319999999999999840, 0.6999999999999999556 ) ) ;
#146 = AXIS2_PLACEMENT_3D ( 'NONE', #4197, #4410, #1271 ) ;
#147 = CARTESIAN_POINT ( 'NONE',  ( 5.000000000000000000, 1.600000000000000089, -1.499999999999998002 ) ) ;
#148 = VERTEX_POINT ( 'NONE', #3103 ) ;
#149 = DIRECTION ( 'NONE',  ( 0.000000000000000000, 0.000000000000000000, 1.000000000000000000 ) ) ;
#150 = ORIENTED_EDGE ( 'NONE', *, *, #3841, .T. ) ;
#151 = CARTESIAN_POINT ( 'NONE',  ( 8.950000000000002842, 4.200000000000000178, 6.700000000000001066 ) ) ;
#152 = CARTESIAN_POINT ( 'NONE',  ( 10.00000000000000178, 0.000000000000000000, -1.499999999999998446 ) ) ;
#153 = DIRECTION ( 'NONE',  ( 0.000000000000000000, -0.000000000000000000, 1.000000000000000000 ) ) ;
#154 = EDGE_LOOP ( 'NONE', ( #3921, #979, #610, #290 ) ) ;
#155 = FACE_OUTER_BOUND ( 'NONE', #4396, .T. ) ;
#156 = CARTESIAN_POINT ( 'NONE',  ( -2.180000000000000160, -2.799999999999999822, 0.3200000000000000067 ) ) ;
#157 = ORIENTED_EDGE ( 'NONE', *, *, #88, .F. ) ;
#158 = ORIENTED_EDGE ( 'NONE', *, *, #2168, .T. ) ;
#159 = DIRECTION ( 'NONE',  ( -1.000000000000000000, -7.132909029509879687E-16, 0.000000000000000000 ) ) ;
#160 = FACE_OUTER_BOUND ( 'NONE', #778, .T. ) ;
#161 = DIRECTION ( 'NONE',  ( -0.000000000000000000, -0.000000000000000000, 1.000000000000000000 ) ) ;
#162 = EDGE_CURVE ( 'NONE', #623, #3929, #2328, .T. ) ;
#163 = ORIENTED_EDGE ( 'NONE', *, *, #3056, .F. ) ;
#164 = CARTESIAN_POINT ( 'NONE',  ( -2.180000000000000160, -2.700000000000000178, 0.7025000000000000133 ) ) ;
#165 = PLANE ( 'NONE',  #2821 ) ;
#166 = PLANE ( 'NONE',  #3866 ) ;
#167 = LINE ( 'NONE', #4033, #2832 ) ;
#168 = ORIENTED_EDGE ( 'NONE', *, *, #1980, .T. ) ;
#169 = ORIENTED_EDGE ( 'NONE', *, *, #2716, .F. ) ;
#170 = ADVANCED_FACE ( 'NONE', ( #3777 ), #635, .F. ) ;
#171 = FACE_OUTER_BOUND ( 'NONE', #2905, .T. ) ;
#172 = LINE ( 'NONE', #874, #1733 ) ;
#173 = ADVANCED_FACE ( 'NONE', ( #2030 ), #1687, .F. ) ;
#174 = DIRECTION ( 'NONE',  ( 1.000000000000000000, -0.000000000000000000, -0.000000000000000000 ) ) ;
#175 = ORIENTED_EDGE ( 'NONE', *, *, #303, .F. ) ;
#176 = PRESENTATION_STYLE_ASSIGNMENT (( #4424 ) ) ;
#177 = CARTESIAN_POINT ( 'NONE',  ( -3.149999999999999023, -0.7999999999999994893, 0.7000000000000005107 ) ) ;
#178 = DIRECTION ( 'NONE',  ( 1.000000000000000000, 0.000000000000000000, 0.000000000000000000 ) ) ;
#179 = DIRECTION ( 'NONE',  ( 1.000000000000000000, 7.623296525288704038E-16, 0.000000000000000000 ) ) ;
#180 = EDGE_LOOP ( 'NONE', ( #3965, #3655, #305, #2838 ) ) ;
#181 = EDGE_CURVE ( 'NONE', #1383, #1386, #1023, .T. ) ;
#182 = ORIENTED_EDGE ( 'NONE', *, *, #3033, .T. ) ;
#183 = PLANE ( 'NONE',  #830 ) ;
#184 = DIRECTION ( 'NONE',  ( -1.000000000000000000, 0.000000000000000000, 0.000000000000000000 ) ) ;
#185 = AXIS2_PLACEMENT_3D ( 'NONE', #3453, #4161, #974 ) ;
#186 = CARTESIAN_POINT ( 'NONE',  ( -2.180000000000000160, 2.320000000000000284, -1.499999999999998668 ) ) ;
#187 = VECTOR ( 'NONE', #1933, 1000.000000000000000 ) ;
#188 = CARTESIAN_POINT ( 'NONE',  ( 4.350000000000001421, 4.200000000000000178, 0.7750000000000005773 ) ) ;
#189 = DIRECTION ( 'NONE',  ( -0.000000000000000000, 0.000000000000000000, -1.000000000000000000 ) ) ;
#190 = VECTOR ( 'NONE', #2297, 1000.000000000000000 ) ;
#191 = EDGE_CURVE ( 'NONE', #3284, #2193, #3751, .T. ) ;
#192 = DIRECTION ( 'NONE',  ( -1.000000000000000000, -8.482755383749670111E-16, 0.000000000000000000 ) ) ;
#193 = AXIS2_PLACEMENT_3D ( 'NONE', #4105, #2359, #4191 ) ;
#194 = EDGE_LOOP ( 'NONE', ( #4326, #4152, #1321, #786 ) ) ;
#195 = SHAPE_DEFINITION_REPRESENTATION ( #2873, #2237 ) ;
#196 = ORIENTED_EDGE ( 'NONE', *, *, #634, .T. ) ;
#197 = CARTESIAN_POINT ( 'NONE',  ( 0.3200000000000035594, -2.799999999999999822, 0.6999999999999999556 ) ) ;
#198 = DIRECTION ( 'NONE',  ( 0.000000000000000000, -0.000000000000000000, -1.000000000000000000 ) ) ;
#199 = VECTOR ( 'NONE', #1020, 1000.000000000000000 ) ;
#200 = ORIENTED_EDGE ( 'NONE', *, *, #2065, .T. ) ;
#201 = DIRECTION ( 'NONE',  ( 0.000000000000000000, 1.000000000000000000, 2.710505431213761085E-16 ) ) ;
#202 = DIRECTION ( 'NONE',  ( 6.776263578034410601E-16, -1.000000000000000000, -7.885106708985490266E-17 ) ) ;
#203 = DIRECTION ( 'NONE',  ( 0.000000000000000000, 0.000000000000000000, -1.000000000000000000 ) ) ;
#204 = EDGE_CURVE ( 'NONE', #2454, #25, #1615, .T. ) ;
#205 = ORIENTED_EDGE ( 'NONE', *, *, #3152, .T. ) ;
#206 = ORIENTED_EDGE ( 'NONE', *, *, #969, .T. ) ;
#207 = DIRECTION ( 'NONE',  ( -0.000000000000000000, 1.000000000000000000, -0.000000000000000000 ) ) ;
#208 = CARTESIAN_POINT ( 'NONE',  ( -3.950000000000000178, 4.200000000000000178, 5.900000000000000355 ) ) ;
#209 = DIRECTION ( 'NONE',  ( 0.000000000000000000, -0.000000000000000000, 1.000000000000000000 ) ) ;
#210 = VECTOR ( 'NONE', #90, 1000.000000000000000 ) ;
#211 = FACE_OUTER_BOUND ( 'NONE', #2104, .T. ) ;
#212 = PLANE ( 'NONE',  #785 ) ;
#213 = CARTESIAN_POINT ( 'NONE',  ( -4.400000000000000355, 0.9000000000000004663, 6.700000000000001066 ) ) ;
#214 = AXIS2_PLACEMENT_3D ( 'NONE', #952, #636, #2694 ) ;
#215 = ORIENTED_EDGE ( 'NONE', *, *, #1612, .T. ) ;
#216 = VECTOR ( 'NONE', #3979, 1000.000000000000114 ) ;
#217 = CARTESIAN_POINT ( 'NONE',  ( 4.999999999999996447, 7.372574772901430151E-15, -2.600000000000001865 ) ) ;
#218 = ORIENTED_EDGE ( 'NONE', *, *, #1920, .T. ) ;
#219 = AXIS2_PLACEMENT_3D ( 'NONE', #1478, #3933, #3193 ) ;
#220 = DIRECTION ( 'NONE',  ( -8.482755383749668139E-16, 1.000000000000000000, 0.000000000000000000 ) ) ;
#221 = DIRECTION ( 'NONE',  ( 1.000000000000000000, -0.000000000000000000, -0.000000000000000000 ) ) ;
#222 = DIRECTION ( 'NONE',  ( 1.000000000000000000, 6.776263578034410601E-16, 0.000000000000000000 ) ) ;
#223 = ORIENTED_EDGE ( 'NONE', *, *, #377, .F. ) ;
#224 = EDGE_CURVE ( 'NONE', #1305, #1183, #998, .T. ) ;
#225 = CARTESIAN_POINT ( 'NONE',  ( -4.400000000000000355, 1.500000000000000444, 2.200000000000001510 ) ) ;
#226 = CARTESIAN_POINT ( 'NONE',  ( 10.00000000000000178, 1.600000000000000089, -1.499999999999998002 ) ) ;
#227 = CARTESIAN_POINT ( 'NONE',  ( 3.150000000000001243, -1.068656249629502597E-31, 0.7750000000000004663 ) ) ;
#228 = ORIENTED_EDGE ( 'NONE', *, *, #162, .F. ) ;
#229 = ORIENTED_EDGE ( 'NONE', *, *, #1275, .F. ) ;
#230 = EDGE_CURVE ( 'NONE', #2047, #473, #4437, .T. ) ;
#231 = CARTESIAN_POINT ( 'NONE',  ( -2.180000000000000160, 1.680000000000000160, 6.200000000000000178 ) ) ;
#232 =( REPRESENTATION_RELATIONSHIP ('NONE','NONE', #3375, #569 ) REPRESENTATION_RELATIONSHIP_WITH_TRANSFORMATION ( #4514 )SHAPE_REPRESENTATION_RELATIONSHIP( ) );
#233 = LINE ( 'NONE', #2301, #4153 ) ;
#234 = ORIENTED_EDGE ( 'NONE', *, *, #3746, .T. ) ;
#235 = DIRECTION ( 'NONE',  ( -1.000000000000000000, -6.776263578034400740E-16, 0.000000000000000000 ) ) ;
#236 = LINE ( 'NONE', #4095, #3428 ) ;
#237 = ORIENTED_EDGE ( 'NONE', *, *, #764, .T. ) ;
#238 = PLANE ( 'NONE',  #3498 ) ;
#239 = CONTEXT_DEPENDENT_SHAPE_REPRESENTATION ( #3525, #1558 ) ;
#240 = VERTEX_POINT ( 'NONE', #2668 ) ;
#241 = CARTESIAN_POINT ( 'NONE',  ( 0.3200000000000004508, 1.680000000000000604, 0.7750000000000004663 ) ) ;
#242 = CARTESIAN_POINT ( 'NONE',  ( -2.180000000000000160, -1.317793594306054139, 0.3880604982206404818 ) ) ;
#243 = ORIENTED_EDGE ( 'NONE', *, *, #2290, .T. ) ;
#244 = CARTESIAN_POINT ( 'NONE',  ( 0.3200000000000040590, -3.200000000000000178, -0.3200000000000000067 ) ) ;
#245 = CARTESIAN_POINT ( 'NONE',  ( 5.000000000000000000, -1.068656249629502597E-31, 0.7750000000000004663 ) ) ;
#246 = FACE_BOUND ( 'NONE', #798, .T. ) ;
#247 = VERTEX_POINT ( 'NONE', #3730 ) ;
#248 = EDGE_CURVE ( 'NONE', #4340, #3280, #1343, .T. ) ;
#249 = ORIENTED_EDGE ( 'NONE', *, *, #1769, .F. ) ;
#250 = DIRECTION ( 'NONE',  ( 0.000000000000000000, -1.000000000000000000, 0.000000000000000000 ) ) ;
#251 = DIRECTION ( 'NONE',  ( 0.000000000000000000, -0.9647638212377321887, 0.2631174057921091269 ) ) ;
#252 = ADVANCED_FACE ( 'NONE', ( #3797 ), #659, .F. ) ;
#253 = CARTESIAN_POINT ( 'NONE',  ( 10.00000000000000178, 2.200000000000000622, 2.200000000000001510 ) ) ;
#254 = VECTOR ( 'NONE', #2294, 1000.000000000000000 ) ;
#255 = CARTESIAN_POINT ( 'NONE',  ( -0.3199999999999999512, 2.320000000000000284, 2.200000000000001510 ) ) ;
#256 = CARTESIAN_POINT ( 'NONE',  ( -0.3199999999999999512, 2.320000000000000284, 0.7750000000000004663 ) ) ;
#257 = ORIENTED_EDGE ( 'NONE', *, *, #4406, .T. ) ;
#258 = AXIS2_PLACEMENT_3D ( 'NONE', #1755, #681, #1066 ) ;
#259 = DIRECTION ( 'NONE',  ( -1.000000000000000000, -8.482755383749670111E-16, 0.000000000000000000 ) ) ;
#260 = ORIENTED_EDGE ( 'NONE', *, *, #1793, .F. ) ;
#261 = LINE ( 'NONE', #665, #3549 ) ;
#262 = EDGE_CURVE ( 'NONE', #2217, #3085, #1985, .T. ) ;
#263 = CARTESIAN_POINT ( 'NONE',  ( -1.849999999999998979, -0.7999999999999994893, 0.7000000000000003997 ) ) ;
#264 = EDGE_CURVE ( 'NONE', #3207, #2217, #1297, .T. ) ;
#265 = VERTEX_POINT ( 'NONE', #2099 ) ;
#266 = VECTOR ( 'NONE', #1144, 1000.000000000000114 ) ;
#267 = CARTESIAN_POINT ( 'NONE',  ( 0.3200000000000000067, 2.212820323027549829, 6.200000000000000178 ) ) ;
#268 = CARTESIAN_POINT ( 'NONE',  ( -2.180000000000000160, -2.482206405693955009, 0.3880604982206404818 ) ) ;
#269 = CARTESIAN_POINT ( 'NONE',  ( -2.180000000000000160, -1.899999999999999911, -0.4525000000000000133 ) ) ;
#270 = CARTESIAN_POINT ( 'NONE',  ( -0.3199999999999959543, -3.200000000000000178, -0.3200000000000000067 ) ) ;
#271 = LINE ( 'NONE', #297, #4299 ) ;
#272 = VECTOR ( 'NONE', #2893, 1000.000000000000000 ) ;
#273 = EDGE_LOOP ( 'NONE', ( #710, #1575, #3656, #2950 ) ) ;
#274 = VECTOR ( 'NONE', #3741, 1000.000000000000000 ) ;
#275 = LINE ( 'NONE', #1611, #2369 ) ;
#276 = CARTESIAN_POINT ( 'NONE',  ( -3.149999999999999023, 4.200000000000000178, 0.7750000000000005773 ) ) ;
#277 = ORIENTED_EDGE ( 'NONE', *, *, #760, .F. ) ;
#278 = VECTOR ( 'NONE', #3448, 1000.000000000000000 ) ;
#279 =( NAMED_UNIT ( * ) PLANE_ANGLE_UNIT ( ) SI_UNIT ( $, .RADIAN. ) );
#280 = ADVANCED_FACE ( 'NONE', ( #1882 ), #1042, .F. ) ;
#281 = DIRECTION ( 'NONE',  ( -1.000000000000000000, 0.000000000000000000, 1.815694353434715056E-16 ) ) ;
#282 = FACE_OUTER_BOUND ( 'NONE', #96, .T. ) ;
#283 = EDGE_CURVE ( 'NONE', #25, #4214, #380, .T. ) ;
#284 = AXIS2_PLACEMENT_3D ( 'NONE', #2938, #1833, #500 ) ;
#285 = CARTESIAN_POINT ( 'NONE',  ( 10.00000000000000178, 4.200000000000000178, 5.900000000000000355 ) ) ;
#286 = ORIENTED_EDGE ( 'NONE', *, *, #4457, .T. ) ;
#287 = LINE ( 'NONE', #687, #2596 ) ;
#288 = AXIS2_PLACEMENT_3D ( 'NONE', #1986, #4008, #2931 ) ;
#289 = CARTESIAN_POINT ( 'NONE',  ( -0.2128203230275474978, -3.200000000000000178, 0.2128203230275514946 ) ) ;
#290 = ORIENTED_EDGE ( 'NONE', *, *, #1166, .F. ) ;
#291 = ORIENTED_EDGE ( 'NONE', *, *, #4255, .F. ) ;
#292 = VECTOR ( 'NONE', #4486, 1000.000000000000000 ) ;
#293 = CARTESIAN_POINT ( 'NONE',  ( 5.650000000000001243, -0.7999999999999994893, 0.7000000000000003997 ) ) ;
#294 = LINE ( 'NONE', #2042, #4064 ) ;
#295 = CARTESIAN_POINT ( 'NONE',  ( -2.819999999999999840, -1.317793594306055915, 0.3880604982206404818 ) ) ;
#296 = DIRECTION ( 'NONE',  ( 7.623296525288704038E-16, -1.000000000000000000, 0.000000000000000000 ) ) ;
#297 = CARTESIAN_POINT ( 'NONE',  ( -2.819999999999999840, 2.320000000000000284, 0.7750000000000004663 ) ) ;
#298 = DIRECTION ( 'NONE',  ( 0.000000000000000000, 0.000000000000000000, -1.000000000000000000 ) ) ;
#299 = EDGE_CURVE ( 'NONE', #2212, #4278, #2424, .T. ) ;
#300 = ORIENTED_EDGE ( 'NONE', *, *, #2256, .F. ) ;
#301 = DIRECTION ( 'NONE',  ( -7.623296525288704038E-16, 1.000000000000000000, 0.000000000000000000 ) ) ;
#302 = DIRECTION ( 'NONE',  ( 0.3779644730092273641, -0.6546536707079770867, 0.6546536707079773088 ) ) ;
#303 = EDGE_CURVE ( 'NONE', #955, #4140, #3541, .T. ) ;
#304 = LINE ( 'NONE', #2741, #4154 ) ;
#305 = ORIENTED_EDGE ( 'NONE', *, *, #962, .F. ) ;
#306 = AXIS2_PLACEMENT_3D ( 'NONE', #4044, #3007, #1582 ) ;
#307 = CARTESIAN_POINT ( 'NONE',  ( 8.800000000000002487, 1.600000000000000089, -1.499999999999998002 ) ) ;
#308 = CARTESIAN_POINT ( 'NONE',  ( 2.180000000000000160, 2.320000000000000284, 0.7750000000000004663 ) ) ;
#309 = CARTESIAN_POINT ( 'NONE',  ( 1.250000000000000000, 1.300000000000000933, 6.700000000000001066 ) ) ;
#310 = ORIENTED_EDGE ( 'NONE', *, *, #2513, .F. ) ;
#311 = EDGE_LOOP ( 'NONE', ( #77, #3114, #3874, #997 ) ) ;
#312 = EDGE_CURVE ( 'NONE', #4227, #3053, #3281, .T. ) ;
#313 = FACE_OUTER_BOUND ( 'NONE', #1768, .T. ) ;
#314 = DIRECTION ( 'NONE',  ( 0.000000000000000000, 0.000000000000000000, 1.000000000000000000 ) ) ;
#315 = CARTESIAN_POINT ( 'NONE',  ( -2.180000000000000160, -2.799999999999999822, -0.3200000000000000067 ) ) ;
#316 = ADVANCED_FACE ( 'NONE', ( #155 ), #1538, .F. ) ;
#317 = CARTESIAN_POINT ( 'NONE',  ( 10.00000000000000178, 2.900000000000000355, 4.486010460552367185 ) ) ;
#318 = ORIENTED_EDGE ( 'NONE', *, *, #792, .F. ) ;
#319 = CARTESIAN_POINT ( 'NONE',  ( -3.949999999999999734, 2.700000000000000622, 2.200000000000001510 ) ) ;
#320 = VERTEX_POINT ( 'NONE', #2144 ) ;
#321 = SURFACE_STYLE_USAGE ( .BOTH. , #2420 ) ;
#322 = EDGE_CURVE ( 'NONE', #1896, #1394, #3499, .T. ) ;
#323 = EDGE_CURVE ( 'NONE', #699, #2035, #1429, .T. ) ;
#324 = ORIENTED_EDGE ( 'NONE', *, *, #1124, .F. ) ;
#325 = CARTESIAN_POINT ( 'NONE',  ( -2.712820323027549829, -3.200000000000000178, 0.2128203230275514946 ) ) ;
#326 = ORIENTED_EDGE ( 'NONE', *, *, #1022, .F. ) ;
#327 = DIRECTION ( 'NONE',  ( -1.000000000000000000, -0.000000000000000000, -0.000000000000000000 ) ) ;
#328 = ORIENTED_EDGE ( 'NONE', *, *, #3297, .F. ) ;
#329 = DIRECTION ( 'NONE',  ( 1.000000000000000000, 0.000000000000000000, 0.000000000000000000 ) ) ;
#330 = ORIENTED_EDGE ( 'NONE', *, *, #102, .T. ) ;
#331 = ADVANCED_FACE ( 'NONE', ( #3169 ), #2828, .F. ) ;
#332 = CARTESIAN_POINT ( 'NONE',  ( 6.250000000000000000, 1.300000000000000933, 6.700000000000001066 ) ) ;
#333 = FACE_OUTER_BOUND ( 'NONE', #2076, .T. ) ;
#334 = VECTOR ( 'NONE', #1407, 1000.000000000000000 ) ;
#335 = ORIENTED_EDGE ( 'NONE', *, *, #463, .F. ) ;
#336 = ORIENTED_EDGE ( 'NONE', *, *, #1773, .F. ) ;
#337 = DIRECTION ( 'NONE',  ( -1.000000000000000000, -0.000000000000000000, -0.000000000000000000 ) ) ;
#338 = EDGE_CURVE ( 'NONE', #3734, #4207, #4331, .T. ) ;
#339 = FACE_OUTER_BOUND ( 'NONE', #2010, .T. ) ;
#340 = CARTESIAN_POINT ( 'NONE',  ( 0.3200000000000040590, -3.200000000000000178, 0.2128203230275514946 ) ) ;
#341 = CARTESIAN_POINT ( 'NONE',  ( -1.019059892324149619, 0.9000000000000007994, 6.700000000000001066 ) ) ;
#342 = EDGE_LOOP ( 'NONE', ( #2786, #4484, #3427, #4109, #2790, #4267, #2608, #2879, #1021, #1674, #2743, #680, #706, #592, #1347, #1601, #947, #4122, #2084, #4144, #1162, #784, #71, #2735, #3813, #223, #711, #355 ) ) ;
#343 = DIRECTION ( 'NONE',  ( 5.929230630780103360E-16, -1.000000000000000000, 0.000000000000000000 ) ) ;
#344 = VECTOR ( 'NONE', #4305, 1000.000000000000114 ) ;
#345 = EDGE_CURVE ( 'NONE', #3506, #3511, #2491, .T. ) ;
#346 = ORIENTED_EDGE ( 'NONE', *, *, #2069, .F. ) ;
#347 = PRODUCT_DEFINITION_CONTEXT ( 'detailed design', #2877, 'design' ) ;
#348 = CARTESIAN_POINT ( 'NONE',  ( 7.180000000000002380, 2.320000000000000284, 0.7750000000000004663 ) ) ;
#349 = CIRCLE ( 'NONE', #123, 1.020000000000000018 ) ;
#350 = EDGE_LOOP ( 'NONE', ( #2774, #2050, #1682, #1260, #1375, #3983 ) ) ;
#351 = LINE ( 'NONE', #2783, #4058 ) ;
#352 = ORIENTED_EDGE ( 'NONE', *, *, #2561, .T. ) ;
#353 = PLANE ( 'NONE',  #714 ) ;
#354 = VECTOR ( 'NONE', #713, 1000.000000000000000 ) ;
#355 = ORIENTED_EDGE ( 'NONE', *, *, #3315, .F. ) ;
#356 = CARTESIAN_POINT ( 'NONE',  ( -4.400000000000000355, 2.200000000000000178, 6.700000000000001066 ) ) ;
#357 = ORIENTED_EDGE ( 'NONE', *, *, #1816, .T. ) ;
#358 = CARTESIAN_POINT ( 'NONE',  ( -5.000000000000000000, -3.851859888774471706E-31, 6.699999999999999289 ) ) ;
#359 = DIRECTION ( 'NONE',  ( 0.000000000000000000, 0.000000000000000000, 1.000000000000000000 ) ) ;
#360 = VECTOR ( 'NONE', #296, 1000.000000000000000 ) ;
#361 = ORIENTED_EDGE ( 'NONE', *, *, #4076, .F. ) ;
#362 = ORIENTED_EDGE ( 'NONE', *, *, #46, .F. ) ;
#363 = DIRECTION ( 'NONE',  ( -0.000000000000000000, 1.000000000000000000, -0.000000000000000000 ) ) ;
#364 = AXIS2_PLACEMENT_3D ( 'NONE', #1731, #3105, #1025 ) ;
#365 = LINE ( 'NONE', #1744, #553 ) ;
#366 = CARTESIAN_POINT ( 'NONE',  ( -2.180000000000000160, -1.899999999999999911, -0.4525000000000000133 ) ) ;
#367 = LINE ( 'NONE', #1746, #2680 ) ;
#368 = PLANE ( 'NONE',  #2675 ) ;
#369 = VECTOR ( 'NONE', #1139, 1000.000000000000000 ) ;
#370 = EDGE_CURVE ( 'NONE', #1326, #451, #351, .T. ) ;
#371 = ORIENTED_EDGE ( 'NONE', *, *, #593, .F. ) ;
#372 = AXIS2_PLACEMENT_3D ( 'NONE', #1895, #1250, #3311 ) ;
#373 = FILL_AREA_STYLE_COLOUR ( '', #4160 ) ;
#374 = ORIENTED_EDGE ( 'NONE', *, *, #1554, .T. ) ;
#375 = ORIENTED_EDGE ( 'NONE', *, *, #954, .F. ) ;
#376 =( GEOMETRIC_REPRESENTATION_CONTEXT ( 3 ) GLOBAL_UNCERTAINTY_ASSIGNED_CONTEXT ( ( #2390 ) ) GLOBAL_UNIT_ASSIGNED_CONTEXT ( ( #2692, #950, #2347 ) ) REPRESENTATION_CONTEXT ( 'NONE', 'WORKASPACE' ) );
#377 = EDGE_CURVE ( 'NONE', #1366, #2419, #2124, .T. ) ;
#378 = VECTOR ( 'NONE', #250, 1000.000000000000000 ) ;
#379 = ADVANCED_FACE ( 'NONE', ( #3889 ), #1089, .F. ) ;
#380 = LINE ( 'NONE', #12, #3025 ) ;
#381 = EDGE_CURVE ( 'NONE', #2217, #148, #3522, .T. ) ;
#382 = LINE ( 'NONE', #1756, #4446 ) ;
#383 = PLANE ( 'NONE',  #2546 ) ;
#384 = ORIENTED_EDGE ( 'NONE', *, *, #1773, .T. ) ;
#385 = FACE_OUTER_BOUND ( 'NONE', #311, .T. ) ;
#386 = CARTESIAN_POINT ( 'NONE',  ( 8.800000000000002487, 0.000000000000000000, 0.7000000000000006217 ) ) ;
#387 = ORIENTED_EDGE ( 'NONE', *, *, #3936, .T. ) ;
#388 = ORIENTED_EDGE ( 'NONE', *, *, #729, .T. ) ;
#389 = CARTESIAN_POINT ( 'NONE',  ( -5.000000000000000000, 4.200000000000000178, 0.7000000000000006217 ) ) ;
#390 = CARTESIAN_POINT ( 'NONE',  ( 7.820000000000002061, 2.320000000000000284, -1.499999999999998668 ) ) ;
#391 = CARTESIAN_POINT ( 'NONE',  ( -3.800000000000000266, 0.000000000000000000, 0.7000000000000006217 ) ) ;
#392 = DIRECTION ( 'NONE',  ( 0.000000000000000000, -9.637352644315595243E-17, 1.000000000000000000 ) ) ;
#393 = VERTEX_POINT ( 'NONE', #1456 ) ;
#394 = FACE_OUTER_BOUND ( 'NONE', #1569, .T. ) ;
#395 = VERTEX_POINT ( 'NONE', #3128 ) ;
#396 = EDGE_CURVE ( 'NONE', #2811, #3388, #4256, .T. ) ;
#397 = CARTESIAN_POINT ( 'NONE',  ( -3.950000000000000178, 2.200000000000000178, 5.700000000000001066 ) ) ;
#398 = EDGE_LOOP ( 'NONE', ( #3528, #1188, #3599, #129 ) ) ;
#399 = CARTESIAN_POINT ( 'NONE',  ( -2.180000000000000160, -2.799999999999999822, 0.6999999999999999556 ) ) ;
#400 = DIRECTION ( 'NONE',  ( 0.2505628070857289780, 0.2505628070857284784, 0.9351131265310308471 ) ) ;
#401 = CARTESIAN_POINT ( 'NONE',  ( 0.6500000000000010214, -0.7999999999999994893, 0.7000000000000003997 ) ) ;
#402 = ORIENTED_EDGE ( 'NONE', *, *, #3519, .F. ) ;
#403 = DIRECTION ( 'NONE',  ( -6.776263578034403699E-16, 1.000000000000000000, 0.000000000000000000 ) ) ;
#404 = EDGE_CURVE ( 'NONE', #2811, #1948, #4181, .T. ) ;
#405 = DIRECTION ( 'NONE',  ( 2.891205793294671128E-15, 0.000000000000000000, -1.000000000000000000 ) ) ;
#406 = ORIENTED_EDGE ( 'NONE', *, *, #2188, .F. ) ;
#407 = ORIENTED_EDGE ( 'NONE', *, *, #1780, .F. ) ;
#408 = DIRECTION ( 'NONE',  ( 1.000000000000000000, 0.000000000000000000, 0.000000000000000000 ) ) ;
#409 = EDGE_CURVE ( 'NONE', #4063, #4471, #505, .T. ) ;
#410 = CARTESIAN_POINT ( 'NONE',  ( -2.180000000000000160, -1.682206405693955187, -0.1380604982206407871 ) ) ;
#411 = CARTESIAN_POINT ( 'NONE',  ( 3.150000000000000799, -0.7999999999999994893, 0.7000000000000003997 ) ) ;
#412 = EDGE_CURVE ( 'NONE', #1632, #2511, #894, .T. ) ;
#413 = LINE ( 'NONE', #2137, #1586 ) ;
#414 = VECTOR ( 'NONE', #931, 1000.000000000000000 ) ;
#415 = LINE ( 'NONE', #1038, #1137 ) ;
#416 = EDGE_LOOP ( 'NONE', ( #2078, #3443, #4301, #3080 ) ) ;
#417 = FACE_OUTER_BOUND ( 'NONE', #1937, .T. ) ;
#418 = VECTOR ( 'NONE', #2291, 1000.000000000000000 ) ;
#419 = ORIENTED_EDGE ( 'NONE', *, *, #2874, .T. ) ;
#420 = ORIENTED_EDGE ( 'NONE', *, *, #3896, .F. ) ;
#421 = VECTOR ( 'NONE', #3645, 1000.000000000000000 ) ;
#422 = DIRECTION ( 'NONE',  ( -1.000000000000000000, -6.776263578034400740E-16, 0.000000000000000000 ) ) ;
#423 = VECTOR ( 'NONE', #2430, 1000.000000000000114 ) ;
#424 = LINE ( 'NONE', #2471, #2542 ) ;
#425 = EDGE_CURVE ( 'NONE', #3571, #3307, #1995, .T. ) ;
#426 = DIRECTION ( 'NONE',  ( 0.000000000000000000, 0.2631174057921091269, 0.9647638212377320777 ) ) ;
#427 = EDGE_LOOP ( 'NONE', ( #3289, #3437, #2547, #1018, #2308, #4007, #4443, #1194, #554 ) ) ;
#428 = CARTESIAN_POINT ( 'NONE',  ( 10.00000000000000178, 4.200000000000000178, 0.7000000000000006217 ) ) ;
#429 = VECTOR ( 'NONE', #1082, 1000.000000000000000 ) ;
#430 = LINE ( 'NONE', #3592, #369 ) ;
#431 = ORIENTED_EDGE ( 'NONE', *, *, #3003, .F. ) ;
#432 = VECTOR ( 'NONE', #956, 1000.000000000000000 ) ;
#433 = CARTESIAN_POINT ( 'NONE',  ( 7.500000000000001776, 4.987329993433320396E-15, -2.600000000000001865 ) ) ;
#434 = CARTESIAN_POINT ( 'NONE',  ( 8.950000000000002842, 2.900000000000000355, 4.486010460552367185 ) ) ;
#435 = CARTESIAN_POINT ( 'NONE',  ( -2.712820323027549829, -3.200000000000000178, -0.2128203230275514946 ) ) ;
#436 = PLANE ( 'NONE',  #1591 ) ;
#437 = ORIENTED_EDGE ( 'NONE', *, *, #2000, .F. ) ;
#438 = AXIS2_PLACEMENT_3D ( 'NONE', #2057, #3480, #1759 ) ;
#439 = FACE_OUTER_BOUND ( 'NONE', #2376, .T. ) ;
#440 = ORIENTED_EDGE ( 'NONE', *, *, #4172, .T. ) ;
#441 = VECTOR ( 'NONE', #4322, 1000.000000000000000 ) ;
#442 = VECTOR ( 'NONE', #1568, 1000.000000000000000 ) ;
#443 = VERTEX_POINT ( 'NONE', #268 ) ;
#444 = VECTOR ( 'NONE', #3309, 1000.000000000000000 ) ;
#445 = CYLINDRICAL_SURFACE ( 'NONE', #1633, 0.3800000000000000044 ) ;
#446 = EDGE_CURVE ( 'NONE', #2193, #4214, #1852, .T. ) ;
#447 = CARTESIAN_POINT ( 'NONE',  ( 5.000000000000000000, 2.200000000000000622, 0.7000000000000006217 ) ) ;
#448 = STYLED_ITEM ( 'NONE', ( #3951 ), #1441 ) ;
#449 = VECTOR ( 'NONE', #1426, 1000.000000000000000 ) ;
#450 = DIRECTION ( 'NONE',  ( -0.5000000000000002220, -0.8660254037844384856, 0.000000000000000000 ) ) ;
#451 = VERTEX_POINT ( 'NONE', #2639 ) ;
#452 = EDGE_CURVE ( 'NONE', #1386, #2001, #876, .T. ) ;
#453 = ORIENTED_EDGE ( 'NONE', *, *, #3991, .F. ) ;
#454 = FACE_BOUND ( 'NONE', #4199, .T. ) ;
#455 = PLANE ( 'NONE',  #2083 ) ;
#456 = LINE ( 'NONE', #4283, #2470 ) ;
#457 = CARTESIAN_POINT ( 'NONE',  ( 0.3200000000000000067, 2.319999999999999840, 5.799999999999999822 ) ) ;
#458 = EDGE_CURVE ( 'NONE', #2648, #3392, #584, .T. ) ;
#459 = ORIENTED_EDGE ( 'NONE', *, *, #4155, .T. ) ;
#460 = FACE_OUTER_BOUND ( 'NONE', #520, .T. ) ;
#461 = ORIENTED_EDGE ( 'NONE', *, *, #2818, .T. ) ;
#462 = ORIENTED_EDGE ( 'NONE', *, *, #2481, .F. ) ;
#463 = EDGE_CURVE ( 'NONE', #3386, #3068, #3347, .T. ) ;
#464 = CARTESIAN_POINT ( 'NONE',  ( -0.3200000000000000067, 1.680000000000000160, 0.6999999999999999556 ) ) ;
#465 = FACE_OUTER_BOUND ( 'NONE', #3563, .T. ) ;
#466 = EDGE_CURVE ( 'NONE', #564, #3516, #3691, .T. ) ;
#467 = DIRECTION ( 'NONE',  ( -1.000000000000000000, -6.776263578034410601E-16, 0.000000000000000000 ) ) ;
#468 = ORIENTED_EDGE ( 'NONE', *, *, #224, .T. ) ;
#469 = CARTESIAN_POINT ( 'NONE',  ( 10.99082632030006224, 4.200000000000000178, 1.700000000000001954 ) ) ;
#470 = PLANE ( 'NONE',  #62 ) ;
#471 = LINE ( 'NONE', #2475, #2894 ) ;
#472 = DIRECTION ( 'NONE',  ( 0.000000000000000000, -0.000000000000000000, 1.000000000000000000 ) ) ;
#473 = VERTEX_POINT ( 'NONE', #1925 ) ;
#474 = ADVANCED_FACE ( 'NONE', ( #4042 ), #943, .F. ) ;
#475 = CARTESIAN_POINT ( 'NONE',  ( 0.000000000000000000, 0.000000000000000000, 0.000000000000000000 ) ) ;
#476 = CARTESIAN_POINT ( 'NONE',  ( 0.3200000000000000067, 1.300000000000000044, 0.6999999999999999556 ) ) ;
#477 = CARTESIAN_POINT ( 'NONE',  ( 1.850000000000000977, 0.000000000000000000, 0.7750000000000005773 ) ) ;
#478 = CARTESIAN_POINT ( 'NONE',  ( -0.3200000000000000067, 2.319999999999999840, 5.799999999999999822 ) ) ;
#479 = ORIENTED_EDGE ( 'NONE', *, *, #3484, .T. ) ;
#480 = EDGE_CURVE ( 'NONE', #3539, #2863, #4065, .T. ) ;
#481 = VECTOR ( 'NONE', #3654, 1000.000000000000000 ) ;
#482 = DIRECTION ( 'NONE',  ( 1.133806193448893442E-15, -1.000000000000000000, 0.000000000000000000 ) ) ;
#483 = ORIENTED_EDGE ( 'NONE', *, *, #773, .F. ) ;
#484 = VECTOR ( 'NONE', #4382, 1000.000000000000000 ) ;
#485 = ORIENTED_EDGE ( 'NONE', *, *, #2349, .F. ) ;
#486 = ADVANCED_FACE ( 'NONE', ( #1285 ), #3671, .F. ) ;
#487 = VECTOR ( 'NONE', #1477, 1000.000000000000000 ) ;
#488 = LINE ( 'NONE', #1542, #4230 ) ;
#489 = ORIENTED_EDGE ( 'NONE', *, *, #463, .T. ) ;
#490 = LINE ( 'NONE', #1866, #4450 ) ;
#491 = DIRECTION ( 'NONE',  ( -2.448946564213094778E-32, 3.614007241618344826E-17, 1.000000000000000000 ) ) ;
#492 = DIRECTION ( 'NONE',  ( -7.623296525288704038E-16, 1.000000000000000000, -0.000000000000000000 ) ) ;
#493 = AXIS2_PLACEMENT_3D ( 'NONE', #1452, #3561, #3254 ) ;
#494 = ORIENTED_EDGE ( 'NONE', *, *, #1974, .T. ) ;
#495 = VECTOR ( 'NONE', #178, 1000.000000000000000 ) ;
#496 = VECTOR ( 'NONE', #3282, 1000.000000000000000 ) ;
#497 = EDGE_LOOP ( 'NONE', ( #1303, #1475, #2921, #1332 ) ) ;
#498 = AXIS2_PLACEMENT_3D ( 'NONE', #1994, #1646, #1396 ) ;
#499 = LINE ( 'NONE', #4282, #1715 ) ;
#500 = DIRECTION ( 'NONE',  ( 0.000000000000000000, 0.000000000000000000, -1.000000000000000000 ) ) ;
#501 = EDGE_CURVE ( 'NONE', #3388, #395, #3652, .T. ) ;
#502 = DIRECTION ( 'NONE',  ( 0.3779644730092273641, -0.6546536707079770867, 0.6546536707079773088 ) ) ;
#503 = ORIENTED_EDGE ( 'NONE', *, *, #1982, .F. ) ;
#504 = VECTOR ( 'NONE', #957, 1000.000000000000000 ) ;
#505 = LINE ( 'NONE', #3303, #1268 ) ;
#506 = PLANE ( 'NONE',  #493 ) ;
#507 = ORIENTED_EDGE ( 'NONE', *, *, #1735, .F. ) ;
#508 = EDGE_CURVE ( 'NONE', #961, #4351, #3993, .T. ) ;
#509 = ORIENTED_EDGE ( 'NONE', *, *, #3222, .F. ) ;
#510 = VECTOR ( 'NONE', #3778, 1000.000000000000000 ) ;
#511 = CARTESIAN_POINT ( 'NONE',  ( 0.6500000000000010214, 4.200000000000000178, 0.7000000000000003997 ) ) ;
#512 = VECTOR ( 'NONE', #467, 1000.000000000000000 ) ;
#513 = DIRECTION ( 'NONE',  ( 0.000000000000000000, -0.000000000000000000, 1.000000000000000000 ) ) ;
#514 = CARTESIAN_POINT ( 'NONE',  ( 8.950000000000002842, 3.415000000000000480, 1.700000000000002398 ) ) ;
#515 = CIRCLE ( 'NONE', #3351, 0.3825000000000000067 ) ;
#516 = ORIENTED_EDGE ( 'NONE', *, *, #4418, .F. ) ;
#517 = CARTESIAN_POINT ( 'NONE',  ( -2.819999999999999840, 2.319999999999999840, 5.799999999999999822 ) ) ;
#518 = EDGE_CURVE ( 'NONE', #2519, #4286, #2252, .T. ) ;
#519 = DIRECTION ( 'NONE',  ( 0.000000000000000000, 0.2631174057921095155, -0.9647638212377319666 ) ) ;
#520 = EDGE_LOOP ( 'NONE', ( #3250, #1893, #1610, #4098 ) ) ;
#521 =( LENGTH_UNIT ( ) NAMED_UNIT ( * ) SI_UNIT ( .MILLI., .METRE. ) );
#522 = VERTEX_POINT ( 'NONE', #2315 ) ;
#523 = CARTESIAN_POINT ( 'NONE',  ( -0.6499999999999991340, 0.000000000000000000, 0.7000000000000005107 ) ) ;
#524 = EDGE_CURVE ( 'NONE', #3633, #2040, #2337, .T. ) ;
#525 = DIRECTION ( 'NONE',  ( 0.000000000000000000, 0.000000000000000000, 1.000000000000000000 ) ) ;
#526 = VERTEX_POINT ( 'NONE', #4087 ) ;
#527 = CARTESIAN_POINT ( 'NONE',  ( -2.180000000000000160, -1.100000000000000089, -0.3200000000000000067 ) ) ;
#528 = DIRECTION ( 'NONE',  ( -1.133806193448893442E-15, 1.000000000000000000, 0.000000000000000000 ) ) ;
#529 = LINE ( 'NONE', #132, #272 ) ;
#530 = EDGE_LOOP ( 'NONE', ( #1808, #3800, #724, #2839 ) ) ;
#531 = ORIENTED_EDGE ( 'NONE', *, *, #4047, .F. ) ;
#532 = EDGE_CURVE ( 'NONE', #2979, #4357, #2964, .T. ) ;
#533 = CARTESIAN_POINT ( 'NONE',  ( -2.180000000000000160, 2.319999999999999840, 0.6999999999999999556 ) ) ;
#534 = LINE ( 'NONE', #832, #141 ) ;
#535 = CARTESIAN_POINT ( 'NONE',  ( -0.3199999999999999512, 2.320000000000000284, 0.7750000000000004663 ) ) ;
#536 = CARTESIAN_POINT ( 'NONE',  ( 8.950000000000002842, 0.9000000000000004663, 2.200000000000001510 ) ) ;
#537 = CARTESIAN_POINT ( 'NONE',  ( 10.00000000000000178, 0.000000000000000000, -1.499999999999998446 ) ) ;
#538 = EDGE_LOOP ( 'NONE', ( #1838, #3785, #1778, #1574 ) ) ;
#539 = ORIENTED_EDGE ( 'NONE', *, *, #4155, .F. ) ;
#540 = CARTESIAN_POINT ( 'NONE',  ( -4.400000000000000355, 0.9000000000000004663, 6.700000000000001066 ) ) ;
#541 = CARTESIAN_POINT ( 'NONE',  ( 3.750000000000000000, 1.300000000000000933, 6.700000000000001066 ) ) ;
#542 = ORIENTED_EDGE ( 'NONE', *, *, #4361, .T. ) ;
#543 = CARTESIAN_POINT ( 'NONE',  ( 6.850000000000003197, -0.7999999999999994893, 0.7000000000000005107 ) ) ;
#544 = LINE ( 'NONE', #1581, #1495 ) ;
#545 = CARTESIAN_POINT ( 'NONE',  ( -0.6499999999999991340, 4.200000000000000178, 0.7750000000000005773 ) ) ;
#546 = EDGE_LOOP ( 'NONE', ( #3009, #2516, #2486, #407 ) ) ;
#547 = ORIENTED_EDGE ( 'NONE', *, *, #3409, .F. ) ;
#548 = CARTESIAN_POINT ( 'NONE',  ( 0.3200000000000000067, 1.787179676972449949, 6.200000000000000178 ) ) ;
#549 = DIRECTION ( 'NONE',  ( 0.000000000000000000, -1.000000000000000000, 0.000000000000000000 ) ) ;
#550 = CARTESIAN_POINT ( 'NONE',  ( 0.3200000000000000067, 2.319999999999999840, 0.6999999999999999556 ) ) ;
#551 = DIRECTION ( 'NONE',  ( 0.000000000000000000, 0.000000000000000000, 1.000000000000000000 ) ) ;
#552 = EDGE_CURVE ( 'NONE', #113, #738, #605, .T. ) ;
#553 = VECTOR ( 'NONE', #715, 1000.000000000000000 ) ;
#554 = ORIENTED_EDGE ( 'NONE', *, *, #1609, .F. ) ;
#555 = APPLICATION_PROTOCOL_DEFINITION ( 'draft international standard', 'automotive_design', 1998, #2877 ) ;
#556 = ORIENTED_EDGE ( 'NONE', *, *, #4310, .T. ) ;
#557 = CARTESIAN_POINT ( 'NONE',  ( -0.6499999999999991340, 4.200000000000000178, 0.7750000000000005773 ) ) ;
#558 = LINE ( 'NONE', #2983, #4370 ) ;
#559 = VECTOR ( 'NONE', #996, 1000.000000000000000 ) ;
#560 = VERTEX_POINT ( 'NONE', #3024 ) ;
#561 = CARTESIAN_POINT ( 'NONE',  ( -3.800000000000000266, 0.000000000000000000, 0.7000000000000006217 ) ) ;
#562 = CARTESIAN_POINT ( 'NONE',  ( -1.480940107675850159, 0.9000000000000009104, 6.700000000000001066 ) ) ;
#563 = LINE ( 'NONE', #2989, #190 ) ;
#564 = VERTEX_POINT ( 'NONE', #527 ) ;
#565 = VERTEX_POINT ( 'NONE', #1905 ) ;
#566 = LINE ( 'NONE', #231, #449 ) ;
#567 = DIRECTION ( 'NONE',  ( 0.000000000000000000, -1.000000000000000000, 0.000000000000000000 ) ) ;
#568 = EDGE_LOOP ( 'NONE', ( #4324, #2293, #2991, #3165 ) ) ;
#569 = SHAPE_REPRESENTATION ( 'pin 2', ( #146 ), #3279 ) ;
#570 = AXIS2_PLACEMENT_3D ( 'NONE', #3002, #892, #2292 ) ;
#571 = DIRECTION ( 'NONE',  ( 1.000000000000000000, 7.623296525288704038E-16, 0.000000000000000000 ) ) ;
#572 = LINE ( 'NONE', #1300, #4 ) ;
#573 = VECTOR ( 'NONE', #1939, 1000.000000000000000 ) ;
#574 = ORIENTED_EDGE ( 'NONE', *, *, #1588, .F. ) ;
#575 = VECTOR ( 'NONE', #1801, 1000.000000000000000 ) ;
#576 = CONTEXT_DEPENDENT_SHAPE_REPRESENTATION ( #2646, #3651 ) ;
#577 = ORIENTED_EDGE ( 'NONE', *, *, #1384, .F. ) ;
#578 = VECTOR ( 'NONE', #82, 1000.000000000000000 ) ;
#579 = EDGE_CURVE ( 'NONE', #526, #2109, #2275, .T. ) ;
#580 = DIRECTION ( 'NONE',  ( 0.000000000000000000, 0.000000000000000000, 1.000000000000000000 ) ) ;
#581 = LINE ( 'NONE', #3688, #1876 ) ;
#582 = MECHANICAL_DESIGN_GEOMETRIC_PRESENTATION_REPRESENTATION (  '', ( #2480 ), #376 ) ;
#583 = ORIENTED_EDGE ( 'NONE', *, *, #425, .T. ) ;
#584 = LINE ( 'NONE', #4019, #484 ) ;
#585 = CARTESIAN_POINT ( 'NONE',  ( -2.712820323027549829, 2.212820323027549829, 6.200000000000000178 ) ) ;
#586 = FACE_BOUND ( 'NONE', #3228, .T. ) ;
#587 = VERTEX_POINT ( 'NONE', #3445 ) ;
#588 = ADVANCED_FACE ( 'NONE', ( #339 ), #4173, .F. ) ;
#589 = LINE ( 'NONE', #1247, #4342 ) ;
#590 = ADVANCED_FACE ( 'NONE', ( #2456, #21 ), #2707, .F. ) ;
#591 = CARTESIAN_POINT ( 'NONE',  ( -1.850000000000016520, -3.851859888774462510E-31, 6.699999999999979750 ) ) ;
#592 = ORIENTED_EDGE ( 'NONE', *, *, #1732, .F. ) ;
#593 = EDGE_CURVE ( 'NONE', #2999, #2419, #672, .T. ) ;
#594 = DIRECTION ( 'NONE',  ( -1.753826068629825187E-16, 0.2588190451025162431, -0.9659258262890696445 ) ) ;
#595 = EDGE_CURVE ( 'NONE', #2857, #395, #2725, .T. ) ;
#596 = FACE_OUTER_BOUND ( 'NONE', #1290, .T. ) ;
#597 = FACE_OUTER_BOUND ( 'NONE', #1826, .T. ) ;
#598 = ORIENTED_EDGE ( 'NONE', *, *, #1612, .F. ) ;
#599 = CARTESIAN_POINT ( 'NONE',  ( 7.820000000000002061, 2.320000000000000284, 0.7750000000000004663 ) ) ;
#600 = VERTEX_POINT ( 'NONE', #3093 ) ;
#601 = CARTESIAN_POINT ( 'NONE',  ( 10.00000000000000178, 2.600000000000000533, 5.818181818181818343 ) ) ;
#602 = CARTESIAN_POINT ( 'NONE',  ( -2.180000000000000160, -1.899999999999999911, -0.4525000000000000133 ) ) ;
#603 = ORIENTED_EDGE ( 'NONE', *, *, #1249, .T. ) ;
#604 = CARTESIAN_POINT ( 'NONE',  ( -5.000000000000000000, 2.900000000000000355, 5.900000000000000355 ) ) ;
#605 = LINE ( 'NONE', #244, #1411 ) ;
#606 = CARTESIAN_POINT ( 'NONE',  ( 10.00000000000000178, 2.200000000000000622, 2.200000000000001510 ) ) ;
#607 = LINE ( 'NONE', #2277, #2090 ) ;
#608 = CARTESIAN_POINT ( 'NONE',  ( 4.350000000000001421, -3.851859888774471706E-31, 6.699999999999999289 ) ) ;
#609 = ADVANCED_FACE ( 'NONE', ( #3465 ), #3071, .F. ) ;
#610 = ORIENTED_EDGE ( 'NONE', *, *, #2667, .F. ) ;
#612 = EDGE_CURVE ( 'NONE', #909, #2422, #3117, .T. ) ;
#611 = CARTESIAN_POINT ( 'NONE',  ( -2.180000000000000160, 2.320000000000000284, 0.7750000000000004663 ) ) ;
#613 = CARTESIAN_POINT ( 'NONE',  ( 10.00000000000000178, 0.000000000000000000, -1.499999999999998446 ) ) ;
#614 = EDGE_LOOP ( 'NONE', ( #318, #3069, #4381, #440, #1095, #3829, #2496, #3772, #1706, #1165, #1652, #2191, #291, #330, #361, #1859 ) ) ;
#615 = CARTESIAN_POINT ( 'NONE',  ( -2.180000000000000160, -2.117793594306055294, -0.1380604982206409814 ) ) ;
#616 = VECTOR ( 'NONE', #1597, 1000.000000000000114 ) ;
#617 = CARTESIAN_POINT ( 'NONE',  ( 1.850000000000000977, 4.200000000000000178, 0.7750000000000005773 ) ) ;
#618 = CARTESIAN_POINT ( 'NONE',  ( -2.180000000000000160, -2.799999999999999822, -0.3200000000000000067 ) ) ;
#619 = ORIENTED_EDGE ( 'NONE', *, *, #3796, .T. ) ;
#620 = CARTESIAN_POINT ( 'NONE',  ( -1.480940107675850159, 0.9000000000000009104, 6.700000000000001066 ) ) ;
#621 = DIRECTION ( 'NONE',  ( -5.929230630780103360E-16, 1.000000000000000000, 0.000000000000000000 ) ) ;
#622 = LINE ( 'NONE', #3415, #1514 ) ;
#623 = VERTEX_POINT ( 'NONE', #3141 ) ;
#624 = VERTEX_POINT ( 'NONE', #2020 ) ;
#625 = VECTOR ( 'NONE', #2787, 1000.000000000000000 ) ;
#626 = CARTESIAN_POINT ( 'NONE',  ( -3.149999999999999023, -0.7999999999999994893, 0.7000000000000005107 ) ) ;
#627 = AXIS2_PLACEMENT_3D ( 'NONE', #2517, #3547, #4208 ) ;
#628 = CARTESIAN_POINT ( 'NONE',  ( 1.019059892324149619, 0.9000000000000009104, 6.700000000000001066 ) ) ;
#629 = LINE ( 'NONE', #4148, #1945 ) ;
#630 = FACE_OUTER_BOUND ( 'NONE', #4195, .T. ) ;
#631 = FACE_BOUND ( 'NONE', #3590, .T. ) ;
#632 = ORIENTED_EDGE ( 'NONE', *, *, #4076, .T. ) ;
#633 = VECTOR ( 'NONE', #3576, 1000.000000000000000 ) ;
#634 = EDGE_CURVE ( 'NONE', #3256, #2703, #2088, .T. ) ;
#635 = PLANE ( 'NONE',  #2002 ) ;
#636 = DIRECTION ( 'NONE',  ( 0.000000000000000000, -0.7071067811865476838, -0.7071067811865474617 ) ) ;
#637 = EDGE_CURVE ( 'NONE', #2035, #1059, #2036, .T. ) ;
#638 = VECTOR ( 'NONE', #4193, 1000.000000000000000 ) ;
#639 = EDGE_CURVE ( 'NONE', #1544, #2454, #3102, .T. ) ;
#640 = CARTESIAN_POINT ( 'NONE',  ( 7.180000000000002380, 2.320000000000000284, 0.7750000000000004663 ) ) ;
#641 = VERTEX_POINT ( 'NONE', #1763 ) ;
#642 = CARTESIAN_POINT ( 'NONE',  ( 4.350000000000001421, 0.000000000000000000, 0.7750000000000005773 ) ) ;
#643 = AXIS2_PLACEMENT_3D ( 'NONE', #1111, #2901, #2805 ) ;
#644 = LINE ( 'NONE', #2039, #3792 ) ;
#645 = AXIS2_PLACEMENT_3D ( 'NONE', #1592, #567, #902 ) ;
#646 = VERTEX_POINT ( 'NONE', #3860 ) ;
#647 = VERTEX_POINT ( 'NONE', #2751 ) ;
#648 = AXIS2_PLACEMENT_3D ( 'NONE', #1069, #2473, #2169 ) ;
#649 = FILL_AREA_STYLE_COLOUR ( '', #1645 ) ;
#650 = EDGE_CURVE ( 'NONE', #3316, #1978, #651, .T. ) ;
#651 = LINE ( 'NONE', #628, #2589 ) ;
#652 = DIRECTION ( 'NONE',  ( 6.746146851020910014E-16, -1.000000000000000000, 0.000000000000000000 ) ) ;
#653 = FACE_OUTER_BOUND ( 'NONE', #2664, .T. ) ;
#654 = VECTOR ( 'NONE', #700, 1000.000000000000000 ) ;
#655 = ORIENTED_EDGE ( 'NONE', *, *, #746, .F. ) ;
#656 = UNCERTAINTY_MEASURE_WITH_UNIT (LENGTH_MEASURE( 1.000000000000000082E-05 ), #3140, 'distance_accuracy_value', 'NONE');
#657 = PRESENTATION_STYLE_ASSIGNMENT (( #321 ) ) ;
#658 = EDGE_CURVE ( 'NONE', #794, #4471, #294, .T. ) ;
#659 = PLANE ( 'NONE',  #1121 ) ;
#660 = LINE ( 'NONE', #3406, #2322 ) ;
#661 = EDGE_LOOP ( 'NONE', ( #3669, #3675, #4018, #2012 ) ) ;
#662 = ADVANCED_FACE ( 'NONE', ( #4474 ), #1335, .F. ) ;
#663 = CYLINDRICAL_SURFACE ( 'NONE', #2033, 1.020000000000000018 ) ;
#664 = ORIENTED_EDGE ( 'NONE', *, *, #3086, .F. ) ;
#665 = CARTESIAN_POINT ( 'NONE',  ( 6.480940107675851714, 0.9000000000000009104, 6.700000000000001066 ) ) ;
#666 = DIRECTION ( 'NONE',  ( -0.000000000000000000, -0.000000000000000000, 1.000000000000000000 ) ) ;
#667 = ORIENTED_EDGE ( 'NONE', *, *, #4513, .F. ) ;
#668 = VERTEX_POINT ( 'NONE', #2436 ) ;
#669 = ORIENTED_EDGE ( 'NONE', *, *, #3208, .F. ) ;
#670 = VECTOR ( 'NONE', #3124, 1000.000000000000114 ) ;
#671 = ADVANCED_FACE ( 'NONE', ( #4453 ), #1312, .F. ) ;
#672 = LINE ( 'NONE', #986, #695 ) ;
#673 = CARTESIAN_POINT ( 'NONE',  ( -3.149999999999999023, 0.000000000000000000, 0.7750000000000005773 ) ) ;
#674 = DIRECTION ( 'NONE',  ( -1.000000000000000000, -0.000000000000000000, -0.000000000000000000 ) ) ;
#675 = ORIENTED_EDGE ( 'NONE', *, *, #4061, .F. ) ;
#676 = DIRECTION ( 'NONE',  ( 0.000000000000000000, -1.000000000000000000, 0.000000000000000000 ) ) ;
#677 = ORIENTED_EDGE ( 'NONE', *, *, #1752, .T. ) ;
#678 = DIRECTION ( 'NONE',  ( 0.000000000000000000, 0.000000000000000000, 1.000000000000000000 ) ) ;
#679 = CARTESIAN_POINT ( 'NONE',  ( -4.400000000000000355, 0.9000000000000004663, 2.200000000000001510 ) ) ;
#680 = ORIENTED_EDGE ( 'NONE', *, *, #3098, .F. ) ;
#681 = DIRECTION ( 'NONE',  ( 0.000000000000000000, -1.000000000000000000, 0.000000000000000000 ) ) ;
#682 = ORIENTED_EDGE ( 'NONE', *, *, #2462, .T. ) ;
#683 = CARTESIAN_POINT ( 'NONE',  ( 0.3200000000000000067, 1.300000000000000044, -0.3200000000000000067 ) ) ;
#684 = ORIENTED_EDGE ( 'NONE', *, *, #1457, .T. ) ;
#685 = PLANE ( 'NONE',  #3429 ) ;
#686 = ORIENTED_EDGE ( 'NONE', *, *, #409, .T. ) ;
#687 = CARTESIAN_POINT ( 'NONE',  ( 7.500000000000000000, -1.068656249629502597E-31, 0.7750000000000004663 ) ) ;
#688 = EDGE_CURVE ( 'NONE', #1116, #2118, #365, .T. ) ;
#689 = CARTESIAN_POINT ( 'NONE',  ( 10.00000000000000178, 2.900000000000000355, 5.900000000000000355 ) ) ;
#690 = AXIS2_PLACEMENT_3D ( 'NONE', #1251, #4053, #905 ) ;
#691 = ORIENTED_EDGE ( 'NONE', *, *, #3469, .T. ) ;
#692 = ORIENTED_EDGE ( 'NONE', *, *, #4389, .F. ) ;
#693 = DIRECTION ( 'NONE',  ( 0.000000000000000000, 0.000000000000000000, 1.000000000000000000 ) ) ;
#694 = DIRECTION ( 'NONE',  ( -1.000000000000000000, -0.000000000000000000, -0.000000000000000000 ) ) ;
#695 = VECTOR ( 'NONE', #2061, 1000.000000000000000 ) ;
#696 = FACE_OUTER_BOUND ( 'NONE', #1857, .T. ) ;
#697 = CARTESIAN_POINT ( 'NONE',  ( -2.819999999999999396, 1.680000000000000604, 0.7750000000000004663 ) ) ;
#698 = CARTESIAN_POINT ( 'NONE',  ( -3.949999999999999734, 4.200000000000000178, 5.900000000000000355 ) ) ;
#699 = VERTEX_POINT ( 'NONE', #2794 ) ;
#700 = DIRECTION ( 'NONE',  ( 0.000000000000000000, 0.000000000000000000, -1.000000000000000000 ) ) ;
#701 = VECTOR ( 'NONE', #3094, 1000.000000000000000 ) ;
#702 = AXIS2_PLACEMENT_3D ( 'NONE', #145, #4321, #813 ) ;
#703 = DIRECTION ( 'NONE',  ( 6.746146851020910014E-16, -1.000000000000000000, 0.000000000000000000 ) ) ;
#704 = DIRECTION ( 'NONE',  ( 0.000000000000000000, 0.9647638212377319666, 0.2631174057921095155 ) ) ;
#705 = CARTESIAN_POINT ( 'NONE',  ( -3.950000000000000178, 0.000000000000000000, 0.000000000000000000 ) ) ;
#706 = ORIENTED_EDGE ( 'NONE', *, *, #3008, .T. ) ;
#707 = CARTESIAN_POINT ( 'NONE',  ( -2.287179676972449727, 2.212820323027549829, 6.200000000000000178 ) ) ;
#708 = CARTESIAN_POINT ( 'NONE',  ( -4.400000000000000355, 0.9000000000000004663, 6.700000000000001066 ) ) ;
#709 = AXIS2_PLACEMENT_3D ( 'NONE', #4168, #3138, #1031 ) ;
#710 = ORIENTED_EDGE ( 'NONE', *, *, #2262, .T. ) ;
#711 = ORIENTED_EDGE ( 'NONE', *, *, #2842, .F. ) ;
#712 = ADVANCED_FACE ( 'NONE', ( #2112 ), #2502, .F. ) ;
#713 = DIRECTION ( 'NONE',  ( 2.891205793294671522E-15, -0.000000000000000000, -1.000000000000000000 ) ) ;
#714 = AXIS2_PLACEMENT_3D ( 'NONE', #2512, #2145, #3909 ) ;
#715 = DIRECTION ( 'NONE',  ( -1.000000000000000000, -6.776263578034410601E-16, 0.000000000000000000 ) ) ;
#716 = LINE ( 'NONE', #3446, #3253 ) ;
#717 = CARTESIAN_POINT ( 'NONE',  ( 10.00000000000000178, 4.200000000000000178, 0.7000000000000006217 ) ) ;
#718 = DIRECTION ( 'NONE',  ( -0.000000000000000000, -0.000000000000000000, -1.000000000000000000 ) ) ;
#719 = VECTOR ( 'NONE', #2975, 1000.000000000000000 ) ;
#720 = EDGE_LOOP ( 'NONE', ( #1213, #4477, #3106, #1232 ) ) ;
#721 =( LENGTH_UNIT ( ) NAMED_UNIT ( * ) SI_UNIT ( .MILLI., .METRE. ) );
#722 =( GEOMETRIC_REPRESENTATION_CONTEXT ( 3 ) GLOBAL_UNCERTAINTY_ASSIGNED_CONTEXT ( ( #3865 ) ) GLOBAL_UNIT_ASSIGNED_CONTEXT ( ( #822, #4250, #2820 ) ) REPRESENTATION_CONTEXT ( 'NONE', 'WORKASPACE' ) );
#723 = ORIENTED_EDGE ( 'NONE', *, *, #2152, .F. ) ;
#724 = ORIENTED_EDGE ( 'NONE', *, *, #3419, .T. ) ;
#725 = DIRECTION ( 'NONE',  ( 0.8660254037844385966, -0.5000000000000002220, 0.000000000000000000 ) ) ;
#726 = DIRECTION ( 'NONE',  ( 0.000000000000000000, -9.637352644315595243E-17, 1.000000000000000000 ) ) ;
#727 = EDGE_CURVE ( 'NONE', #1235, #733, #3532, .T. ) ;
#728 = LINE ( 'NONE', #2127, #2766 ) ;
#729 = EDGE_CURVE ( 'NONE', #3708, #3189, #3246, .T. ) ;
#730 = ORIENTED_EDGE ( 'NONE', *, *, #396, .T. ) ;
#731 =( NAMED_UNIT ( * ) PLANE_ANGLE_UNIT ( ) SI_UNIT ( $, .RADIAN. ) );
#732 = FACE_OUTER_BOUND ( 'NONE', #815, .T. ) ;
#733 = VERTEX_POINT ( 'NONE', #3880 ) ;
#734 = CYLINDRICAL_SURFACE ( 'NONE', #3557, 0.3800000000000000044 ) ;
#735 = DIRECTION ( 'NONE',  ( -1.000000000000000000, -1.133806193448892061E-15, 0.000000000000000000 ) ) ;
#736 = DIRECTION ( 'NONE',  ( 0.5000000000000001110, -0.8660254037844384856, 0.000000000000000000 ) ) ;
#737 = DIRECTION ( 'NONE',  ( 0.000000000000000000, 7.885106708985486076E-16, -1.000000000000000000 ) ) ;
#738 = VERTEX_POINT ( 'NONE', #1850 ) ;
#739 =( NAMED_UNIT ( * ) PLANE_ANGLE_UNIT ( ) SI_UNIT ( $, .RADIAN. ) );
#740 = UNCERTAINTY_MEASURE_WITH_UNIT (LENGTH_MEASURE( 1.000000000000000082E-05 ), #721, 'distance_accuracy_value', 'NONE');
#741 = LINE ( 'NONE', #2068, #3508 ) ;
#742 = ADVANCED_FACE ( 'NONE', ( #3224 ), #800, .T. ) ;
#743 = EDGE_LOOP ( 'NONE', ( #157, #335, #547, #4036 ) ) ;
#744 = CARTESIAN_POINT ( 'NONE',  ( -2.180000000000000160, 2.320000000000000284, -1.499999999999998668 ) ) ;
#745 = PLANE ( 'NONE',  #219 ) ;
#746 = EDGE_CURVE ( 'NONE', #142, #3210, #3162, .T. ) ;
#747 = DIRECTION ( 'NONE',  ( -0.2588190451025175753, 0.000000000000000000, 0.9659258262890692004 ) ) ;
#748 = VERTEX_POINT ( 'NONE', #477 ) ;
#749 = LINE ( 'NONE', #2497, #3177 ) ;
#750 = DIRECTION ( 'NONE',  ( 0.000000000000000000, -1.000000000000000000, 0.000000000000000000 ) ) ;
#751 = ORIENTED_EDGE ( 'NONE', *, *, #727, .F. ) ;
#752 = CARTESIAN_POINT ( 'NONE',  ( -2.500000000000003109, 7.372574772901430151E-15, -2.600000000000001865 ) ) ;
#753 = DIRECTION ( 'NONE',  ( 0.000000000000000000, 0.000000000000000000, -1.000000000000000000 ) ) ;
#754 = CARTESIAN_POINT ( 'NONE',  ( 0.2559626452994269719, 2.255962645299430136, 6.038990661324850073 ) ) ;
#755 = DIRECTION ( 'NONE',  ( -0.000000000000000000, 1.000000000000000000, -0.000000000000000000 ) ) ;
#756 = DIRECTION ( 'NONE',  ( -0.000000000000000000, 1.000000000000000000, -0.000000000000000000 ) ) ;
#757 = VECTOR ( 'NONE', #79, 1000.000000000000000 ) ;
#758 = VECTOR ( 'NONE', #3031, 999.9999999999998863 ) ;
#759 = ORIENTED_EDGE ( 'NONE', *, *, #1448, .F. ) ;
#760 = EDGE_CURVE ( 'NONE', #2249, #2121, #818, .T. ) ;
#761 = DIRECTION ( 'NONE',  ( 0.000000000000000000, 0.000000000000000000, -1.000000000000000000 ) ) ;
#762 = VERTEX_POINT ( 'NONE', #1832 ) ;
#763 = ORIENTED_EDGE ( 'NONE', *, *, #322, .T. ) ;
#764 = EDGE_CURVE ( 'NONE', #473, #2962, #1484, .T. ) ;
#765 = VECTOR ( 'NONE', #2988, 1000.000000000000000 ) ;
#766 = DIRECTION ( 'NONE',  ( 1.000000000000000000, 6.776263578034410601E-16, 0.000000000000000000 ) ) ;
#767 = CARTESIAN_POINT ( 'NONE',  ( 10.00000000000000178, 1.600000000000000089, -1.499999999999998002 ) ) ;
#768 = ORIENTED_EDGE ( 'NONE', *, *, #3020, .T. ) ;
#769 = DIRECTION ( 'NONE',  ( 0.000000000000000000, 1.000000000000000000, 0.000000000000000000 ) ) ;
#770 = EDGE_CURVE ( 'NONE', #2576, #3664, #2177, .T. ) ;
#771 = PLANE ( 'NONE',  #4373 ) ;
#772 = ORIENTED_EDGE ( 'NONE', *, *, #1949, .T. ) ;
#773 = EDGE_CURVE ( 'NONE', #1427, #624, #2218, .T. ) ;
#774 = CARTESIAN_POINT ( 'NONE',  ( -2.819999999999999840, -3.200000000000000178, -0.3200000000000000067 ) ) ;
#775 = ADVANCED_FACE ( 'NONE', ( #2913 ), #3577, .F. ) ;
#776 = LINE ( 'NONE', #478, #780 ) ;
#777 = LINE ( 'NONE', #1147, #1515 ) ;
#778 = EDGE_LOOP ( 'NONE', ( #1341, #205, #3135, #3837 ) ) ;
#779 = EDGE_CURVE ( 'NONE', #647, #2108, #4245, .T. ) ;
#780 = VECTOR ( 'NONE', #1120, 1000.000000000000000 ) ;
#781 =( LENGTH_UNIT ( ) NAMED_UNIT ( * ) SI_UNIT ( .MILLI., .METRE. ) );
#782 = EDGE_CURVE ( 'NONE', #522, #1453, #499, .T. ) ;
#783 = CARTESIAN_POINT ( 'NONE',  ( 5.000000000000000000, 2.900000000000000355, 4.486010460552367185 ) ) ;
#784 = ORIENTED_EDGE ( 'NONE', *, *, #1397, .F. ) ;
#785 = AXIS2_PLACEMENT_3D ( 'NONE', #1964, #839, #2241 ) ;
#786 = ORIENTED_EDGE ( 'NONE', *, *, #54, .T. ) ;
#787 = AXIS2_PLACEMENT_3D ( 'NONE', #469, #1498, #4390 ) ;
#788 = DIRECTION ( 'NONE',  ( 0.2505628070857269241, 0.9351131265310317353, 0.2505628070857274237 ) ) ;
#789 = PRODUCT ( 'SxB-EH body_5', 'SxB-EH body_5', '', ( #3017 ) ) ;
#790 = CARTESIAN_POINT ( 'NONE',  ( 1.850000000000000977, -0.7999999999999994893, 0.7000000000000005107 ) ) ;
#791 = PRESENTATION_LAYER_ASSIGNMENT (  '', '', ( #448 ) ) ;
#792 = EDGE_CURVE ( 'NONE', #838, #1564, #41, .T. ) ;
#793 = DIRECTION ( 'NONE',  ( -1.000000000000000000, -0.000000000000000000, -0.000000000000000000 ) ) ;
#794 = VERTEX_POINT ( 'NONE', #3204 ) ;
#795 = SURFACE_STYLE_FILL_AREA ( #119 ) ;
#796 = DIRECTION ( 'NONE',  ( -1.000000000000000000, -0.000000000000000000, -0.000000000000000000 ) ) ;
#797 = EDGE_CURVE ( 'NONE', #2212, #1122, #1167, .T. ) ;
#798 = EDGE_LOOP ( 'NONE', ( #3807, #1395, #1614, #2085 ) ) ;
#799 = FACE_OUTER_BOUND ( 'NONE', #40, .T. ) ;
#800 = CYLINDRICAL_SURFACE ( 'NONE', #3247, 1.020000000000000018 ) ;
#801 = EDGE_CURVE ( 'NONE', #3516, #1564, #89, .T. ) ;
#802 = DIRECTION ( 'NONE',  ( 0.000000000000000000, 0.7071067811865474617, -0.7071067811865476838 ) ) ;
#803 = DIRECTION ( 'NONE',  ( 1.000000000000000000, 0.000000000000000000, 0.000000000000000000 ) ) ;
#804 = ORIENTED_EDGE ( 'NONE', *, *, #230, .F. ) ;
#805 = ORIENTED_EDGE ( 'NONE', *, *, #3013, .T. ) ;
#806 = CYLINDRICAL_SURFACE ( 'NONE', #4412, 0.3825000000000000067 ) ;
#807 = VERTEX_POINT ( 'NONE', #2813 ) ;
#808 = VERTEX_POINT ( 'NONE', #4218 ) ;
#809 = CARTESIAN_POINT ( 'NONE',  ( 2.819999999999999840, 2.320000000000000284, 2.200000000000001510 ) ) ;
#810 = ORIENTED_EDGE ( 'NONE', *, *, #518, .F. ) ;
#811 = DIRECTION ( 'NONE',  ( -0.000000000000000000, -0.000000000000000000, 1.000000000000000000 ) ) ;
#812 = EDGE_LOOP ( 'NONE', ( #4341, #1180, #3575, #1309 ) ) ;
#813 = DIRECTION ( 'NONE',  ( 0.000000000000000000, 7.885106708985490266E-17, -1.000000000000000000 ) ) ;
#814 = CARTESIAN_POINT ( 'NONE',  ( 1.250000000000000444, 1.300000000000000711, 2.200000000000001510 ) ) ;
#815 = EDGE_LOOP ( 'NONE', ( #2500, #4290, #1046, #3365 ) ) ;
#816 = ORIENTED_EDGE ( 'NONE', *, *, #2933, .F. ) ;
#817 = ADVANCED_FACE ( 'NONE', ( #66 ), #1079, .F. ) ;
#818 = LINE ( 'NONE', #410, #2006 ) ;
#819 = FACE_OUTER_BOUND ( 'NONE', #546, .T. ) ;
#820 = CARTESIAN_POINT ( 'NONE',  ( 10.00000000000000178, 2.200000000000000622, 0.7000000000000006217 ) ) ;
#821 = EDGE_LOOP ( 'NONE', ( #516, #1425, #1416, #489 ) ) ;
#822 =( LENGTH_UNIT ( ) NAMED_UNIT ( * ) SI_UNIT ( .MILLI., .METRE. ) );
#823 = CARTESIAN_POINT ( 'NONE',  ( 0.6500000000000010214, 4.200000000000000178, 0.7000000000000003997 ) ) ;
#824 = VECTOR ( 'NONE', #3613, 1000.000000000000000 ) ;
#825 = FACE_OUTER_BOUND ( 'NONE', #893, .T. ) ;
#826 = EDGE_LOOP ( 'NONE', ( #1970, #3950, #2180, #3603, #3144, #1520 ) ) ;
#827 = ADVANCED_FACE ( 'NONE', ( #2135 ), #455, .F. ) ;
#828 = VERTEX_POINT ( 'NONE', #3341 ) ;
#829 = ADVANCED_FACE ( 'NONE', ( #171 ), #2635, .F. ) ;
#830 = AXIS2_PLACEMENT_3D ( 'NONE', #1566, #98, #3955 ) ;
#831 = CARTESIAN_POINT ( 'NONE',  ( -2.156142946288019946, -2.710964263427994680, 0.3438570537119780002 ) ) ;
#832 = CARTESIAN_POINT ( 'NONE',  ( 7.500000000000000000, 4.200000000000000178, 0.7000000000000006217 ) ) ;
#833 = CARTESIAN_POINT ( 'NONE',  ( 0.2128203230275555191, -3.200000000000000178, 0.2128203230275514946 ) ) ;
#834 = ORIENTED_EDGE ( 'NONE', *, *, #2403, .F. ) ;
#835 = VECTOR ( 'NONE', #2384, 1000.000000000000000 ) ;
#836 = EDGE_CURVE ( 'NONE', #1632, #3216, #4378, .T. ) ;
#837 = LINE ( 'NONE', #1227, #2327 ) ;
#838 = VERTEX_POINT ( 'NONE', #1185 ) ;
#839 = DIRECTION ( 'NONE',  ( -1.000000000000000000, -5.929230630780103360E-16, 0.000000000000000000 ) ) ;
#840 = ORIENTED_EDGE ( 'NONE', *, *, #1108, .F. ) ;
#841 = APPLICATION_PROTOCOL_DEFINITION ( 'draft international standard', 'automotive_design', 1998, #916 ) ;
#842 = VERTEX_POINT ( 'NONE', #1602 ) ;
#843 = CARTESIAN_POINT ( 'NONE',  ( -5.000000000000000000, 0.000000000000000000, -1.499999999999998446 ) ) ;
#844 = CARTESIAN_POINT ( 'NONE',  ( 10.00000000000000178, 4.200000000000000178, 0.7000000000000006217 ) ) ;
#845 = EDGE_CURVE ( 'NONE', #2721, #851, #3667, .T. ) ;
#846 = EDGE_LOOP ( 'NONE', ( #2563, #1391, #2055, #1449 ) ) ;
#847 = CIRCLE ( 'NONE', #3544, 0.3825000000000000067 ) ;
#848 = CARTESIAN_POINT ( 'NONE',  ( 5.320000000000000284, 2.320000000000000284, 0.7750000000000004663 ) ) ;
#849 = CARTESIAN_POINT ( 'NONE',  ( -4.400000000000000355, 2.200000000000000178, 6.700000000000001066 ) ) ;
#850 = CARTESIAN_POINT ( 'NONE',  ( 0.3200000000000035594, -2.799999999999999822, 0.3200000000000000067 ) ) ;
#851 = VERTEX_POINT ( 'NONE', #3019 ) ;
#852 = VECTOR ( 'NONE', #2709, 1000.000000000000000 ) ;
#853 = ORIENTED_EDGE ( 'NONE', *, *, #1272, .F. ) ;
#854 = VECTOR ( 'NONE', #302, 999.9999999999998863 ) ;
#855 = CARTESIAN_POINT ( 'NONE',  ( 6.250000000000001776, 1.300000000000000933, 6.700000000000001066 ) ) ;
#856 = VECTOR ( 'NONE', #3011, 1000.000000000000000 ) ;
#857 = LINE ( 'NONE', #2626, #1155 ) ;
#858 = CARTESIAN_POINT ( 'NONE',  ( 4.679999999999999716, 2.320000000000000284, -1.499999999999998668 ) ) ;
#859 = ORIENTED_EDGE ( 'NONE', *, *, #1894, .T. ) ;
#860 = EDGE_CURVE ( 'NONE', #3096, #240, #3710, .T. ) ;
#861 = AXIS2_PLACEMENT_3D ( 'NONE', #4316, #967, #1176 ) ;
#862 = ADVANCED_FACE ( 'NONE', ( #4353 ), #2655, .F. ) ;
#863 = DIRECTION ( 'NONE',  ( -0.000000000000000000, 0.2631174057921069620, 0.9647638212377327438 ) ) ;
#864 = DIRECTION ( 'NONE',  ( 5.929230630780103360E-16, -1.000000000000000000, 0.000000000000000000 ) ) ;
#865 = AXIS2_PLACEMENT_3D ( 'NONE', #2119, #1472, #1123 ) ;
#866 = CARTESIAN_POINT ( 'NONE',  ( 8.950000000000002842, 4.200000000000000178, 1.700000000000001954 ) ) ;
#867 = AXIS2_PLACEMENT_3D ( 'NONE', #1019, #2392, #3794 ) ;
#868 = ORIENTED_EDGE ( 'NONE', *, *, #248, .T. ) ;
#869 = PRODUCT_DEFINITION_SHAPE ( 'NONE', 'NONE',  #4523 ) ;
#870 = EDGE_CURVE ( 'NONE', #3701, #565, #3735, .T. ) ;
#871 = ITEM_DEFINED_TRANSFORMATION ( 'NONE', 'NONE', #1888,  #146 ) ;
#872 = VERTEX_POINT ( 'NONE', #4060 ) ;
#873 = LINE ( 'NONE', #1944, #2375 ) ;
#874 = CARTESIAN_POINT ( 'NONE',  ( -3.950000000000000178, 3.415000000000000480, 1.700000000000002398 ) ) ;
#875 = ORIENTED_EDGE ( 'NONE', *, *, #650, .T. ) ;
#876 = LINE ( 'NONE', #2987, #4417 ) ;
#877 = DIRECTION ( 'NONE',  ( 1.000000000000000000, 1.133806193448894034E-15, 0.000000000000000000 ) ) ;
#878 = DIRECTION ( 'NONE',  ( -6.776263578034403699E-16, 1.000000000000000000, -0.000000000000000000 ) ) ;
#879 = ORIENTED_EDGE ( 'NONE', *, *, #1451, .T. ) ;
#880 = ORIENTED_EDGE ( 'NONE', *, *, #230, .T. ) ;
#881 = EDGE_CURVE ( 'NONE', #4505, #4409, #1210, .T. ) ;
#882 = CARTESIAN_POINT ( 'NONE',  ( 1.850000000000001421, -3.851859888774471706E-31, 6.699999999999999289 ) ) ;
#883 = DIRECTION ( 'NONE',  ( 1.000000000000000000, -0.000000000000000000, -0.000000000000000000 ) ) ;
#884 = CARTESIAN_POINT ( 'NONE',  ( 4.350000000000001421, -0.7999999999999994893, 0.7750000000000005773 ) ) ;
#885 = FACE_OUTER_BOUND ( 'NONE', #3090, .T. ) ;
#886 = APPLICATION_CONTEXT ( 'automotive_design' ) ;
#887 = DIRECTION ( 'NONE',  ( 8.482755383749666166E-16, -1.000000000000000000, 0.000000000000000000 ) ) ;
#888 = LINE ( 'NONE', #1965, #2102 ) ;
#889 = ORIENTED_EDGE ( 'NONE', *, *, #962, .T. ) ;
#890 = ORIENTED_EDGE ( 'NONE', *, *, #2598, .F. ) ;
#891 = DIRECTION ( 'NONE',  ( 0.000000000000000000, 0.000000000000000000, 1.000000000000000000 ) ) ;
#892 = DIRECTION ( 'NONE',  ( -1.000000000000000000, -1.133806193448894034E-15, 0.000000000000000000 ) ) ;
#893 = EDGE_LOOP ( 'NONE', ( #3474, #3855, #2299, #583 ) ) ;
#894 = LINE ( 'NONE', #225, #2957 ) ;
#895 = LINE ( 'NONE', #4043, #3329 ) ;
#896 = CARTESIAN_POINT ( 'NONE',  ( -2.180000000000000160, 1.680000000000000160, 5.799999999999999822 ) ) ;
#897 = EDGE_LOOP ( 'NONE', ( #1245, #1757, #2568, #3113 ) ) ;
#898 = ORIENTED_EDGE ( 'NONE', *, *, #3896, .T. ) ;
#899 = EDGE_CURVE ( 'NONE', #2478, #2193, #2230, .T. ) ;
#900 = DIRECTION ( 'NONE',  ( 1.000000000000000000, 6.776263578034410601E-16, 0.000000000000000000 ) ) ;
#901 = AXIS2_PLACEMENT_3D ( 'NONE', #2851, #725, #3473 ) ;
#902 = DIRECTION ( 'NONE',  ( 0.000000000000000000, -0.000000000000000000, -1.000000000000000000 ) ) ;
#903 = ADVANCED_FACE ( 'NONE', ( #4397 ), #939, .F. ) ;
#904 = VECTOR ( 'NONE', #2281, 1000.000000000000000 ) ;
#905 = DIRECTION ( 'NONE',  ( 6.776263578034403699E-16, -1.000000000000000000, 0.000000000000000000 ) ) ;
#906 = DIRECTION ( 'NONE',  ( 1.000000000000000000, 6.776263578034410601E-16, 0.000000000000000000 ) ) ;
#907 = LINE ( 'NONE', #1548, #4448 ) ;
#908 = AXIS2_PLACEMENT_3D ( 'NONE', #2483, #3946, #2158 ) ;
#909 = VERTEX_POINT ( 'NONE', #912 ) ;
#910 = ORIENTED_EDGE ( 'NONE', *, *, #2125, .F. ) ;
#911 = ADVANCED_FACE ( 'NONE', ( #4015 ), #2246, .T. ) ;
#912 = CARTESIAN_POINT ( 'NONE',  ( -2.819999999999999840, 2.319999999999999840, 5.799999999999999822 ) ) ;
#913 = DIRECTION ( 'NONE',  ( 0.000000000000000000, -1.000000000000000000, 0.000000000000000000 ) ) ;
#914 = AXIS2_PLACEMENT_3D ( 'NONE', #269, #877, #528 ) ;
#915 = EDGE_LOOP ( 'NONE', ( #2389, #3536, #4374, #419 ) ) ;
#916 = APPLICATION_CONTEXT ( 'automotive_design' ) ;
#917 = DIRECTION ( 'NONE',  ( 7.623296525288704038E-16, -1.000000000000000000, 0.000000000000000000 ) ) ;
#918 = DIRECTION ( 'NONE',  ( 0.000000000000000000, 7.885106708985490266E-17, -1.000000000000000000 ) ) ;
#919 = DIRECTION ( 'NONE',  ( -1.000000000000000000, 0.000000000000000000, 0.000000000000000000 ) ) ;
#920 = AXIS2_PLACEMENT_3D ( 'NONE', #2520, #408, #753 ) ;
#921 = VERTEX_POINT ( 'NONE', #241 ) ;
#922 = ADVANCED_FACE ( 'NONE', ( #1620 ), #1236, .T. ) ;
#923 = VERTEX_POINT ( 'NONE', #557 ) ;
#924 = EDGE_CURVE ( 'NONE', #2854, #4063, #873, .T. ) ;
#925 = DIRECTION ( 'NONE',  ( -1.000000000000000000, -0.000000000000000000, -0.000000000000000000 ) ) ;
#926 = VECTOR ( 'NONE', #2915, 1000.000000000000000 ) ;
#927 = CARTESIAN_POINT ( 'NONE',  ( 0.2128203230275509950, 1.787179676972449949, 6.200000000000000178 ) ) ;
#928 = VERTEX_POINT ( 'NONE', #1875 ) ;
#929 =( LENGTH_UNIT ( ) NAMED_UNIT ( * ) SI_UNIT ( .MILLI., .METRE. ) );
#930 = AXIS2_PLACEMENT_3D ( 'NONE', #1481, #1828, #60 ) ;
#931 = DIRECTION ( 'NONE',  ( 0.000000000000000000, 1.000000000000000000, 0.000000000000000000 ) ) ;
#932 = EDGE_CURVE ( 'NONE', #3714, #95, #3275, .T. ) ;
#933 = CARTESIAN_POINT ( 'NONE',  ( 10.00000000000000178, 2.600000000000000533, 5.818181818181818343 ) ) ;
#934 = AXIS2_PLACEMENT_3D ( 'NONE', #2557, #863, #3959 ) ;
#935 = VERTEX_POINT ( 'NONE', #523 ) ;
#936 = CARTESIAN_POINT ( 'NONE',  ( -2.819999999999999840, 1.680000000000000160, 6.200000000000000178 ) ) ;
#937 = VERTEX_POINT ( 'NONE', #1902 ) ;
#938 = VECTOR ( 'NONE', #1432, 1000.000000000000000 ) ;
#939 = PLANE ( 'NONE',  #982 ) ;
#940 = EDGE_CURVE ( 'NONE', #3252, #1116, #3298, .T. ) ;
#941 = DIRECTION ( 'NONE',  ( 0.5000000000000001110, 0.8660254037844384856, 0.000000000000000000 ) ) ;
#942 = VERTEX_POINT ( 'NONE', #642 ) ;
#943 = PLANE ( 'NONE',  #1191 ) ;
#944 = LINE ( 'NONE', #1561, #2669 ) ;
#945 = PLANE ( 'NONE',  #3635 ) ;
#946 = CARTESIAN_POINT ( 'NONE',  ( 4.679999999999999716, 1.680000000000000604, 0.7750000000000004663 ) ) ;
#947 = ORIENTED_EDGE ( 'NONE', *, *, #1181, .T. ) ;
#948 = LINE ( 'NONE', #3747, #378 ) ;
#949 = ORIENTED_EDGE ( 'NONE', *, *, #3642, .T. ) ;
#950 =( NAMED_UNIT ( * ) PLANE_ANGLE_UNIT ( ) SI_UNIT ( $, .RADIAN. ) );
#951 = CARTESIAN_POINT ( 'NONE',  ( -2.179999999999999716, 1.680000000000000604, 2.200000000000001510 ) ) ;
#952 = CARTESIAN_POINT ( 'NONE',  ( -2.500000000000000000, 0.9000000000000009104, 6.700000000000001066 ) ) ;
#953 = ORIENTED_EDGE ( 'NONE', *, *, #1214, .F. ) ;
#954 = EDGE_CURVE ( 'NONE', #473, #928, #1004, .T. ) ;
#955 = VERTEX_POINT ( 'NONE', #4445 ) ;
#956 = DIRECTION ( 'NONE',  ( -0.000000000000000000, 0.000000000000000000, 1.000000000000000000 ) ) ;
#957 = DIRECTION ( 'NONE',  ( 0.000000000000000000, 0.000000000000000000, 1.000000000000000000 ) ) ;
#958 = LINE ( 'NONE', #1048, #1220 ) ;
#959 = ORIENTED_EDGE ( 'NONE', *, *, #1683, .T. ) ;
#960 = ORIENTED_EDGE ( 'NONE', *, *, #1873, .F. ) ;
#961 = VERTEX_POINT ( 'NONE', #2407 ) ;
#962 = EDGE_CURVE ( 'NONE', #2147, #3685, #1641, .T. ) ;
#963 = SURFACE_STYLE_USAGE ( .BOTH. , #3831 ) ;
#964 = CARTESIAN_POINT ( 'NONE',  ( 10.00000000000000178, 2.200000000000000622, 0.7000000000000006217 ) ) ;
#965 = CARTESIAN_POINT ( 'NONE',  ( -2.180000000000000160, -1.682206405693955187, -0.1380604982206407871 ) ) ;
#966 = DIRECTION ( 'NONE',  ( -0.9659258262890692004, -6.545367995765413064E-16, -0.2588190451025175753 ) ) ;
#967 = DIRECTION ( 'NONE',  ( -0.000000000000000000, 0.000000000000000000, 1.000000000000000000 ) ) ;
#968 = EDGE_LOOP ( 'NONE', ( #2499, #44, #2882, #3353 ) ) ;
#969 = EDGE_CURVE ( 'NONE', #3085, #320, #3758, .T. ) ;
#970 = CARTESIAN_POINT ( 'NONE',  ( -5.000000000000000000, 2.900000000000000355, 4.486010460552367185 ) ) ;
#971 = ADVANCED_FACE ( 'NONE', ( #3782 ), #1348, .F. ) ;
#972 = CARTESIAN_POINT ( 'NONE',  ( 7.180000000000002380, 1.680000000000000604, 0.7750000000000004663 ) ) ;
#973 = VERTEX_POINT ( 'NONE', #1371 ) ;
#974 = DIRECTION ( 'NONE',  ( -6.776263578034410601E-16, 1.000000000000000000, 0.000000000000000000 ) ) ;
#975 = VECTOR ( 'NONE', #1580, 1000.000000000000000 ) ;
#976 = FACE_OUTER_BOUND ( 'NONE', #4200, .T. ) ;
#977 = EDGE_CURVE ( 'NONE', #3627, #2866, #1029, .T. ) ;
#978 = CARTESIAN_POINT ( 'NONE',  ( -2.712820323027549829, 1.787179676972449949, 6.200000000000000178 ) ) ;
#979 = ORIENTED_EDGE ( 'NONE', *, *, #4242, .F. ) ;
#980 = CARTESIAN_POINT ( 'NONE',  ( 1.250000000000000000, 1.300000000000000933, 6.700000000000001066 ) ) ;
#981 = LINE ( 'NONE', #3156, #2982 ) ;
#982 = AXIS2_PLACEMENT_3D ( 'NONE', #2611, #1532, #4327 ) ;
#983 = ORIENTED_EDGE ( 'NONE', *, *, #2195, .F. ) ;
#984 = ORIENTED_EDGE ( 'NONE', *, *, #1302, .T. ) ;
#985 = CARTESIAN_POINT ( 'NONE',  ( 10.00000000000000178, 4.200000000000000178, 5.900000000000000355 ) ) ;
#986 = CARTESIAN_POINT ( 'NONE',  ( 5.000000000000000000, 4.200000000000000178, 0.7000000000000006217 ) ) ;
#987 = LINE ( 'NONE', #340, #1643 ) ;
#988 = VECTOR ( 'NONE', #2338, 1000.000000000000000 ) ;
#989 = CARTESIAN_POINT ( 'NONE',  ( 5.000000000000000000, 2.200000000000000622, 2.200000000000001510 ) ) ;
#990 = LINE ( 'NONE', #2388, #278 ) ;
#991 = EDGE_CURVE ( 'NONE', #3178, #3497, #2700, .T. ) ;
#992 = ORIENTED_EDGE ( 'NONE', *, *, #409, .F. ) ;
#993 = AXIS2_PLACEMENT_3D ( 'NONE', #2383, #3116, #2793 ) ;
#994 = PLANE ( 'NONE',  #1524 ) ;
#995 = VECTOR ( 'NONE', #2795, 1000.000000000000000 ) ;
#996 = DIRECTION ( 'NONE',  ( -1.000000000000000000, -0.000000000000000000, -0.000000000000000000 ) ) ;
#997 = ORIENTED_EDGE ( 'NONE', *, *, #2594, .F. ) ;
#998 = LINE ( 'NONE', #615, #4491 ) ;
#999 = DIRECTION ( 'NONE',  ( 1.000000000000000000, 0.000000000000000000, 0.000000000000000000 ) ) ;
#1000 = ORIENTED_EDGE ( 'NONE', *, *, #3657, .F. ) ;
#1001 = VECTOR ( 'NONE', #2727, 1000.000000000000114 ) ;
#1002 = DIRECTION ( 'NONE',  ( -1.000000000000000000, -6.776263578034410601E-16, 0.000000000000000000 ) ) ;
#1003 = EDGE_LOOP ( 'NONE', ( #1585, #619, #3601, #168 ) ) ;
#1004 = LINE ( 'NONE', #620, #2968 ) ;
#1005 = AXIS2_PLACEMENT_3D ( 'NONE', #4346, #2607, #3663 ) ;
#1006 = LINE ( 'NONE', #1694, #2539 ) ;
#1007 = VECTOR ( 'NONE', #2647, 1000.000000000000000 ) ;
#1008 = ORIENTED_EDGE ( 'NONE', *, *, #3161, .T. ) ;
#1009 = ORIENTED_EDGE ( 'NONE', *, *, #612, .T. ) ;
#1010 = AXIS2_PLACEMENT_3D ( 'NONE', #4028, #4296, #209 ) ;
#1011 = CARTESIAN_POINT ( 'NONE',  ( 7.180000000000002380, 1.680000000000000604, -1.499999999999998668 ) ) ;
#1012 = DIRECTION ( 'NONE',  ( -0.000000000000000000, -0.000000000000000000, 1.000000000000000000 ) ) ;
#1013 = DIRECTION ( 'NONE',  ( 0.2505628070857285339, -0.9351131265310311802, -0.2505628070857275347 ) ) ;
#1014 = CARTESIAN_POINT ( 'NONE',  ( 1.850000000000000977, 4.200000000000000178, 0.7750000000000005773 ) ) ;
#1015 = ORIENTED_EDGE ( 'NONE', *, *, #2614, .T. ) ;
#1016 = CARTESIAN_POINT ( 'NONE',  ( 6.019059892324150063, 0.9000000000000009104, 6.700000000000001066 ) ) ;
#1017 = VECTOR ( 'NONE', #4111, 1000.000000000000000 ) ;
#1018 = ORIENTED_EDGE ( 'NONE', *, *, #323, .T. ) ;
#1019 = CARTESIAN_POINT ( 'NONE',  ( 5.320000000000000284, 2.320000000000000284, -1.499999999999998668 ) ) ;
#1020 = DIRECTION ( 'NONE',  ( 0.000000000000000000, 4.697390108261552570E-32, -1.000000000000000000 ) ) ;
#1021 = ORIENTED_EDGE ( 'NONE', *, *, #4232, .F. ) ;
#1022 = EDGE_CURVE ( 'NONE', #4309, #600, #4186, .T. ) ;
#1023 = LINE ( 'NONE', #2007, #2445 ) ;
#1024 = ORIENTED_EDGE ( 'NONE', *, *, #650, .F. ) ;
#1025 = DIRECTION ( 'NONE',  ( 6.909131491329194381E-16, -1.000000000000000000, 0.000000000000000000 ) ) ;
#1026 = ORIENTED_EDGE ( 'NONE', *, *, #458, .F. ) ;
#1027 = LINE ( 'NONE', #1277, #1665 ) ;
#1028 = EDGE_LOOP ( 'NONE', ( #3973, #215, #879, #3000 ) ) ;
#1029 = LINE ( 'NONE', #3438, #2009 ) ;
#1030 = EDGE_CURVE ( 'NONE', #2001, #2854, #3110, .T. ) ;
#1031 = DIRECTION ( 'NONE',  ( -1.000000000000000000, 0.000000000000000000, 0.000000000000000000 ) ) ;
#1032 = EDGE_LOOP ( 'NONE', ( #1455, #1791, #1360, #3762 ) ) ;
#1033 = VERTEX_POINT ( 'NONE', #2056 ) ;
#1034 = DIRECTION ( 'NONE',  ( 0.000000000000000000, 0.2588190451025154659, -0.9659258262890697555 ) ) ;
#1035 = DIRECTION ( 'NONE',  ( 1.000000000000000000, 6.776263578034410601E-16, 1.094764425253764066E-47 ) ) ;
#1036 = DIRECTION ( 'NONE',  ( -1.000000000000000000, 0.000000000000000000, -2.448946564213094778E-32 ) ) ;
#1037 = CARTESIAN_POINT ( 'NONE',  ( 10.00000000000000178, 0.000000000000000000, 0.000000000000000000 ) ) ;
#1038 = CARTESIAN_POINT ( 'NONE',  ( 1.480940107675850381, 0.9000000000000009104, 6.700000000000001066 ) ) ;
#1039 = ORIENTED_EDGE ( 'NONE', *, *, #4221, .T. ) ;
#1040 = FACE_OUTER_BOUND ( 'NONE', #4330, .T. ) ;
#1041 = ORIENTED_EDGE ( 'NONE', *, *, #932, .T. ) ;
#1042 = PLANE ( 'NONE',  #3838 ) ;
#1043 = DIRECTION ( 'NONE',  ( -1.000000000000000000, -5.929230630780103360E-16, 0.000000000000000000 ) ) ;
#1044 = ADVANCED_FACE ( 'NONE', ( #2081 ), #3041, .F. ) ;
#1045 = LINE ( 'NONE', #56, #938 ) ;
#1046 = ORIENTED_EDGE ( 'NONE', *, *, #4418, .T. ) ;
#1047 = CARTESIAN_POINT ( 'NONE',  ( 6.019059892324150951, 0.9000000000000010214, 6.700000000000001066 ) ) ;
#1048 = CARTESIAN_POINT ( 'NONE',  ( -3.950000000000000178, 1.500000000000000444, 5.700000000000001066 ) ) ;
#1049 = VECTOR ( 'NONE', #3047, 1000.000000000000000 ) ;
#1050 = ORIENTED_EDGE ( 'NONE', *, *, #1598, .T. ) ;
#1051 = ORIENTED_EDGE ( 'NONE', *, *, #3444, .F. ) ;
#1052 = EDGE_CURVE ( 'NONE', #748, #2850, #287, .T. ) ;
#1053 = LINE ( 'NONE', #389, #1869 ) ;
#1054 = DIRECTION ( 'NONE',  ( 0.000000000000000000, -1.000000000000000000, 0.000000000000000000 ) ) ;
#1055 = CARTESIAN_POINT ( 'NONE',  ( -2.819999999999999840, -1.100000000000000089, 0.7025000000000000133 ) ) ;
#1056 = DIRECTION ( 'NONE',  ( -1.000000000000000000, -0.000000000000000000, -0.000000000000000000 ) ) ;
#1057 = DIRECTION ( 'NONE',  ( 0.000000000000000000, -0.08715574274765434948, -0.9961946980917458783 ) ) ;
#1058 = VECTOR ( 'NONE', #3318, 1000.000000000000114 ) ;
#1059 = VERTEX_POINT ( 'NONE', #4467 ) ;
#1060 = PRESENTATION_STYLE_ASSIGNMENT (( #1770 ) ) ;
#1061 = UNCERTAINTY_MEASURE_WITH_UNIT (LENGTH_MEASURE( 1.000000000000000082E-05 ), #781, 'distance_accuracy_value', 'NONE');
#1062 = EDGE_CURVE ( 'NONE', #4286, #4166, #2379, .T. ) ;
#1063 = VECTOR ( 'NONE', #3026, 1000.000000000000000 ) ;
#1064 = ORIENTED_EDGE ( 'NONE', *, *, #3257, .F. ) ;
#1065 = VECTOR ( 'NONE', #4145, 1000.000000000000000 ) ;
#1066 = DIRECTION ( 'NONE',  ( 0.000000000000000000, -0.000000000000000000, -1.000000000000000000 ) ) ;
#1067 = PLANE ( 'NONE',  #3052 ) ;
#1068 = CIRCLE ( 'NONE', #3115, 0.3800000000000000044 ) ;
#1069 = CARTESIAN_POINT ( 'NONE',  ( -2.180000000000000160, -3.200000000000000178, 0.2128203230275514946 ) ) ;
#1070 = ORIENTED_EDGE ( 'NONE', *, *, #639, .T. ) ;
#1071 = FACE_OUTER_BOUND ( 'NONE', #1103, .T. ) ;
#1072 = PLANE ( 'NONE',  #1811 ) ;
#1073 = VECTOR ( 'NONE', #4119, 1000.000000000000000 ) ;
#1074 = ORIENTED_EDGE ( 'NONE', *, *, #7, .F. ) ;
#1075 = VERTEX_POINT ( 'NONE', #1047 ) ;
#1076 = DIRECTION ( 'NONE',  ( 7.132909029509897436E-16, -1.000000000000000000, 0.000000000000000000 ) ) ;
#1077 = VECTOR ( 'NONE', #4517, 1000.000000000000000 ) ;
#1078 = EDGE_CURVE ( 'NONE', #1725, #668, #261, .T. ) ;
#1079 = PLANE ( 'NONE',  #908 ) ;
#1080 = VECTOR ( 'NONE', #1892, 1000.000000000000227 ) ;
#1081 = DIRECTION ( 'NONE',  ( -1.000000000000000000, -1.141265444721579961E-15, 0.000000000000000000 ) ) ;
#1082 = DIRECTION ( 'NONE',  ( 0.000000000000000000, 0.000000000000000000, -1.000000000000000000 ) ) ;
#1083 = VECTOR ( 'NONE', #1198, 1000.000000000000114 ) ;
#1084 = EDGE_LOOP ( 'NONE', ( #260, #228, #1531, #206, #111, #2739, #3149, #1051, #229, #2345, #2362, #4385, #2313, #804, #3884, #3171 ) ) ;
#1085 = SHAPE_REPRESENTATION_RELATIONSHIP ( 'NONE' , 'NONE' ,  #2237, #1441 ) ;
#1086 = AXIS2_PLACEMENT_3D ( 'NONE', #433, #4303, #1163 ) ;
#1087 = CARTESIAN_POINT ( 'NONE',  ( -0.3199999999999999512, 2.320000000000000284, -1.499999999999998668 ) ) ;
#1088 = ORIENTED_EDGE ( 'NONE', *, *, #3361, .F. ) ;
#1089 = PLANE ( 'NONE',  #2073 ) ;
#1090 = LINE ( 'NONE', #1841, #2686 ) ;
#1091 = FACE_OUTER_BOUND ( 'NONE', #63, .T. ) ;
#1092 = ORIENTED_EDGE ( 'NONE', *, *, #639, .F. ) ;
#1093 = SURFACE_STYLE_USAGE ( .BOTH. , #3507 ) ;
#1094 = EDGE_CURVE ( 'NONE', #16, #842, #4167, .T. ) ;
#1095 = ORIENTED_EDGE ( 'NONE', *, *, #2537, .F. ) ;
#1096 = ORIENTED_EDGE ( 'NONE', *, *, #2256, .T. ) ;
#1097 = FACE_OUTER_BOUND ( 'NONE', #3265, .T. ) ;
#1098 = DIRECTION ( 'NONE',  ( 0.000000000000000000, 0.000000000000000000, -1.000000000000000000 ) ) ;
#1099 = DIRECTION ( 'NONE',  ( 1.000000000000000000, 0.000000000000000000, 2.891205793294671128E-15 ) ) ;
#1100 = CARTESIAN_POINT ( 'NONE',  ( 3.750000000000000000, 1.300000000000000933, 6.700000000000001066 ) ) ;
#1101 = DIRECTION ( 'NONE',  ( -0.000000000000000000, 0.000000000000000000, 1.000000000000000000 ) ) ;
#1102 = EDGE_CURVE ( 'NONE', #3714, #3929, #1306, .T. ) ;
#1103 = EDGE_LOOP ( 'NONE', ( #1772, #3850, #4084, #2729 ) ) ;
#1104 = LINE ( 'NONE', #2184, #481 ) ;
#1105 = ORIENTED_EDGE ( 'NONE', *, *, #1062, .F. ) ;
#1106 = ORIENTED_EDGE ( 'NONE', *, *, #4311, .F. ) ;
#1107 = ORIENTED_EDGE ( 'NONE', *, *, #2262, .F. ) ;
#1108 = EDGE_CURVE ( 'NONE', #1406, #83, #4118, .T. ) ;
#1109 = DIRECTION ( 'NONE',  ( -1.000000000000000000, 0.000000000000000000, 0.000000000000000000 ) ) ;
#1110 = EDGE_CURVE ( 'NONE', #1305, #4227, #1792, .T. ) ;
#1111 = CARTESIAN_POINT ( 'NONE',  ( 0.3200000000000000067, 1.680000000000000160, 5.799999999999999822 ) ) ;
#1112 = DIRECTION ( 'NONE',  ( 0.000000000000000000, 0.000000000000000000, -1.000000000000000000 ) ) ;
#1113 = EDGE_LOOP ( 'NONE', ( #3676, #352, #3320, #3853 ) ) ;
#1114 = LINE ( 'NONE', #1846, #1956 ) ;
#1115 = EDGE_CURVE ( 'NONE', #1673, #2045, #2449, .T. ) ;
#1116 = VERTEX_POINT ( 'NONE', #707 ) ;
#1117 = ADVANCED_FACE ( 'NONE', ( #385 ), #2129, .F. ) ;
#1118 = DIRECTION ( 'NONE',  ( 0.000000000000000000, -1.000000000000000000, 0.000000000000000000 ) ) ;
#1119 = CARTESIAN_POINT ( 'NONE',  ( -2.180000000000000160, 1.300000000000000044, 0.6999999999999999556 ) ) ;
#1120 = DIRECTION ( 'NONE',  ( -6.776263578034400740E-16, 1.000000000000000000, 0.000000000000000000 ) ) ;
#1121 = AXIS2_PLACEMENT_3D ( 'NONE', #2049, #594, #281 ) ;
#1122 = VERTEX_POINT ( 'NONE', #1434 ) ;
#1123 = DIRECTION ( 'NONE',  ( 1.000000000000000000, 0.000000000000000000, 0.000000000000000000 ) ) ;
#1124 = EDGE_CURVE ( 'NONE', #1383, #2854, #749, .T. ) ;
#1125 = CARTESIAN_POINT ( 'NONE',  ( 7.820000000000002061, 1.680000000000000604, 0.7750000000000004663 ) ) ;
#1126 = ORIENTED_EDGE ( 'NONE', *, *, #3232, .F. ) ;
#1127 = AXIS2_PLACEMENT_3D ( 'NONE', #2564, #3596, #1466 ) ;
#1128 = VERTEX_POINT ( 'NONE', #4238 ) ;
#1129 = ADVANCED_FACE ( 'NONE', ( #1071 ), #3912, .F. ) ;
#1130 = AXIS2_PLACEMENT_3D ( 'NONE', #1906, #3304, #4020 ) ;
#1131 = DIRECTION ( 'NONE',  ( -1.000000000000000000, -0.000000000000000000, -0.000000000000000000 ) ) ;
#1132 = ADVANCED_FACE ( 'NONE', ( #2171 ), #3572, .F. ) ;
#1133 = CARTESIAN_POINT ( 'NONE',  ( 3.519059892324149619, 0.9000000000000009104, 6.700000000000001066 ) ) ;
#1134 = ORIENTED_EDGE ( 'NONE', *, *, #3605, .F. ) ;
#1135 = MANIFOLD_SOLID_BREP ( 'NONE', #3854 ) ;
#1136 = FACE_OUTER_BOUND ( 'NONE', #2231, .T. ) ;
#1137 = VECTOR ( 'NONE', #718, 1000.000000000000000 ) ;
#1138 = EDGE_CURVE ( 'NONE', #1564, #1782, #55, .T. ) ;
#1139 = DIRECTION ( 'NONE',  ( -1.000000000000000000, -0.000000000000000000, -0.000000000000000000 ) ) ;
#1140 = EDGE_CURVE ( 'NONE', #3316, #2488, #2880, .T. ) ;
#1141 = VECTOR ( 'NONE', #2745, 1000.000000000000000 ) ;
#1142 = ORIENTED_EDGE ( 'NONE', *, *, #1749, .T. ) ;
#1143 = CARTESIAN_POINT ( 'NONE',  ( 2.180000000000000160, 2.320000000000000284, -1.499999999999998668 ) ) ;
#1144 = DIRECTION ( 'NONE',  ( 0.2505628070857290335, 0.2505628070857265910, -0.9351131265310312912 ) ) ;
#1145 = DIRECTION ( 'NONE',  ( 0.000000000000000000, -0.7071067811865476838, -0.7071067811865474617 ) ) ;
#1146 = CARTESIAN_POINT ( 'NONE',  ( 8.950000000000002842, 2.600000000000000533, 5.281818181818181301 ) ) ;
#1147 = CARTESIAN_POINT ( 'NONE',  ( 0.3200000000000004508, 1.680000000000000604, -1.499999999999998668 ) ) ;
#1148 = ORIENTED_EDGE ( 'NONE', *, *, #264, .T. ) ;
#1149 = AXIS2_PLACEMENT_3D ( 'NONE', #4266, #3967, #3205 ) ;
#1150 = SURFACE_SIDE_STYLE ('',( #2507 ) ) ;
#1151 = PLANE ( 'NONE',  #2800 ) ;
#1152 = ORIENTED_EDGE ( 'NONE', *, *, #3022, .T. ) ;
#1153 = VECTOR ( 'NONE', #3082, 1000.000000000000000 ) ;
#1154 = ORIENTED_EDGE ( 'NONE', *, *, #1783, .T. ) ;
#1155 = VECTOR ( 'NONE', #2023, 1000.000000000000000 ) ;
#1156 = DIRECTION ( 'NONE',  ( 0.000000000000000000, 0.000000000000000000, -1.000000000000000000 ) ) ;
#1157 = PLANE ( 'NONE',  #3127 ) ;
#1158 = ADVANCED_FACE ( 'NONE', ( #1136 ), #1805, .F. ) ;
#1159 = PLANE ( 'NONE',  #934 ) ;
#1160 = LINE ( 'NONE', #1204, #4000 ) ;
#1161 = CARTESIAN_POINT ( 'NONE',  ( 0.6500000000000010214, 0.000000000000000000, 0.7000000000000003997 ) ) ;
#1162 = ORIENTED_EDGE ( 'NONE', *, *, #4030, .T. ) ;
#1163 = DIRECTION ( 'NONE',  ( 1.000000000000000000, 0.000000000000000000, 0.000000000000000000 ) ) ;
#1164 = EDGE_CURVE ( 'NONE', #2454, #1170, #3591, .T. ) ;
#1165 = ORIENTED_EDGE ( 'NONE', *, *, #446, .T. ) ;
#1166 = EDGE_CURVE ( 'NONE', #1948, #4164, #471, .T. ) ;
#1167 = LINE ( 'NONE', #754, #266 ) ;
#1168 = LINE ( 'NONE', #2565, #2243 ) ;
#1169 = LINE ( 'NONE', #3579, #926 ) ;
#1170 = VERTEX_POINT ( 'NONE', #2151 ) ;
#1171 = FILL_AREA_STYLE_COLOUR ( '', #4159 ) ;
#1172 = DIRECTION ( 'NONE',  ( -0.000000000000000000, 1.000000000000000000, 0.000000000000000000 ) ) ;
#1173 = ORIENTED_EDGE ( 'NONE', *, *, #3152, .F. ) ;
#1174 = VERTEX_POINT ( 'NONE', #2835 ) ;
#1175 = FACE_OUTER_BOUND ( 'NONE', #2792, .T. ) ;
#1176 = DIRECTION ( 'NONE',  ( 1.000000000000000000, 0.000000000000000000, 0.000000000000000000 ) ) ;
#1177 = FACE_OUTER_BOUND ( 'NONE', #1711, .T. ) ;
#1178 = ORIENTED_EDGE ( 'NONE', *, *, #3745, .T. ) ;
#1179 = FACE_OUTER_BOUND ( 'NONE', #1941, .T. ) ;
#1180 = ORIENTED_EDGE ( 'NONE', *, *, #2346, .T. ) ;
#1181 = EDGE_CURVE ( 'NONE', #2109, #4333, #3894, .T. ) ;
#1182 = LINE ( 'NONE', #3015, #2985 ) ;
#1183 = VERTEX_POINT ( 'NONE', #1845 ) ;
#1184 = ORIENTED_EDGE ( 'NONE', *, *, #1415, .F. ) ;
#1185 = CARTESIAN_POINT ( 'NONE',  ( -2.819999999999999840, -1.100000000000000089, -0.3200000000000000067 ) ) ;
#1186 = DIRECTION ( 'NONE',  ( -1.000000000000000000, -0.000000000000000000, -0.000000000000000000 ) ) ;
#1187 = PRODUCT_DEFINITION_SHAPE ( 'NONE', 'NONE',  #1342 ) ;
#1188 = ORIENTED_EDGE ( 'NONE', *, *, #1709, .T. ) ;
#1189 = VECTOR ( 'NONE', #4251, 1000.000000000000000 ) ;
#1190 = DIRECTION ( 'NONE',  ( -6.746146851020910014E-16, 1.000000000000000000, -3.614007241618344826E-17 ) ) ;
#1191 = AXIS2_PLACEMENT_3D ( 'NONE', #2681, #3322, #1950 ) ;
#1192 = CARTESIAN_POINT ( 'NONE',  ( 8.950000000000002842, 2.700000000000000622, 2.200000000000001510 ) ) ;
#1193 = DIRECTION ( 'NONE',  ( -0.000000000000000000, 1.000000000000000000, -0.000000000000000000 ) ) ;
#1194 = ORIENTED_EDGE ( 'NONE', *, *, #3796, .F. ) ;
#1195 = ADVANCED_FACE ( 'NONE', ( #3198 ), #84, .F. ) ;
#1196 = ORIENTED_EDGE ( 'NONE', *, *, #1094, .T. ) ;
#1197 = EDGE_CURVE ( 'NONE', #3101, #1919, #1528, .T. ) ;
#1198 = DIRECTION ( 'NONE',  ( -0.5000000000000002220, 0.8660254037844384856, -0.000000000000000000 ) ) ;
#1199 = EDGE_CURVE ( 'NONE', #240, #4207, #2930, .T. ) ;
#1200 = DIRECTION ( 'NONE',  ( 6.776263578034400740E-16, -1.000000000000000000, 0.000000000000000000 ) ) ;
#1201 = ORIENTED_EDGE ( 'NONE', *, *, #1915, .T. ) ;
#1202 = AXIS2_PLACEMENT_3D ( 'NONE', #980, #2354, #3389 ) ;
#1203 = CARTESIAN_POINT ( 'NONE',  ( 0.3200000000000035594, -2.799999999999999822, -0.3200000000000000067 ) ) ;
#1204 = CARTESIAN_POINT ( 'NONE',  ( -0.3199999999999999512, 2.320000000000000284, 2.200000000000001510 ) ) ;
#1205 = CARTESIAN_POINT ( 'NONE',  ( -3.149999999999999023, 4.200000000000000178, 0.7750000000000005773 ) ) ;
#1206 = AXIS2_PLACEMENT_3D ( 'NONE', #2105, #1758, #3219 ) ;
#1207 = CARTESIAN_POINT ( 'NONE',  ( 0.6000000000000015321, 2.200000000000000178, 5.700000000000001066 ) ) ;
#1208 = ORIENTED_EDGE ( 'NONE', *, *, #940, .T. ) ;
#1209 = ORIENTED_EDGE ( 'NONE', *, *, #1138, .T. ) ;
#1210 = LINE ( 'NONE', #1577, #3843 ) ;
#1211 = DIRECTION ( 'NONE',  ( -1.000000000000000000, -0.000000000000000000, -0.000000000000000000 ) ) ;
#1212 = VECTOR ( 'NONE', #4371, 1000.000000000000000 ) ;
#1213 = ORIENTED_EDGE ( 'NONE', *, *, #1571, .F. ) ;
#1214 = EDGE_CURVE ( 'NONE', #3350, #1632, #1868, .T. ) ;
#1215 = DIRECTION ( 'NONE',  ( 1.000000000000000000, -0.000000000000000000, -0.000000000000000000 ) ) ;
#1216 = DIRECTION ( 'NONE',  ( 0.000000000000000000, 0.8195010613515445463, -0.5730776652807995086 ) ) ;
#1217 = FACE_OUTER_BOUND ( 'NONE', #4302, .T. ) ;
#1218 = VECTOR ( 'NONE', #2753, 1000.000000000000114 ) ;
#1219 = ORIENTED_EDGE ( 'NONE', *, *, #2065, .F. ) ;
#1220 = VECTOR ( 'NONE', #3828, 1000.000000000000000 ) ;
#1221 = DIRECTION ( 'NONE',  ( -1.000000000000000000, -1.141265444721579961E-15, 0.000000000000000000 ) ) ;
#1222 = AXIS2_PLACEMENT_3D ( 'NONE', #4339, #2261, #549 ) ;
#1223 = CARTESIAN_POINT ( 'NONE',  ( -3.800000000000000266, 0.000000000000000000, -1.499999999999998224 ) ) ;
#1224 = CARTESIAN_POINT ( 'NONE',  ( 1.250000000000000000, 1.300000000000000933, 2.200000000000001510 ) ) ;
#1225 = ORIENTED_EDGE ( 'NONE', *, *, #3381, .T. ) ;
#1226 = VECTOR ( 'NONE', #2192, 1000.000000000000000 ) ;
#1227 = CARTESIAN_POINT ( 'NONE',  ( 4.679999999999999716, 1.680000000000000604, -1.499999999999998668 ) ) ;
#1228 = CARTESIAN_POINT ( 'NONE',  ( -2.180000000000000160, -3.200000000000000178, -0.3200000000000000067 ) ) ;
#1229 = PRESENTATION_LAYER_ASSIGNMENT (  '', '', ( #2480 ) ) ;
#1230 = CARTESIAN_POINT ( 'NONE',  ( -0.3199999999999999512, 2.320000000000000284, 2.200000000000001510 ) ) ;
#1231 = DIRECTION ( 'NONE',  ( 0.000000000000000000, 0.000000000000000000, -1.000000000000000000 ) ) ;
#1232 = ORIENTED_EDGE ( 'NONE', *, *, #3604, .F. ) ;
#1233 = PRODUCT_DEFINITION_SHAPE ( 'NONE', 'NONE',  #4521 ) ;
#1234 = DIRECTION ( 'NONE',  ( 1.000000000000000000, 0.000000000000000000, 0.000000000000000000 ) ) ;
#1235 = VERTEX_POINT ( 'NONE', #4473 ) ;
#1236 = PLANE ( 'NONE',  #1565 ) ;
#1237 = DIRECTION ( 'NONE',  ( -1.000000000000000000, -8.482755383749670111E-16, 0.000000000000000000 ) ) ;
#1238 = EDGE_CURVE ( 'NONE', #828, #565, #3786, .T. ) ;
#1239 = ORIENTED_EDGE ( 'NONE', *, *, #1894, .F. ) ;
#1240 = CARTESIAN_POINT ( 'NONE',  ( -2.180000000000000160, -3.200000000000000178, -0.3200000000000000067 ) ) ;
#1241 = CARTESIAN_POINT ( 'NONE',  ( -0.6499999999999986899, -3.851859888774471706E-31, 6.699999999999999289 ) ) ;
#1242 = FACE_OUTER_BOUND ( 'NONE', #3709, .T. ) ;
#1243 = ORIENTED_EDGE ( 'NONE', *, *, #2332, .F. ) ;
#1244 = EDGE_CURVE ( 'NONE', #2109, #560, #2724, .T. ) ;
#1245 = ORIENTED_EDGE ( 'NONE', *, *, #1831, .T. ) ;
#1246 = VERTEX_POINT ( 'NONE', #604 ) ;
#1247 = CARTESIAN_POINT ( 'NONE',  ( 1.200000000000001510, 0.000000000000000000, 0.7000000000000006217 ) ) ;
#1248 = LINE ( 'NONE', #1728, #3724 ) ;
#1249 = EDGE_CURVE ( 'NONE', #1948, #624, #2412, .T. ) ;
#1250 = DIRECTION ( 'NONE',  ( -2.448946564213094778E-32, 3.614007241618344826E-17, 1.000000000000000000 ) ) ;
#1251 = CARTESIAN_POINT ( 'NONE',  ( -2.819999999999999840, 2.320000000000000284, -1.499999999999998668 ) ) ;
#1252 = LINE ( 'NONE', #3682, #2472 ) ;
#1253 = DIRECTION ( 'NONE',  ( 1.000000000000000000, 0.000000000000000000, 0.000000000000000000 ) ) ;
#1254 = ORIENTED_EDGE ( 'NONE', *, *, #4306, .F. ) ;
#1255 = ORIENTED_EDGE ( 'NONE', *, *, #3361, .T. ) ;
#1256 = DIRECTION ( 'NONE',  ( 0.000000000000000000, -1.000000000000000000, -0.000000000000000000 ) ) ;
#1257 = ADVANCED_FACE ( 'NONE', ( #1311 ), #2019, .F. ) ;
#1258 = CARTESIAN_POINT ( 'NONE',  ( -1.250000000000000000, 1.300000000000000933, 6.700000000000001066 ) ) ;
#1259 = ADVANCED_FACE ( 'NONE', ( #1334 ), #4123, .T. ) ;
#1260 = ORIENTED_EDGE ( 'NONE', *, *, #836, .T. ) ;
#1261 = CARTESIAN_POINT ( 'NONE',  ( 7.820000000000002061, 2.320000000000000284, 2.200000000000001510 ) ) ;
#1262 = CARTESIAN_POINT ( 'NONE',  ( -4.400000000000000355, 0.9000000000000004663, 6.700000000000001066 ) ) ;
#1263 = LINE ( 'NONE', #3324, #3787 ) ;
#1264 = EDGE_LOOP ( 'NONE', ( #4235, #133, #603, #3091 ) ) ;
#1265 = MANIFOLD_SOLID_BREP ( 'Boss-Extrude6', #3260 ) ;
#1266 = ADVANCED_FACE ( 'NONE', ( #313 ), #1697, .F. ) ;
#1267 = PRODUCT_DEFINITION_SHAPE ( 'NONE', 'NONE',  #4522 ) ;
#1268 = VECTOR ( 'NONE', #3393, 1000.000000000000000 ) ;
#1269 = DIRECTION ( 'NONE',  ( -0.000000000000000000, -0.000000000000000000, 1.000000000000000000 ) ) ;
#1270 = ORIENTED_EDGE ( 'NONE', *, *, #3264, .T. ) ;
#1271 = DIRECTION ( 'NONE',  ( 1.000000000000000000, 0.000000000000000000, 0.000000000000000000 ) ) ;
#1272 = EDGE_CURVE ( 'NONE', #2121, #1183, #3779, .T. ) ;
#1273 = DIRECTION ( 'NONE',  ( 1.000000000000000000, -0.000000000000000000, -0.000000000000000000 ) ) ;
#1274 = DIRECTION ( 'NONE',  ( -1.000000000000000000, -6.776263578034403699E-16, 0.000000000000000000 ) ) ;
#1275 = EDGE_CURVE ( 'NONE', #1513, #2869, #2086, .T. ) ;
#1276 = VERTEX_POINT ( 'NONE', #4190 ) ;
#1277 = CARTESIAN_POINT ( 'NONE',  ( 10.99082632030006224, 4.200000000000000178, 1.700000000000001954 ) ) ;
#1278 = ORIENTED_EDGE ( 'NONE', *, *, #2986, .T. ) ;
#1279 = EDGE_CURVE ( 'NONE', #2326, #1406, #3464, .T. ) ;
#1280 = DIRECTION ( 'NONE',  ( 1.000000000000000000, 0.000000000000000000, 0.000000000000000000 ) ) ;
#1281 = CARTESIAN_POINT ( 'NONE',  ( 1.019059892324150063, 0.9000000000000010214, 6.700000000000001066 ) ) ;
#1282 = CIRCLE ( 'NONE', #3849, 1.022499999999999964 ) ;
#1283 = ORIENTED_EDGE ( 'NONE', *, *, #2364, .T. ) ;
#1284 = VECTOR ( 'NONE', #3269, 1000.000000000000000 ) ;
#1285 = FACE_OUTER_BOUND ( 'NONE', #4102, .T. ) ;
#1286 = CARTESIAN_POINT ( 'NONE',  ( 2.180000000000000160, 1.680000000000000604, 2.200000000000001510 ) ) ;
#1287 = PLANE ( 'NONE',  #2612 ) ;
#1288 = AXIS2_PLACEMENT_3D ( 'NONE', #3814, #2797, #3835 ) ;
#1289 = ORIENTED_EDGE ( 'NONE', *, *, #480, .T. ) ;
#1290 = EDGE_LOOP ( 'NONE', ( #3999, #2310, #2929, #3930 ) ) ;
#1291 = DIRECTION ( 'NONE',  ( 0.000000000000000000, 0.000000000000000000, -1.000000000000000000 ) ) ;
#1292 = VECTOR ( 'NONE', #2092, 1000.000000000000000 ) ;
#1293 = ADVANCED_FACE ( 'NONE', ( #2358 ), #2336, .F. ) ;
#1294 = DIRECTION ( 'NONE',  ( 0.000000000000000000, -2.710505431213761085E-16, 1.000000000000000000 ) ) ;
#1295 = ORIENTED_EDGE ( 'NONE', *, *, #2432, .T. ) ;
#1296 = VECTOR ( 'NONE', #3384, 1000.000000000000000 ) ;
#1297 = LINE ( 'NONE', #1662, #1705 ) ;
#1298 = VECTOR ( 'NONE', #174, 1000.000000000000000 ) ;
#1299 = LINE ( 'NONE', #1367, #510 ) ;
#1300 = CARTESIAN_POINT ( 'NONE',  ( 8.150000000000002132, 4.200000000000000178, 0.7000000000000003997 ) ) ;
#1301 = VECTOR ( 'NONE', #3290, 1000.000000000000000 ) ;
#1302 = EDGE_CURVE ( 'NONE', #85, #4333, #3485, .T. ) ;
#1303 = ORIENTED_EDGE ( 'NONE', *, *, #4030, .F. ) ;
#1304 = CARTESIAN_POINT ( 'NONE',  ( -0.3199999999999999512, 2.320000000000000284, 0.7750000000000004663 ) ) ;
#1305 = VERTEX_POINT ( 'NONE', #3739 ) ;
#1306 = LINE ( 'NONE', #358, #432 ) ;
#1307 = CARTESIAN_POINT ( 'NONE',  ( -3.949999999999999734, 2.900000000000000355, 5.900000000000000355 ) ) ;
#1308 = LINE ( 'NONE', #4016, #72 ) ;
#1309 = ORIENTED_EDGE ( 'NONE', *, *, #1783, .F. ) ;
#1310 = EDGE_CURVE ( 'NONE', #2289, #1953, #1676, .T. ) ;
#1311 = FACE_OUTER_BOUND ( 'NONE', #2934, .T. ) ;
#1312 = PLANE ( 'NONE',  #3321 ) ;
#1313 = LINE ( 'NONE', #1336, #995 ) ;
#1314 = ADVANCED_FACE ( 'NONE', ( #1785 ), #3203, .T. ) ;
#1315 = DIRECTION ( 'NONE',  ( -1.000000000000000000, 0.000000000000000000, -0.000000000000000000 ) ) ;
#1316 = PLANE ( 'NONE',  #3940 ) ;
#1317 = VERTEX_POINT ( 'NONE', #2175 ) ;
#1318 = LINE ( 'NONE', #3401, #758 ) ;
#1319 = ADVANCED_FACE ( 'NONE', ( #3553 ), #1810, .F. ) ;
#1320 = LINE ( 'NONE', #3795, #3551 ) ;
#1321 = ORIENTED_EDGE ( 'NONE', *, *, #3638, .T. ) ;
#1322 = LINE ( 'NONE', #2373, #112 ) ;
#1323 = CARTESIAN_POINT ( 'NONE',  ( 2.819999999999999840, 2.320000000000000284, 0.7750000000000004663 ) ) ;
#1324 = CARTESIAN_POINT ( 'NONE',  ( -4.400000000000000355, 0.000000000000000000, 0.000000000000000000 ) ) ;
#1325 = CONTEXT_DEPENDENT_SHAPE_REPRESENTATION ( #4228, #3975 ) ;
#1326 = VERTEX_POINT ( 'NONE', #3223 ) ;
#1327 = ADVANCED_FACE ( 'NONE', ( #799 ), #734, .F. ) ;
#1328 = DIRECTION ( 'NONE',  ( 0.3779644730092270866, -0.6546536707079770867, 0.6546536707079771977 ) ) ;
#1329 = CARTESIAN_POINT ( 'NONE',  ( 0.2128203230275555191, -3.200000000000000178, -0.2128203230275514946 ) ) ;
#1330 = APPLICATION_CONTEXT ( 'automotive_design' ) ;
#1331 = ORIENTED_EDGE ( 'NONE', *, *, #3841, .F. ) ;
#1332 = ORIENTED_EDGE ( 'NONE', *, *, #4086, .T. ) ;
#1333 = ADVANCED_BREP_SHAPE_REPRESENTATION ( '', ( #2653, #146 ), #3279 ) ;
#1334 = FACE_OUTER_BOUND ( 'NONE', #3057, .T. ) ;
#1335 = PLANE ( 'NONE',  #1350 ) ;
#1336 = CARTESIAN_POINT ( 'NONE',  ( 10.00000000000000178, -3.851859888774471706E-31, 6.699999999999999289 ) ) ;
#1337 = CARTESIAN_POINT ( 'NONE',  ( 1.850000000000000977, 4.200000000000000178, 0.7000000000000005107 ) ) ;
#1338 = CARTESIAN_POINT ( 'NONE',  ( 3.750000000000000000, 1.300000000000000933, 2.200000000000001510 ) ) ;
#1339 = ORIENTED_EDGE ( 'NONE', *, *, #4345, .F. ) ;
#1340 = LINE ( 'NONE', #2734, #559 ) ;
#1341 = ORIENTED_EDGE ( 'NONE', *, *, #1749, .F. ) ;
#1342 = PRODUCT_DEFINITION ( 'UNKNOWN', '', #2623, #2799 ) ;
#1343 = LINE ( 'NONE', #4074, #414 ) ;
#1344 = CARTESIAN_POINT ( 'NONE',  ( 4.679999999999999716, 2.320000000000000284, 0.7750000000000004663 ) ) ;
#1345 = DIRECTION ( 'NONE',  ( 0.2505628070857285339, -0.9351131265310311802, -0.2505628070857275347 ) ) ;
#1346 = CONTEXT_DEPENDENT_SHAPE_REPRESENTATION ( #3670, #869 ) ;
#1347 = ORIENTED_EDGE ( 'NONE', *, *, #2080, .F. ) ;
#1348 = PLANE ( 'NONE',  #1202 ) ;
#1349 = LINE ( 'NONE', #3509, #3931 ) ;
#1350 = AXIS2_PLACEMENT_3D ( 'NONE', #1698, #1054, #1355 ) ;
#1351 = ORIENTED_EDGE ( 'NONE', *, *, #524, .F. ) ;
#1352 = ORIENTED_EDGE ( 'NONE', *, *, #3578, .T. ) ;
#1353 = DIRECTION ( 'NONE',  ( 1.000000000000000000, -0.000000000000000000, -0.000000000000000000 ) ) ;
#1354 = AXIS2_PLACEMENT_3D ( 'NONE', #1501, #4260, #1413 ) ;
#1355 = DIRECTION ( 'NONE',  ( 0.000000000000000000, -0.000000000000000000, -1.000000000000000000 ) ) ;
#1356 = DIRECTION ( 'NONE',  ( 1.000000000000000000, 6.776263578034400740E-16, 0.000000000000000000 ) ) ;
#1357 = AXIS2_PLACEMENT_3D ( 'NONE', #613, #1294, #4133 ) ;
#1358 = CARTESIAN_POINT ( 'NONE',  ( -2.180000000000000160, -2.700000000000000178, 0.3200000000000000067 ) ) ;
#1359 = ADVANCED_FACE ( 'NONE', ( #454, #1440 ), #2455, .F. ) ;
#1360 = ORIENTED_EDGE ( 'NONE', *, *, #3234, .F. ) ;
#1361 = LINE ( 'NONE', #2823, #2642 ) ;
#1362 = VECTOR ( 'NONE', #4174, 1000.000000000000000 ) ;
#1363 = ORIENTED_EDGE ( 'NONE', *, *, #2432, .F. ) ;
#1364 = AXIS2_PLACEMENT_3D ( 'NONE', #3479, #1737, #3827 ) ;
#1365 = CARTESIAN_POINT ( 'NONE',  ( 5.000000000000000000, -3.851859888774471706E-31, 6.699999999999999289 ) ) ;
#1366 = VERTEX_POINT ( 'NONE', #3945 ) ;
#1367 = CARTESIAN_POINT ( 'NONE',  ( 0.3200000000000000067, 1.300000000000000044, 0.3200000000000000067 ) ) ;
#1368 = AXIS2_PLACEMENT_3D ( 'NONE', #1603, #913, #198 ) ;
#1369 = DIRECTION ( 'NONE',  ( 0.000000000000000000, 0.9647638212377326328, -0.2631174057921069065 ) ) ;
#1370 = ORIENTED_EDGE ( 'NONE', *, *, #1598, .F. ) ;
#1371 = CARTESIAN_POINT ( 'NONE',  ( 10.00000000000000178, 2.900000000000000355, 4.486010460552367185 ) ) ;
#1372 = VECTOR ( 'NONE', #3175, 1000.000000000000000 ) ;
#1373 = PLANE ( 'NONE',  #438 ) ;
#1374 = ORIENTED_EDGE ( 'NONE', *, *, #4129, .T. ) ;
#1375 = ORIENTED_EDGE ( 'NONE', *, *, #2029, .T. ) ;
#1376 = CARTESIAN_POINT ( 'NONE',  ( -2.180000000000000160, 1.300000000000000044, 0.6999999999999999556 ) ) ;
#1377 = EDGE_CURVE ( 'NONE', #320, #3096, #4244, .T. ) ;
#1378 = CYLINDRICAL_SURFACE ( 'NONE', #2898, 1.022499999999999964 ) ;
#1379 = CARTESIAN_POINT ( 'NONE',  ( -1.250000000000000000, 1.300000000000000933, 2.200000000000001510 ) ) ;
#1380 = LINE ( 'NONE', #2779, #3185 ) ;
#1381 = PRESENTATION_LAYER_ASSIGNMENT (  '', '', ( #2406 ) ) ;
#1382 = VECTOR ( 'NONE', #1630, 1000.000000000000000 ) ;
#1383 = VERTEX_POINT ( 'NONE', #3898 ) ;
#1384 = EDGE_CURVE ( 'NONE', #3593, #1761, #4280, .T. ) ;
#1385 = CARTESIAN_POINT ( 'NONE',  ( 3.980940107675849493, 0.9000000000000004663, 2.200000000000001510 ) ) ;
#1386 = VERTEX_POINT ( 'NONE', #2884 ) ;
#1387 = CARTESIAN_POINT ( 'NONE',  ( 0.6000000000000015321, 1.500000000000000444, 2.200000000000001510 ) ) ;
#1388 = DIRECTION ( 'NONE',  ( 0.000000000000000000, 0.000000000000000000, -1.000000000000000000 ) ) ;
#1389 = ADVANCED_FACE ( 'NONE', ( #1097 ), #3879, .F. ) ;
#1390 = FACE_OUTER_BOUND ( 'NONE', #4050, .T. ) ;
#1391 = ORIENTED_EDGE ( 'NONE', *, *, #1078, .T. ) ;
#1392 = DIRECTION ( 'NONE',  ( -6.776263578034400740E-16, 1.000000000000000000, 0.000000000000000000 ) ) ;
#1393 = LINE ( 'NONE', #2082, #1077 ) ;
#1394 = VERTEX_POINT ( 'NONE', #3531 ) ;
#1395 = ORIENTED_EDGE ( 'NONE', *, *, #3595, .F. ) ;
#1396 = DIRECTION ( 'NONE',  ( -0.2588190451025175753, 0.9659258262890692004, 0.000000000000000000 ) ) ;
#1397 = EDGE_CURVE ( 'NONE', #872, #2816, #2541, .T. ) ;
#1398 = DIRECTION ( 'NONE',  ( -0.000000000000000000, -0.000000000000000000, 1.000000000000000000 ) ) ;
#1399 = LINE ( 'NONE', #1521, #2091 ) ;
#1400 = EDGE_CURVE ( 'NONE', #1116, #2422, #2841, .T. ) ;
#1401 = CARTESIAN_POINT ( 'NONE',  ( 10.00000000000000178, 2.600000000000000533, 5.281818181818181301 ) ) ;
#1402 = VERTEX_POINT ( 'NONE', #2134 ) ;
#1403 = LINE ( 'NONE', #4518, #4215 ) ;
#1404 = ORIENTED_EDGE ( 'NONE', *, *, #345, .F. ) ;
#1405 = DIRECTION ( 'NONE',  ( 0.000000000000000000, 0.000000000000000000, -1.000000000000000000 ) ) ;
#1406 = VERTEX_POINT ( 'NONE', #3180 ) ;
#1407 = DIRECTION ( 'NONE',  ( -1.000000000000000000, -6.776263578034410601E-16, 0.000000000000000000 ) ) ;
#1408 = CARTESIAN_POINT ( 'NONE',  ( -3.800000000000000266, 1.600000000000000089, -1.499999999999998224 ) ) ;
#1409 = EDGE_CURVE ( 'NONE', #1174, #109, #1068, .T. ) ;
#1410 = DIRECTION ( 'NONE',  ( 1.000000000000000000, 0.000000000000000000, 0.000000000000000000 ) ) ;
#1411 = VECTOR ( 'NONE', #1190, 1000.000000000000000 ) ;
#1412 = ORIENTED_EDGE ( 'NONE', *, *, #1451, .F. ) ;
#1413 = DIRECTION ( 'NONE',  ( 1.000000000000000000, 0.000000000000000000, -0.000000000000000000 ) ) ;
#1414 = PLANE ( 'NONE',  #930 ) ;
#1415 = EDGE_CURVE ( 'NONE', #641, #3902, #65, .T. ) ;
#1416 = ORIENTED_EDGE ( 'NONE', *, *, #1889, .T. ) ;
#1417 = ORIENTED_EDGE ( 'NONE', *, *, #2549, .F. ) ;
#1418 = VECTOR ( 'NONE', #3077, 1000.000000000000000 ) ;
#1419 = DIRECTION ( 'NONE',  ( 5.929230630780103360E-16, -1.000000000000000000, 0.000000000000000000 ) ) ;
#1420 = DIRECTION ( 'NONE',  ( -1.000000000000000000, -6.776263578034400740E-16, 0.000000000000000000 ) ) ;
#1421 = AXIS2_PLACEMENT_3D ( 'NONE', #3618, #735, #3181 ) ;
#1422 = LINE ( 'NONE', #317, #4289 ) ;
#1423 = CARTESIAN_POINT ( 'NONE',  ( -5.000000000000000000, 2.900000000000000355, 4.486010460552367185 ) ) ;
#1424 = VECTOR ( 'NONE', #3919, 1000.000000000000000 ) ;
#1425 = ORIENTED_EDGE ( 'NONE', *, *, #370, .T. ) ;
#1426 = DIRECTION ( 'NONE',  ( 0.000000000000000000, 0.000000000000000000, -1.000000000000000000 ) ) ;
#1427 = VERTEX_POINT ( 'NONE', #2911 ) ;
#1428 = AXIS2_PLACEMENT_3D ( 'NONE', #1143, #2156, #1419 ) ;
#1429 = LINE ( 'NONE', #1799, #2801 ) ;
#1430 = DIRECTION ( 'NONE',  ( -0.000000000000000000, 0.000000000000000000, -1.000000000000000000 ) ) ;
#1431 = AXIS2_PLACEMENT_3D ( 'NONE', #3765, #3045, #3418 ) ;
#1432 = DIRECTION ( 'NONE',  ( -0.000000000000000000, -0.000000000000000000, 1.000000000000000000 ) ) ;
#1433 = ORIENTED_EDGE ( 'NONE', *, *, #102, .F. ) ;
#1434 = CARTESIAN_POINT ( 'NONE',  ( 0.3200000000000000067, 2.319999999999999840, 5.799999999999999822 ) ) ;
#1435 = EDGE_CURVE ( 'NONE', #4166, #1461, #1053, .T. ) ;
#1436 = LINE ( 'NONE', #2837, #1880 ) ;
#1437 = VECTOR ( 'NONE', #674, 1000.000000000000000 ) ;
#1438 = ORIENTED_EDGE ( 'NONE', *, *, #4221, .F. ) ;
#1439 = ORIENTED_EDGE ( 'NONE', *, *, #2688, .T. ) ;
#1440 = FACE_OUTER_BOUND ( 'NONE', #897, .T. ) ;
#1441 = ADVANCED_BREP_SHAPE_REPRESENTATION ( '', ( #1135, #146 ), #1819 ) ;
#1442 = VECTOR ( 'NONE', #2107, 1000.000000000000000 ) ;
#1443 = CARTESIAN_POINT ( 'NONE',  ( -2.180000000000000160, 1.300000000000000044, -0.3200000000000000067 ) ) ;
#1444 = AXIS2_PLACEMENT_3D ( 'NONE', #4393, #2672, #1898 ) ;
#1445 = CARTESIAN_POINT ( 'NONE',  ( -3.149999999999999023, -3.851859888774471706E-31, 6.699999999999999289 ) ) ;
#1446 = DIRECTION ( 'NONE',  ( -1.000000000000000000, 0.000000000000000000, 0.000000000000000000 ) ) ;
#1447 = VECTOR ( 'NONE', #1913, 1000.000000000000000 ) ;
#1448 = EDGE_CURVE ( 'NONE', #2108, #1587, #2482, .T. ) ;
#1449 = ORIENTED_EDGE ( 'NONE', *, *, #845, .T. ) ;
#1450 =( NAMED_UNIT ( * ) SI_UNIT ( $, .STERADIAN. ) SOLID_ANGLE_UNIT ( ) );
#1451 = EDGE_CURVE ( 'NONE', #2488, #4240, #415, .T. ) ;
#1452 = CARTESIAN_POINT ( 'NONE',  ( 0.000000000000000000, 0.9000000000000009104, 6.700000000000001066 ) ) ;
#1453 = VERTEX_POINT ( 'NONE', #1724 ) ;
#1454 = STYLED_ITEM ( 'NONE', ( #657 ), #2653 ) ;
#1455 = ORIENTED_EDGE ( 'NONE', *, *, #2495, .T. ) ;
#1456 = CARTESIAN_POINT ( 'NONE',  ( -3.950000000000000178, 1.500000000000000444, 5.700000000000001066 ) ) ;
#1457 = EDGE_CURVE ( 'NONE', #3616, #1953, #3702, .T. ) ;
#1458 = CARTESIAN_POINT ( 'NONE',  ( -2.819999999999999840, -2.799999999999999822, 0.3200000000000000067 ) ) ;
#1459 = DIRECTION ( 'NONE',  ( 0.000000000000000000, 0.000000000000000000, 1.000000000000000000 ) ) ;
#1460 = CARTESIAN_POINT ( 'NONE',  ( 8.150000000000002132, 4.200000000000000178, 0.7000000000000003997 ) ) ;
#1461 = VERTEX_POINT ( 'NONE', #3882 ) ;
#1462 = DIRECTION ( 'NONE',  ( -1.000000000000000000, 0.000000000000000000, 0.000000000000000000 ) ) ;
#1463 = ORIENTED_EDGE ( 'NONE', *, *, #1030, .F. ) ;
#1464 = EDGE_CURVE ( 'NONE', #1689, #3210, #45, .T. ) ;
#1465 = CARTESIAN_POINT ( 'NONE',  ( 0.3200000000000000067, 2.319999999999999840, 0.6999999999999999556 ) ) ;
#1466 = DIRECTION ( 'NONE',  ( 0.000000000000000000, 0.000000000000000000, -1.000000000000000000 ) ) ;
#1467 = PLANE ( 'NONE',  #4436 ) ;
#1468 = CARTESIAN_POINT ( 'NONE',  ( -1.849999999999998979, 4.200000000000000178, 0.7000000000000003997 ) ) ;
#1469 = DIRECTION ( 'NONE',  ( -0.000000000000000000, 1.000000000000000000, 0.000000000000000000 ) ) ;
#1470 =( GEOMETRIC_REPRESENTATION_CONTEXT ( 3 ) GLOBAL_UNCERTAINTY_ASSIGNED_CONTEXT ( ( #2067 ) ) GLOBAL_UNIT_ASSIGNED_CONTEXT ( ( #3099, #4503, #3166 ) ) REPRESENTATION_CONTEXT ( 'NONE', 'WORKASPACE' ) );
#1471 = ORIENTED_EDGE ( 'NONE', *, *, #2953, .F. ) ;
#1472 = DIRECTION ( 'NONE',  ( 0.000000000000000000, 0.000000000000000000, 1.000000000000000000 ) ) ;
#1473 = CARTESIAN_POINT ( 'NONE',  ( -0.3200000000000000067, 1.300000000000000044, 0.6999999999999999556 ) ) ;
#1474 = ORIENTED_EDGE ( 'NONE', *, *, #137, .F. ) ;
#1475 = ORIENTED_EDGE ( 'NONE', *, *, #2556, .F. ) ;
#1476 = EDGE_CURVE ( 'NONE', #2479, #2648, #4194, .T. ) ;
#1477 = DIRECTION ( 'NONE',  ( -0.000000000000000000, -0.000000000000000000, -1.000000000000000000 ) ) ;
#1478 = CARTESIAN_POINT ( 'NONE',  ( 0.3200000000000000067, 1.300000000000000044, 0.6999999999999999556 ) ) ;
#1479 = ORIENTED_EDGE ( 'NONE', *, *, #2579, .T. ) ;
#1480 = DIRECTION ( 'NONE',  ( 0.000000000000000000, -0.000000000000000000, 1.000000000000000000 ) ) ;
#1481 = CARTESIAN_POINT ( 'NONE',  ( 0.3200000000000040590, -3.200000000000000178, 0.3200000000000000067 ) ) ;
#1482 = EDGE_LOOP ( 'NONE', ( #3481, #1655, #730, #3584 ) ) ;
#1483 = CARTESIAN_POINT ( 'NONE',  ( -3.800000000000000266, 0.000000000000000000, 0.7000000000000006217 ) ) ;
#1484 = LINE ( 'NONE', #126, #4201 ) ;
#1485 = DIRECTION ( 'NONE',  ( 0.000000000000000000, -4.697390108261552570E-32, 1.000000000000000000 ) ) ;
#1486 = VECTOR ( 'NONE', #4231, 1000.000000000000000 ) ;
#1487 = DIRECTION ( 'NONE',  ( 0.000000000000000000, -1.000000000000000000, 0.000000000000000000 ) ) ;
#1488 = VECTOR ( 'NONE', #1836, 999.9999999999998863 ) ;
#1489 = ORIENTED_EDGE ( 'NONE', *, *, #4352, .F. ) ;
#1490 = DIRECTION ( 'NONE',  ( -0.000000000000000000, -0.000000000000000000, -1.000000000000000000 ) ) ;
#1491 = EDGE_LOOP ( 'NONE', ( #1352, #1821, #3482, #1479 ) ) ;
#1492 = ADVANCED_FACE ( 'NONE', ( #1789 ), #3184, .F. ) ;
#1493 = ORIENTED_EDGE ( 'NONE', *, *, #4052, .T. ) ;
#1494 = VECTOR ( 'NONE', #3049, 1000.000000000000000 ) ;
#1495 = VECTOR ( 'NONE', #1625, 1000.000000000000000 ) ;
#1496 = CARTESIAN_POINT ( 'NONE',  ( -0.6499999999999991340, -0.7999999999999994893, 0.7750000000000005773 ) ) ;
#1497 = DIRECTION ( 'NONE',  ( 1.000000000000000000, -0.000000000000000000, -0.000000000000000000 ) ) ;
#1498 = DIRECTION ( 'NONE',  ( 0.000000000000000000, 5.524597057250977336E-16, 1.000000000000000000 ) ) ;
#1499 = DIRECTION ( 'NONE',  ( 0.000000000000000000, -7.885106708985490266E-17, 1.000000000000000000 ) ) ;
#1500 = EDGE_CURVE ( 'NONE', #1918, #2326, #2138, .T. ) ;
#1501 = CARTESIAN_POINT ( 'NONE',  ( 5.000000000000000000, 2.200000000000000622, 0.7000000000000006217 ) ) ;
#1502 = VECTOR ( 'NONE', #3535, 1000.000000000000114 ) ;
#1503 = DIRECTION ( 'NONE',  ( -1.000000000000000000, -0.000000000000000000, -0.000000000000000000 ) ) ;
#1504 = VECTOR ( 'NONE', #755, 1000.000000000000000 ) ;
#1505 = ORIENTED_EDGE ( 'NONE', *, *, #3130, .F. ) ;
#1506 = DIRECTION ( 'NONE',  ( 0.000000000000000000, 0.000000000000000000, 1.000000000000000000 ) ) ;
#1507 = CARTESIAN_POINT ( 'NONE',  ( -0.3199999999999965095, -2.799999999999999822, 0.3200000000000000067 ) ) ;
#1508 = DIRECTION ( 'NONE',  ( -1.000000000000000000, -0.000000000000000000, -0.000000000000000000 ) ) ;
#1509 = DIRECTION ( 'NONE',  ( 0.5000000000000001110, -0.8660254037844384856, 0.000000000000000000 ) ) ;
#1510 = VECTOR ( 'NONE', #4246, 1000.000000000000000 ) ;
#1511 = CARTESIAN_POINT ( 'NONE',  ( 5.650000000000001243, -1.068656249629502597E-31, 0.7750000000000004663 ) ) ;
#1512 = PLANE ( 'NONE',  #1519 ) ;
#1513 = VERTEX_POINT ( 'NONE', #2094 ) ;
#1514 = VECTOR ( 'NONE', #1672, 1000.000000000000000 ) ;
#1515 = VECTOR ( 'NONE', #2505, 1000.000000000000000 ) ;
#1516 = LINE ( 'NONE', #2942, #2222 ) ;
#1517 = ORIENTED_EDGE ( 'NONE', *, *, #940, .F. ) ;
#1518 = AXIS2_PLACEMENT_3D ( 'NONE', #1324, #329, #3107 ) ;
#1519 = AXIS2_PLACEMENT_3D ( 'NONE', #2523, #1101, #3922 ) ;
#1520 = ORIENTED_EDGE ( 'NONE', *, *, #3991, .T. ) ;
#1521 = CARTESIAN_POINT ( 'NONE',  ( 9.400000000000002132, 2.200000000000000178, 6.700000000000001066 ) ) ;
#1522 = EDGE_CURVE ( 'NONE', #937, #1033, #4150, .T. ) ;
#1523 = PLANE ( 'NONE',  #1594 ) ;
#1524 = AXIS2_PLACEMENT_3D ( 'NONE', #3537, #3188, #1727 ) ;
#1525 = ORIENTED_EDGE ( 'NONE', *, *, #1181, .F. ) ;
#1526 = LINE ( 'NONE', #2263, #1301 ) ;
#1527 = CARTESIAN_POINT ( 'NONE',  ( -5.000000000000000000, 1.600000000000000089, -1.499999999999998002 ) ) ;
#1528 = LINE ( 'NONE', #2559, #3255 ) ;
#1529 = CARTESIAN_POINT ( 'NONE',  ( -2.180000000000000160, 1.680000000000000160, 0.6999999999999999556 ) ) ;
#1530 = ORIENTED_EDGE ( 'NONE', *, *, #924, .T. ) ;
#1531 = ORIENTED_EDGE ( 'NONE', *, *, #3122, .F. ) ;
#1532 = DIRECTION ( 'NONE',  ( 0.000000000000000000, -0.7071067811865476838, -0.7071067811865474617 ) ) ;
#1533 = CARTESIAN_POINT ( 'NONE',  ( 7.180000000000002380, 1.680000000000000604, 2.200000000000001510 ) ) ;
#1534 = ORIENTED_EDGE ( 'NONE', *, *, #1115, .T. ) ;
#1535 = ORIENTED_EDGE ( 'NONE', *, *, #4027, .T. ) ;
#1536 = EDGE_CURVE ( 'NONE', #109, #2535, #4127, .T. ) ;
#1537 = ADVANCED_FACE ( 'NONE', ( #394 ), #368, .F. ) ;
#1538 = PLANE ( 'NONE',  #901 ) ;
#1539 = DIRECTION ( 'NONE',  ( -1.000000000000000000, -1.133806193448892061E-15, 0.000000000000000000 ) ) ;
#1540 = ORIENTED_EDGE ( 'NONE', *, *, #262, .T. ) ;
#1541 = ORIENTED_EDGE ( 'NONE', *, *, #2806, .F. ) ;
#1542 = CARTESIAN_POINT ( 'NONE',  ( -2.819999999999999840, 2.320000000000000284, 0.7750000000000004663 ) ) ;
#1543 = CARTESIAN_POINT ( 'NONE',  ( -3.950000000000000178, 2.200000000000000622, 2.200000000000001510 ) ) ;
#1544 = VERTEX_POINT ( 'NONE', #3145 ) ;
#1545 = DIRECTION ( 'NONE',  ( -1.133806193448893442E-15, 1.000000000000000000, 0.000000000000000000 ) ) ;
#1546 = DIRECTION ( 'NONE',  ( -6.776263578034400740E-16, 1.000000000000000000, 0.000000000000000000 ) ) ;
#1547 = FACE_OUTER_BOUND ( 'NONE', #968, .T. ) ;
#1548 = CARTESIAN_POINT ( 'NONE',  ( -3.949999999999999734, 2.900000000000000355, 4.486010460552367185 ) ) ;
#1549 = EDGE_CURVE ( 'NONE', #2869, #2696, #3164, .T. ) ;
#1550 = ORIENTED_EDGE ( 'NONE', *, *, #2922, .T. ) ;
#1551 = SHAPE_DEFINITION_REPRESENTATION ( #1187, #569 ) ;
#1552 = ORIENTED_EDGE ( 'NONE', *, *, #2224, .F. ) ;
#1553 = CARTESIAN_POINT ( 'NONE',  ( 6.480940107675851714, 0.9000000000000009104, 2.200000000000001510 ) ) ;
#1554 = EDGE_CURVE ( 'NONE', #1075, #3272, #2046, .T. ) ;
#1555 = DIRECTION ( 'NONE',  ( 0.000000000000000000, -0.8195010613515445463, 0.5730776652807995086 ) ) ;
#1556 = ORIENTED_EDGE ( 'NONE', *, *, #323, .F. ) ;
#1557 = EDGE_CURVE ( 'NONE', #526, #4143, #1403, .T. ) ;
#1558 = PRODUCT_DEFINITION_SHAPE ( 'NONE', 'NONE',  #4520 ) ;
#1559 = DIRECTION ( 'NONE',  ( -0.000000000000000000, 0.000000000000000000, 1.000000000000000000 ) ) ;
#1560 = VECTOR ( 'NONE', #3081, 1000.000000000000000 ) ;
#1561 = CARTESIAN_POINT ( 'NONE',  ( 8.950000000000002842, 4.200000000000000178, 1.700000000000001954 ) ) ;
#1562 = CARTESIAN_POINT ( 'NONE',  ( 5.320000000000000284, 2.320000000000000284, 2.200000000000001510 ) ) ;
#1563 = ORIENTED_EDGE ( 'NONE', *, *, #2944, .F. ) ;
#1564 = VERTEX_POINT ( 'NONE', #2116 ) ;
#1565 = AXIS2_PLACEMENT_3D ( 'NONE', #3986, #3687, #3001 ) ;
#1566 = CARTESIAN_POINT ( 'NONE',  ( 5.000000000000000000, 2.600000000000000533, 5.818181818181818343 ) ) ;
#1567 = LINE ( 'NONE', #4025, #2689 ) ;
#1568 = DIRECTION ( 'NONE',  ( -0.000000000000000000, 1.000000000000000000, -0.000000000000000000 ) ) ;
#1569 = EDGE_LOOP ( 'NONE', ( #2453, #1842, #4470, #2048 ) ) ;
#1571 = EDGE_CURVE ( 'NONE', #1406, #699, #69, .T. ) ;
#1570 = CARTESIAN_POINT ( 'NONE',  ( 1.850000000000000977, -0.7999999999999994893, 0.7000000000000005107 ) ) ;
#1572 = VECTOR ( 'NONE', #4225, 1000.000000000000000 ) ;
#1573 = CARTESIAN_POINT ( 'NONE',  ( -1.849999999999999201, 4.200000000000000178, 0.7750000000000005773 ) ) ;
#1574 = ORIENTED_EDGE ( 'NONE', *, *, #1115, .F. ) ;
#1575 = ORIENTED_EDGE ( 'NONE', *, *, #2842, .T. ) ;
#1576 = EDGE_CURVE ( 'NONE', #4471, #2001, #4220, .T. ) ;
#1577 = CARTESIAN_POINT ( 'NONE',  ( 4.350000000000001421, 4.200000000000000178, 0.7000000000000005107 ) ) ;
#1578 = FACE_OUTER_BOUND ( 'NONE', #2319, .T. ) ;
#1579 = ORIENTED_EDGE ( 'NONE', *, *, #3776, .T. ) ;
#1580 = DIRECTION ( 'NONE',  ( -1.000000000000000000, -0.000000000000000000, -0.000000000000000000 ) ) ;
#1581 = CARTESIAN_POINT ( 'NONE',  ( -3.800000000000000266, 0.000000000000000000, -1.499999999999998224 ) ) ;
#1582 = DIRECTION ( 'NONE',  ( 0.000000000000000000, -0.000000000000000000, 1.000000000000000000 ) ) ;
#1583 = ORIENTED_EDGE ( 'NONE', *, *, #2874, .F. ) ;
#1584 = EDGE_CURVE ( 'NONE', #668, #3096, #990, .T. ) ;
#1585 = ORIENTED_EDGE ( 'NONE', *, *, #4232, .T. ) ;
#1586 = VECTOR ( 'NONE', #3226, 1000.000000000000114 ) ;
#1587 = VERTEX_POINT ( 'NONE', #319 ) ;
#1588 = EDGE_CURVE ( 'NONE', #4275, #4185, #1380, .T. ) ;
#1589 = VECTOR ( 'NONE', #3475, 1000.000000000000000 ) ;
#1590 = CARTESIAN_POINT ( 'NONE',  ( -1.849999999999999201, -0.7999999999999994893, 0.7750000000000005773 ) ) ;
#1591 = AXIS2_PLACEMENT_3D ( 'NONE', #1815, #1469, #153 ) ;
#1592 = CARTESIAN_POINT ( 'NONE',  ( -2.819999999999999396, 1.680000000000000604, -1.499999999999998668 ) ) ;
#1593 = ORIENTED_EDGE ( 'NONE', *, *, #797, .F. ) ;
#1594 = AXIS2_PLACEMENT_3D ( 'NONE', #2341, #3743, #4456 ) ;
#1595 = ADVANCED_FACE ( 'NONE', ( #3949, #3251 ), #1512, .F. ) ;
#1596 = CARTESIAN_POINT ( 'NONE',  ( -2.180000000000000160, -3.200000000000000178, 0.2128203230275514946 ) ) ;
#1597 = DIRECTION ( 'NONE',  ( 0.000000000000000000, 0.2631174057921091269, 0.9647638212377320777 ) ) ;
#1598 = EDGE_CURVE ( 'NONE', #2696, #3272, #2939, .T. ) ;
#1599 = LINE ( 'NONE', #2997, #4010 ) ;
#1600 = ORIENTED_EDGE ( 'NONE', *, *, #508, .F. ) ;
#1601 = ORIENTED_EDGE ( 'NONE', *, *, #1244, .F. ) ;
#1602 = CARTESIAN_POINT ( 'NONE',  ( 3.519059892324149619, 0.9000000000000004663, 2.200000000000001510 ) ) ;
#1603 = CARTESIAN_POINT ( 'NONE',  ( -0.3199999999999996181, 1.680000000000000604, -1.499999999999998668 ) ) ;
#1604 = EDGE_CURVE ( 'NONE', #921, #3101, #777, .T. ) ;
#1605 = ORIENTED_EDGE ( 'NONE', *, *, #2537, .T. ) ;
#1606 = DIRECTION ( 'NONE',  ( 1.133806193448893442E-15, -1.000000000000000000, 0.000000000000000000 ) ) ;
#1607 = LINE ( 'NONE', #2619, #274 ) ;
#1608 = PLANE ( 'NONE',  #306 ) ;
#1609 = EDGE_CURVE ( 'NONE', #1918, #2207, #2567, .T. ) ;
#1610 = ORIENTED_EDGE ( 'NONE', *, *, #1476, .T. ) ;
#1612 = EDGE_CURVE ( 'NONE', #1276, #2488, #2181, .T. ) ;
#1611 = CARTESIAN_POINT ( 'NONE',  ( 10.00000000000000178, 2.900000000000000355, 5.900000000000000355 ) ) ;
#1613 = PLANE ( 'NONE',  #645 ) ;
#1614 = ORIENTED_EDGE ( 'NONE', *, *, #425, .F. ) ;
#1615 = LINE ( 'NONE', #3014, #1560 ) ;
#1616 = PLANE ( 'NONE',  #2101 ) ;
#1617 = ORIENTED_EDGE ( 'NONE', *, *, #2705, .T. ) ;
#1618 = CARTESIAN_POINT ( 'NONE',  ( 9.400000000000002132, 1.500000000000000444, 2.200000000000001510 ) ) ;
#1619 = VERTEX_POINT ( 'NONE', #3901 ) ;
#1620 = FACE_OUTER_BOUND ( 'NONE', #3520, .T. ) ;
#1621 = CARTESIAN_POINT ( 'NONE',  ( -2.287179676972449727, 1.787179676972449949, 6.200000000000000178 ) ) ;
#1622 = EDGE_LOOP ( 'NONE', ( #1278, #2666, #691, #3478 ) ) ;
#1623 = DIRECTION ( 'NONE',  ( -0.000000000000000000, -0.000000000000000000, 1.000000000000000000 ) ) ;
#1624 = EDGE_CURVE ( 'NONE', #2422, #3650, #1878, .T. ) ;
#1625 = DIRECTION ( 'NONE',  ( -0.000000000000000000, 1.000000000000000000, -0.000000000000000000 ) ) ;
#1626 = FACE_BOUND ( 'NONE', #1716, .T. ) ;
#1627 = VERTEX_POINT ( 'NONE', #3580 ) ;
#1628 = ORIENTED_EDGE ( 'NONE', *, *, #1415, .T. ) ;
#1629 = ADVANCED_FACE ( 'NONE', ( #3556 ), #436, .F. ) ;
#1630 = DIRECTION ( 'NONE',  ( 0.000000000000000000, -4.697390108261552570E-32, 1.000000000000000000 ) ) ;
#1631 = VECTOR ( 'NONE', #2618, 1000.000000000000000 ) ;
#1632 = VERTEX_POINT ( 'NONE', #2864 ) ;
#1633 = AXIS2_PLACEMENT_3D ( 'NONE', #3213, #1221, #1823 ) ;
#1634 = DIRECTION ( 'NONE',  ( 0.000000000000000000, -9.637352644315595243E-17, 1.000000000000000000 ) ) ;
#1635 = FACE_OUTER_BOUND ( 'NONE', #1032, .T. ) ;
#1636 = LINE ( 'NONE', #2306, #3500 ) ;
#1637 = EDGE_CURVE ( 'NONE', #646, #1122, #4329, .T. ) ;
#1638 = VECTOR ( 'NONE', #1508, 1000.000000000000000 ) ;
#1639 = ADVANCED_FACE ( 'NONE', ( #1834 ), #3227, .F. ) ;
#1640 = ORIENTED_EDGE ( 'NONE', *, *, #1078, .F. ) ;
#1641 = LINE ( 'NONE', #4100, #1790 ) ;
#1642 = CARTESIAN_POINT ( 'NONE',  ( 2.819999999999999840, 2.320000000000000284, 0.7750000000000004663 ) ) ;
#1643 = VECTOR ( 'NONE', #3142, 1000.000000000000000 ) ;
#1644 = ORIENTED_EDGE ( 'NONE', *, *, #3399, .T. ) ;
#1645 = COLOUR_RGB ( '',1.000000000000000000, 1.000000000000000000, 1.000000000000000000 ) ;
#1646 = DIRECTION ( 'NONE',  ( -0.9659258262890692004, -0.2588190451025175753, 0.000000000000000000 ) ) ;
#1647 = ADVANCED_FACE ( 'NONE', ( #2286 ), #4414, .F. ) ;
#1648 = CARTESIAN_POINT ( 'NONE',  ( -2.819999999999999840, 2.320000000000000284, 2.200000000000001510 ) ) ;
#1649 = DIRECTION ( 'NONE',  ( 0.4999999999999997780, 0.8660254037844388186, 0.000000000000000000 ) ) ;
#1650 = CARTESIAN_POINT ( 'NONE',  ( 2.820000000000000284, 1.680000000000000604, 2.200000000000001510 ) ) ;
#1651 = VECTOR ( 'NONE', #363, 1000.000000000000000 ) ;
#1652 = ORIENTED_EDGE ( 'NONE', *, *, #283, .F. ) ;
#1653 = LINE ( 'NONE', #2260, #1447 ) ;
#1654 = VECTOR ( 'NONE', #2533, 1000.000000000000000 ) ;
#1655 = ORIENTED_EDGE ( 'NONE', *, *, #4242, .T. ) ;
#1656 = CARTESIAN_POINT ( 'NONE',  ( -5.000000000000000000, 2.600000000000000533, 5.818181818181818343 ) ) ;
#1657 = VECTOR ( 'NONE', #3790, 1000.000000000000000 ) ;
#1658 = DIRECTION ( 'NONE',  ( 1.000000000000000000, 0.000000000000000000, 0.000000000000000000 ) ) ;
#1659 = EDGE_LOOP ( 'NONE', ( #751, #1804, #2115, #2150 ) ) ;
#1660 = EDGE_CURVE ( 'NONE', #3284, #1170, #2251, .T. ) ;
#1661 = VECTOR ( 'NONE', #2789, 1000.000000000000114 ) ;
#1662 = CARTESIAN_POINT ( 'NONE',  ( 10.00000000000000178, 2.700000000000000622, 2.200000000000001510 ) ) ;
#1663 = AXIS2_PLACEMENT_3D ( 'NONE', #2267, #519, #2998 ) ;
#1664 = DIRECTION ( 'NONE',  ( 0.000000000000000000, 0.9961946980917458783, -0.08715574274765433560 ) ) ;
#1665 = VECTOR ( 'NONE', #3064, 1000.000000000000000 ) ;
#1666 = DIRECTION ( 'NONE',  ( 0.000000000000000000, 0.000000000000000000, -1.000000000000000000 ) ) ;
#1667 = ITEM_DEFINED_TRANSFORMATION ( 'NONE', 'NONE', #1669,  #146 ) ;
#1668 = EDGE_LOOP ( 'NONE', ( #723, #3863, #3259, #3546 ) ) ;
#1669 = AXIS2_PLACEMENT_3D ( 'NONE', #1809, #86, #2858 ) ;
#1670 = CARTESIAN_POINT ( 'NONE',  ( 5.000000000000000000, 4.200000000000000178, 0.7000000000000006217 ) ) ;
#1671 = CARTESIAN_POINT ( 'NONE',  ( -0.2128203230275474978, -3.200000000000000178, -0.3200000000000000067 ) ) ;
#1672 = DIRECTION ( 'NONE',  ( 0.000000000000000000, -1.000000000000000000, 0.000000000000000000 ) ) ;
#1673 = VERTEX_POINT ( 'NONE', #933 ) ;
#1674 = ORIENTED_EDGE ( 'NONE', *, *, #870, .T. ) ;
#1675 = EDGE_CURVE ( 'NONE', #1865, #1627, #1940, .T. ) ;
#1676 = LINE ( 'NONE', #1465, #633 ) ;
#1677 = DIRECTION ( 'NONE',  ( 1.000000000000000000, 0.000000000000000000, -0.000000000000000000 ) ) ;
#1678 = LINE ( 'NONE', #3072, #1362 ) ;
#1679 = DIRECTION ( 'NONE',  ( -1.000000000000000000, -0.000000000000000000, -0.000000000000000000 ) ) ;
#1680 = ORIENTED_EDGE ( 'NONE', *, *, #1400, .F. ) ;
#1681 = LINE ( 'NONE', #1338, #1083 ) ;
#1682 = ORIENTED_EDGE ( 'NONE', *, *, #1214, .T. ) ;
#1683 = EDGE_CURVE ( 'NONE', #4409, #3497, #1636, .T. ) ;
#1684 = PLANE ( 'NONE',  #3355 ) ;
#1685 = PLANE ( 'NONE',  #1357 ) ;
#1686 = EDGE_LOOP ( 'NONE', ( #2654, #459, #4464, #3721 ) ) ;
#1687 = PLANE ( 'NONE',  #2515 ) ;
#1688 = PLANE ( 'NONE',  #3568 ) ;
#1689 = VERTEX_POINT ( 'NONE', #3707 ) ;
#1690 = FACE_OUTER_BOUND ( 'NONE', #2602, .T. ) ;
#1691 = VERTEX_POINT ( 'NONE', #3731 ) ;
#1692 = DIRECTION ( 'NONE',  ( -1.000000000000000000, -0.000000000000000000, -0.000000000000000000 ) ) ;
#1693 = ADVANCED_FACE ( 'NONE', ( #597 ), #2978, .F. ) ;
#1694 = CARTESIAN_POINT ( 'NONE',  ( 4.679999999999999716, 2.320000000000000284, 2.200000000000001510 ) ) ;
#1695 = VERTEX_POINT ( 'NONE', #2631 ) ;
#1696 = EDGE_LOOP ( 'NONE', ( #3328, #1753, #4440, #669 ) ) ;
#1697 = PLANE ( 'NONE',  #1431 ) ;
#1698 = CARTESIAN_POINT ( 'NONE',  ( 2.180000000000000604, 1.680000000000000604, -1.499999999999998668 ) ) ;
#1699 = FACE_OUTER_BOUND ( 'NONE', #2780, .T. ) ;
#1700 = CARTESIAN_POINT ( 'NONE',  ( 0.3199999999999999512, 2.320000000000000284, 0.7750000000000004663 ) ) ;
#1701 = CARTESIAN_POINT ( 'NONE',  ( 7.180000000000002380, 2.320000000000000284, -1.499999999999998668 ) ) ;
#1702 = PRODUCT_DEFINITION_CONTEXT ( 'detailed design', #3441, 'design' ) ;
#1703 = ORIENTED_EDGE ( 'NONE', *, *, #1310, .T. ) ;
#1704 = LINE ( 'NONE', #3405, #4120 ) ;
#1705 = VECTOR ( 'NONE', #4462, 1000.000000000000000 ) ;
#1706 = ORIENTED_EDGE ( 'NONE', *, *, #899, .T. ) ;
#1707 = CARTESIAN_POINT ( 'NONE',  ( -2.819999999999999840, -2.700000000000000178, 0.3200000000000000067 ) ) ;
#1708 = ORIENTED_EDGE ( 'NONE', *, *, #2029, .F. ) ;
#1709 = EDGE_CURVE ( 'NONE', #4253, #1402, #3385, .T. ) ;
#1710 = CARTESIAN_POINT ( 'NONE',  ( -2.819999999999999840, -1.100000000000000089, 0.3200000000000000067 ) ) ;
#1711 = EDGE_LOOP ( 'NONE', ( #3218, #805, #2932, #2711 ) ) ;
#1712 = DIRECTION ( 'NONE',  ( -0.000000000000000000, 0.2631174057921091269, 0.9647638212377321887 ) ) ;
#1713 = DIRECTION ( 'NONE',  ( -1.000000000000000000, 0.000000000000000000, -0.000000000000000000 ) ) ;
#1714 = DIRECTION ( 'NONE',  ( 0.000000000000000000, -1.000000000000000000, 0.000000000000000000 ) ) ;
#1715 = VECTOR ( 'NONE', #2860, 1000.000000000000000 ) ;
#1716 = EDGE_LOOP ( 'NONE', ( #1463, #2917, #992, #3454 ) ) ;
#1717 = ORIENTED_EDGE ( 'NONE', *, *, #2513, .T. ) ;
#1718 = EDGE_CURVE ( 'NONE', #3392, #3664, #167, .T. ) ;
#1719 =( NAMED_UNIT ( * ) SI_UNIT ( $, .STERADIAN. ) SOLID_ANGLE_UNIT ( ) );
#1720 = CARTESIAN_POINT ( 'NONE',  ( -2.287179676972444842, -3.200000000000000178, 0.3200000000000000067 ) ) ;
#1721 = CARTESIAN_POINT ( 'NONE',  ( -2.180000000000000160, -2.700000000000000178, 0.7025000000000000133 ) ) ;
#1722 = CIRCLE ( 'NONE', #4279, 1.022500000000000187 ) ;
#1723 = CARTESIAN_POINT ( 'NONE',  ( 5.000000000000000000, 4.200000000000000178, 5.900000000000000355 ) ) ;
#1724 = CARTESIAN_POINT ( 'NONE',  ( 8.150000000000002132, 4.200000000000000178, 0.7750000000000005773 ) ) ;
#1725 = VERTEX_POINT ( 'NONE', #4055 ) ;
#1726 = EDGE_CURVE ( 'NONE', #587, #1587, #907, .T. ) ;
#1727 = DIRECTION ( 'NONE',  ( 0.000000000000000000, 0.000000000000000000, 1.000000000000000000 ) ) ;
#1728 = CARTESIAN_POINT ( 'NONE',  ( -2.180000000000000160, -3.200000000000000178, -0.2128203230275514946 ) ) ;
#1729 = CARTESIAN_POINT ( 'NONE',  ( 10.00000000000000178, 2.200000000000000622, 2.200000000000001510 ) ) ;
#1730 = EDGE_LOOP ( 'NONE', ( #1884, #3750, #2240, #1535 ) ) ;
#1731 = CARTESIAN_POINT ( 'NONE',  ( 0.3200000000000000067, 1.300000000000000044, 0.6999999999999999556 ) ) ;
#1732 = EDGE_CURVE ( 'NONE', #1453, #4357, #572, .T. ) ;
#1733 = VECTOR ( 'NONE', #1555, 1000.000000000000000 ) ;
#1734 = DIRECTION ( 'NONE',  ( -0.9659258262890692004, -6.545367995765413064E-16, -0.2588190451025175753 ) ) ;
#1735 = EDGE_CURVE ( 'NONE', #122, #2433, #888, .T. ) ;
#1736 = ORIENTED_EDGE ( 'NONE', *, *, #4224, .T. ) ;
#1737 = DIRECTION ( 'NONE',  ( -1.000000000000000000, -8.482755383749670111E-16, 0.000000000000000000 ) ) ;
#1738 = VECTOR ( 'NONE', #3270, 1000.000000000000000 ) ;
#1739 = CARTESIAN_POINT ( 'NONE',  ( 5.000000000000000000, 2.200000000000000622, 0.7000000000000006217 ) ) ;
#1740 = ORIENTED_EDGE ( 'NONE', *, *, #3200, .T. ) ;
#1741 = EDGE_LOOP ( 'NONE', ( #100, #3377, #2071, #4189, #3370, #1008, #3644, #2425, #3518, #4013, #2434, #1644, #4262, #2216, #4428, #3126, #2382, #1493, #4376, #1154, #2018, #3640, #2722, #4318, #1178, #4297, #34, #4272 ) ) ;
#1742 = VECTOR ( 'NONE', #2283, 1000.000000000000000 ) ;
#1743 = DIRECTION ( 'NONE',  ( 6.545367995765408134E-16, -0.9659258262890697555, -0.2588190451025154659 ) ) ;
#1744 = CARTESIAN_POINT ( 'NONE',  ( -2.180000000000000160, 2.212820323027549829, 6.200000000000000178 ) ) ;
#1745 = DIRECTION ( 'NONE',  ( -8.482755383749668139E-16, 1.000000000000000000, 0.000000000000000000 ) ) ;
#1746 = CARTESIAN_POINT ( 'NONE',  ( 3.651025668138921265, 1.128571428571429447, 6.471428571428572418 ) ) ;
#1747 = DIRECTION ( 'NONE',  ( -0.000000000000000000, 1.000000000000000000, 0.000000000000000000 ) ) ;
#1748 = AXIS2_PLACEMENT_3D ( 'NONE', #475, #125, #64 ) ;
#1749 = EDGE_CURVE ( 'NONE', #3050, #955, #236, .T. ) ;
#1750 = VECTOR ( 'NONE', #298, 1000.000000000000000 ) ;
#1751 = EDGE_LOOP ( 'NONE', ( #2441, #1979, #1417, #3510 ) ) ;
#1752 = EDGE_CURVE ( 'NONE', #4362, #1797, #4348, .T. ) ;
#1753 = ORIENTED_EDGE ( 'NONE', *, *, #2161, .F. ) ;
#1754 = EDGE_CURVE ( 'NONE', #961, #2863, #3609, .T. ) ;
#1755 = CARTESIAN_POINT ( 'NONE',  ( 5.000000000000000000, 4.200000000000000178, 0.7000000000000006217 ) ) ;
#1756 = CARTESIAN_POINT ( 'NONE',  ( -0.1793689465399134764, 1.820631053460085136, 6.324842236634979464 ) ) ;
#1757 = ORIENTED_EDGE ( 'NONE', *, *, #3823, .T. ) ;
#1758 = DIRECTION ( 'NONE',  ( 1.000000000000000000, 8.503546450866700322E-16, 0.000000000000000000 ) ) ;
#1759 = DIRECTION ( 'NONE',  ( 1.000000000000000000, 0.000000000000000000, -0.000000000000000000 ) ) ;
#1760 = ORIENTED_EDGE ( 'NONE', *, *, #1110, .T. ) ;
#1761 = VERTEX_POINT ( 'NONE', #2902 ) ;
#1762 = DIRECTION ( 'NONE',  ( 0.000000000000000000, 0.000000000000000000, 1.000000000000000000 ) ) ;
#1763 = CARTESIAN_POINT ( 'NONE',  ( -0.3199999999999965095, -2.799999999999999822, -0.3200000000000000067 ) ) ;
#1764 = DIRECTION ( 'NONE',  ( -0.000000000000000000, 1.000000000000000000, -0.000000000000000000 ) ) ;
#1765 = LINE ( 'NONE', #989, #1657 ) ;
#1766 = ORIENTED_EDGE ( 'NONE', *, *, #2510, .T. ) ;
#1767 = CARTESIAN_POINT ( 'NONE',  ( 5.000000000000000000, 2.200000000000000178, 6.700000000000001066 ) ) ;
#1768 = EDGE_LOOP ( 'NONE', ( #3039, #3325, #3159, #3725 ) ) ;
#1769 = EDGE_CURVE ( 'NONE', #3237, #1782, #3543, .T. ) ;
#1770 = SURFACE_STYLE_USAGE ( .BOTH. , #3382 ) ;
#1771 = FACE_OUTER_BOUND ( 'NONE', #3877, .T. ) ;
#1772 = ORIENTED_EDGE ( 'NONE', *, *, #3469, .F. ) ;
#1773 = EDGE_CURVE ( 'NONE', #3511, #113, #3357, .T. ) ;
#1774 = DIRECTION ( 'NONE',  ( 0.000000000000000000, 0.000000000000000000, -1.000000000000000000 ) ) ;
#1775 = PLANE ( 'NONE',  #76 ) ;
#1776 = DIRECTION ( 'NONE',  ( -0.5000000000000002220, -0.8660254037844384856, 0.000000000000000000 ) ) ;
#1777 = VECTOR ( 'NONE', #1499, 1000.000000000000000 ) ;
#1778 = ORIENTED_EDGE ( 'NONE', *, *, #3062, .F. ) ;
#1779 = PRESENTATION_STYLE_ASSIGNMENT (( #1093 ) ) ;
#1780 = EDGE_CURVE ( 'NONE', #2850, #3627, #3288, .T. ) ;
#1781 = CARTESIAN_POINT ( 'NONE',  ( -0.3200000000000000067, 1.300000000000000044, 0.3200000000000000067 ) ) ;
#1782 = VERTEX_POINT ( 'NONE', #3728 ) ;
#1783 = EDGE_CURVE ( 'NONE', #3178, #85, #233, .T. ) ;
#1784 = EDGE_LOOP ( 'NONE', ( #2755, #388, #2529, #4508 ) ) ;
#1785 = FACE_OUTER_BOUND ( 'NONE', #1622, .T. ) ;
#1786 = DIRECTION ( 'NONE',  ( 6.776263578034403699E-16, -1.000000000000000000, 0.000000000000000000 ) ) ;
#1787 = CARTESIAN_POINT ( 'NONE',  ( -2.712820323027549829, 2.319999999999999840, 6.200000000000000178 ) ) ;
#1788 = LINE ( 'NONE', #1533, #3864 ) ;
#1789 = FACE_OUTER_BOUND ( 'NONE', #1084, .T. ) ;
#1790 = VECTOR ( 'NONE', #2037, 1000.000000000000000 ) ;
#1791 = ORIENTED_EDGE ( 'NONE', *, *, #3078, .T. ) ;
#1792 = CIRCLE ( 'NONE', #1364, 1.022499999999999964 ) ;
#1793 = EDGE_CURVE ( 'NONE', #3929, #3664, #4049, .T. ) ;
#1794 = VECTOR ( 'NONE', #652, 1000.000000000000000 ) ;
#1795 = AXIS2_PLACEMENT_3D ( 'NONE', #1473, #74, #3625 ) ;
#1796 = FILL_AREA_STYLE ('',( #373 ) ) ;
#1797 = VERTEX_POINT ( 'NONE', #2994 ) ;
#1798 = AXIS2_PLACEMENT_3D ( 'NONE', #626, #2435, #693 ) ;
#1799 = CARTESIAN_POINT ( 'NONE',  ( -3.949999999999999734, 2.600000000000000533, 5.281818181818181301 ) ) ;
#1800 = FACE_OUTER_BOUND ( 'NONE', #1943, .T. ) ;
#1801 = DIRECTION ( 'NONE',  ( -0.000000000000000000, -0.000000000000000000, 1.000000000000000000 ) ) ;
#1802 = EDGE_CURVE ( 'NONE', #2118, #4185, #3379, .T. ) ;
#1803 = FACE_OUTER_BOUND ( 'NONE', #427, .T. ) ;
#1804 = ORIENTED_EDGE ( 'NONE', *, *, #4040, .T. ) ;
#1805 = PLANE ( 'NONE',  #4281 ) ;
#1806 = LINE ( 'NONE', #1781, #1738 ) ;
#1807 = AXIS2_PLACEMENT_3D ( 'NONE', #3074, #1081, #2484 ) ;
#1808 = ORIENTED_EDGE ( 'NONE', *, *, #1249, .F. ) ;
#1809 = CARTESIAN_POINT ( 'NONE',  ( -3.035766082959412415E-15, 7.372574772901430151E-15, -2.600000000000001865 ) ) ;
#1810 = PLANE ( 'NONE',  #3040 ) ;
#1811 = AXIS2_PLACEMENT_3D ( 'NONE', #3220, #3527, #2518 ) ;
#1812 = DIRECTION ( 'NONE',  ( 8.503546450866701308E-16, -1.000000000000000000, 0.000000000000000000 ) ) ;
#1813 = DIRECTION ( 'NONE',  ( -0.9659258262890690894, -6.545367995765412078E-16, 0.2588190451025180749 ) ) ;
#1814 = FACE_OUTER_BOUND ( 'NONE', #4429, .T. ) ;
#1815 = CARTESIAN_POINT ( 'NONE',  ( 10.00000000000000178, 2.600000000000000533, 5.818181818181818343 ) ) ;
#1816 = EDGE_CURVE ( 'NONE', #4492, #16, #2575, .T. ) ;
#1817 = VECTOR ( 'NONE', #1002, 1000.000000000000000 ) ;
#1818 = ORIENTED_EDGE ( 'NONE', *, *, #3494, .T. ) ;
#1819 =( GEOMETRIC_REPRESENTATION_CONTEXT ( 3 ) GLOBAL_UNCERTAINTY_ASSIGNED_CONTEXT ( ( #740 ) ) GLOBAL_UNIT_ASSIGNED_CONTEXT ( ( #721, #739, #3926 ) ) REPRESENTATION_CONTEXT ( 'NONE', 'WORKASPACE' ) );
#1820 = CARTESIAN_POINT ( 'NONE',  ( -2.180000000000000160, -1.100000000000000089, 0.7025000000000000133 ) ) ;
#1821 = ORIENTED_EDGE ( 'NONE', *, *, #299, .T. ) ;
#1822 = ORIENTED_EDGE ( 'NONE', *, *, #2349, .T. ) ;
#1823 = DIRECTION ( 'NONE',  ( 1.141265444721583511E-15, -1.000000000000000000, 0.000000000000000000 ) ) ;
#1824 = DIRECTION ( 'NONE',  ( -1.000000000000000000, -0.000000000000000000, -0.000000000000000000 ) ) ;
#1825 = CARTESIAN_POINT ( 'NONE',  ( 6.250000000000000000, 1.300000000000000933, 2.200000000000001510 ) ) ;
#1826 = EDGE_LOOP ( 'NONE', ( #2691, #1239, #816, #880 ) ) ;
#1827 = DIRECTION ( 'NONE',  ( -0.000000000000000000, -0.000000000000000000, 1.000000000000000000 ) ) ;
#1828 = DIRECTION ( 'NONE',  ( -6.776263578034410601E-16, 1.000000000000000000, 0.000000000000000000 ) ) ;
#1829 = ORIENTED_EDGE ( 'NONE', *, *, #4457, .F. ) ;
#1830 = CARTESIAN_POINT ( 'NONE',  ( 1.850000000000000977, -0.7999999999999994893, 0.7750000000000005773 ) ) ;
#1831 = EDGE_CURVE ( 'NONE', #748, #2945, #4367, .T. ) ;
#1832 = CARTESIAN_POINT ( 'NONE',  ( -0.2128203230275499958, 1.787179676972449949, 6.200000000000000178 ) ) ;
#1833 = DIRECTION ( 'NONE',  ( 1.000000000000000000, 0.000000000000000000, 0.000000000000000000 ) ) ;
#1834 = FACE_OUTER_BOUND ( 'NONE', #1264, .T. ) ;
#1835 = ORIENTED_EDGE ( 'NONE', *, *, #4210, .F. ) ;
#1836 = DIRECTION ( 'NONE',  ( 0.3779644730092273641, -0.6546536707079770867, 0.6546536707079773088 ) ) ;
#1837 = EDGE_CURVE ( 'NONE', #2164, #2185, #2972, .T. ) ;
#1838 = ORIENTED_EDGE ( 'NONE', *, *, #3234, .T. ) ;
#1839 = ORIENTED_EDGE ( 'NONE', *, *, #2371, .F. ) ;
#1840 = CARTESIAN_POINT ( 'NONE',  ( -2.180000000000000160, 1.300000000000000044, 0.3200000000000000067 ) ) ;
#1841 = CARTESIAN_POINT ( 'NONE',  ( -0.3200000000000000067, 2.319999999999999840, 0.6999999999999999556 ) ) ;
#1842 = ORIENTED_EDGE ( 'NONE', *, *, #2667, .T. ) ;
#1843 = PLANE ( 'NONE',  #787 ) ;
#1844 = LINE ( 'NONE', #2558, #616 ) ;
#1845 = CARTESIAN_POINT ( 'NONE',  ( -2.819999999999999840, -2.117793594306055294, -0.1380604982206409814 ) ) ;
#1846 = CARTESIAN_POINT ( 'NONE',  ( 8.950000000000002842, 4.200000000000000178, 5.900000000000000355 ) ) ;
#1847 = ORIENTED_EDGE ( 'NONE', *, *, #1464, .T. ) ;
#1848 = CARTESIAN_POINT ( 'NONE',  ( -2.500000000000002220, 0.000000000000000000, -2.600000000000000533 ) ) ;
#1849 = CARTESIAN_POINT ( 'NONE',  ( 9.400000000000002132, 2.200000000000000178, 6.700000000000001066 ) ) ;
#1850 = CARTESIAN_POINT ( 'NONE',  ( 0.3200000000000000067, 1.300000000000000044, -0.3200000000000000067 ) ) ;
#1851 = FACE_OUTER_BOUND ( 'NONE', #3179, .T. ) ;
#1852 = CIRCLE ( 'NONE', #2366, 0.3825000000000000067 ) ;
#1853 = DIRECTION ( 'NONE',  ( 0.2505628070857289780, 0.2505628070857284784, 0.9351131265310308471 ) ) ;
#1854 = ADVANCED_FACE ( 'NONE', ( #1177 ), #1613, .F. ) ;
#1855 = ORIENTED_EDGE ( 'NONE', *, *, #2130, .T. ) ;
#1856 = LINE ( 'NONE', #3904, #1189 ) ;
#1857 = EDGE_LOOP ( 'NONE', ( #3004, #2244, #1088, #4449 ) ) ;
#1858 = AXIS2_PLACEMENT_3D ( 'NONE', #2311, #1280, #2677 ) ;
#1859 = ORIENTED_EDGE ( 'NONE', *, *, #1138, .F. ) ;
#1860 = EDGE_CURVE ( 'NONE', #2927, #3571, #2601, .T. ) ;
#1861 = DIRECTION ( 'NONE',  ( -0.000000000000000000, 1.000000000000000000, -0.000000000000000000 ) ) ;
#1862 = DIRECTION ( 'NONE',  ( 0.000000000000000000, 0.000000000000000000, -1.000000000000000000 ) ) ;
#1863 = VERTEX_POINT ( 'NONE', #4071 ) ;
#1864 = AXIS2_PLACEMENT_3D ( 'NONE', #267, #1743, #1034 ) ;
#1865 = VERTEX_POINT ( 'NONE', #927 ) ;
#1866 = CARTESIAN_POINT ( 'NONE',  ( -3.800000000000000266, 1.600000000000000089, -1.499999999999998002 ) ) ;
#1867 = DIRECTION ( 'NONE',  ( -1.000000000000000000, 0.000000000000000000, 0.000000000000000000 ) ) ;
#1868 = LINE ( 'NONE', #2215, #1284 ) ;
#1869 = VECTOR ( 'NONE', #1762, 1000.000000000000000 ) ;
#1870 = ADVANCED_FACE ( 'NONE', ( #1983 ), #4388, .F. ) ;
#1871 = AXIS2_PLACEMENT_3D ( 'NONE', #2503, #1145, #802 ) ;
#1872 = ORIENTED_EDGE ( 'NONE', *, *, #3745, .F. ) ;
#1873 = EDGE_CURVE ( 'NONE', #4240, #3529, #4003, .T. ) ;
#1874 = VERTEX_POINT ( 'NONE', #833 ) ;
#1875 = CARTESIAN_POINT ( 'NONE',  ( -1.480940107675849937, 0.9000000000000004663, 2.200000000000001510 ) ) ;
#1876 = VECTOR ( 'NONE', #4399, 1000.000000000000227 ) ;
#1877 = PLANE ( 'NONE',  #4006 ) ;
#1878 = LINE ( 'NONE', #2587, #2398 ) ;
#1879 = ORIENTED_EDGE ( 'NONE', *, *, #1310, .F. ) ;
#1880 = VECTOR ( 'NONE', #2538, 1000.000000000000000 ) ;
#1881 = AXIS2_PLACEMENT_3D ( 'NONE', #213, #1987, #1231 ) ;
#1882 = FACE_OUTER_BOUND ( 'NONE', #1931, .T. ) ;
#1883 = DIRECTION ( 'NONE',  ( 0.000000000000000000, 0.08715574274765433560, 0.9961946980917458783 ) ) ;
#1884 = ORIENTED_EDGE ( 'NONE', *, *, #1816, .F. ) ;
#1885 = VECTOR ( 'NONE', #1369, 1000.000000000000114 ) ;
#1886 = PRODUCT ( 'Pin 1', 'Pin 1', '', ( #1969 ) ) ;
#1887 = ORIENTED_EDGE ( 'NONE', *, *, #137, .T. ) ;
#1888 = AXIS2_PLACEMENT_3D ( 'NONE', #1848, #2155, #4243 ) ;
#1889 = EDGE_CURVE ( 'NONE', #451, #3386, #2236, .T. ) ;
#1890 = LINE ( 'NONE', #855, #487 ) ;
#1891 = DIRECTION ( 'NONE',  ( 0.000000000000000000, -4.697390108261552570E-32, 1.000000000000000000 ) ) ;
#1892 = DIRECTION ( 'NONE',  ( 0.2505628070857268686, 0.9351131265310315133, -0.2505628070857278678 ) ) ;
#1893 = ORIENTED_EDGE ( 'NONE', *, *, #2594, .T. ) ;
#1894 = EDGE_CURVE ( 'NONE', #3350, #928, #4026, .T. ) ;
#1895 = CARTESIAN_POINT ( 'NONE',  ( 0.3200000000000040590, -3.200000000000000178, -0.3200000000000000067 ) ) ;
#1896 = VERTEX_POINT ( 'NONE', #514 ) ;
#1897 = CARTESIAN_POINT ( 'NONE',  ( -2.180000000000000160, 1.680000000000000160, 5.799999999999999822 ) ) ;
#1898 = DIRECTION ( 'NONE',  ( 1.133806193448893442E-15, -1.000000000000000000, 0.000000000000000000 ) ) ;
#1899 = ORIENTED_EDGE ( 'NONE', *, *, #1164, .T. ) ;
#1900 = APPLICATION_PROTOCOL_DEFINITION ( 'draft international standard', 'automotive_design', 1998, #886 ) ;
#1901 = VERTEX_POINT ( 'NONE', #1543 ) ;
#1902 = CARTESIAN_POINT ( 'NONE',  ( 10.00000000000000178, 2.900000000000000355, 5.200000000000000178 ) ) ;
#1903 = CARTESIAN_POINT ( 'NONE',  ( -4.400000000000000355, 1.500000000000000444, 5.700000000000001066 ) ) ;
#1904 = EDGE_LOOP ( 'NONE', ( #632, #1009, #1363, #2132 ) ) ;
#1905 = CARTESIAN_POINT ( 'NONE',  ( 8.950000000000002842, 4.200000000000000178, 5.900000000000000355 ) ) ;
#1906 = CARTESIAN_POINT ( 'NONE',  ( -2.180000000000000160, -3.200000000000000178, -0.3200000000000000067 ) ) ;
#1907 = DIRECTION ( 'NONE',  ( 0.000000000000000000, -0.08715574274765434948, -0.9961946980917458783 ) ) ;
#1908 = PRESENTATION_LAYER_ASSIGNMENT (  '', '', ( #1454 ) ) ;
#1909 = ORIENTED_EDGE ( 'NONE', *, *, #2760, .T. ) ;
#1910 = EDGE_LOOP ( 'NONE', ( #1106, #4304, #357, #1196 ) ) ;
#1911 = ADVANCED_FACE ( 'NONE', ( #2948 ), #3700, .F. ) ;
#1912 = FACE_OUTER_BOUND ( 'NONE', #720, .T. ) ;
#1913 = DIRECTION ( 'NONE',  ( -0.000000000000000000, 1.000000000000000000, -0.000000000000000000 ) ) ;
#1914 = DIRECTION ( 'NONE',  ( -5.929230630780103360E-16, 1.000000000000000000, 0.000000000000000000 ) ) ;
#1915 = EDGE_CURVE ( 'NONE', #3990, #4253, #3660, .T. ) ;
#1916 = PLANE ( 'NONE',  #2295 ) ;
#1917 = LINE ( 'NONE', #1529, #3426 ) ;
#1918 = VERTEX_POINT ( 'NONE', #208 ) ;
#1919 = VERTEX_POINT ( 'NONE', #1958 ) ;
#1920 = EDGE_CURVE ( 'NONE', #3210, #3256, #1248, .T. ) ;
#1921 = DIRECTION ( 'NONE',  ( 0.000000000000000000, 0.000000000000000000, -1.000000000000000000 ) ) ;
#1922 = CARTESIAN_POINT ( 'NONE',  ( -4.400000000000000355, 0.9000000000000004663, 2.200000000000001510 ) ) ;
#1923 = ADVANCED_FACE ( 'NONE', ( #3100 ), #1685, .F. ) ;
#1924 = ORIENTED_EDGE ( 'NONE', *, *, #381, .T. ) ;
#1925 = CARTESIAN_POINT ( 'NONE',  ( -1.480940107675849937, 0.9000000000000009104, 6.700000000000001066 ) ) ;
#1926 = VECTOR ( 'NONE', #2714, 1000.000000000000000 ) ;
#1927 = DIRECTION ( 'NONE',  ( 0.000000000000000000, 1.000000000000000000, -5.524597057250977336E-16 ) ) ;
#1928 = DIRECTION ( 'NONE',  ( -1.000000000000000000, -6.776263578034400740E-16, 0.000000000000000000 ) ) ;
#1929 = ORIENTED_EDGE ( 'NONE', *, *, #1110, .F. ) ;
#1930 = EDGE_CURVE ( 'NONE', #921, #3990, #1320, .T. ) ;
#1931 = EDGE_LOOP ( 'NONE', ( #1208, #2506, #3211, #20 ) ) ;
#1932 = EDGE_LOOP ( 'NONE', ( #2041, #4229, #1593, #3775 ) ) ;
#1933 = DIRECTION ( 'NONE',  ( 0.000000000000000000, 0.000000000000000000, -1.000000000000000000 ) ) ;
#1934 = DIRECTION ( 'NONE',  ( 2.891205793294671128E-15, 4.697390108261552570E-32, -1.000000000000000000 ) ) ;
#1935 = STYLED_ITEM ( 'NONE', ( #1779 ), #1135 ) ;
#1936 = PLANE ( 'NONE',  #372 ) ;
#1937 = EDGE_LOOP ( 'NONE', ( #2781, #3821, #3534, #1289 ) ) ;
#1938 = EDGE_CURVE ( 'NONE', #522, #2979, #3749, .T. ) ;
#1939 = DIRECTION ( 'NONE',  ( -1.000000000000000000, -0.000000000000000000, -0.000000000000000000 ) ) ;
#1940 = LINE ( 'NONE', #4009, #3717 ) ;
#1941 = EDGE_LOOP ( 'NONE', ( #3585, #257, #3380, #686 ) ) ;
#1942 =( REPRESENTATION_RELATIONSHIP ('NONE','NONE', #3375, #2237 ) REPRESENTATION_RELATIONSHIP_WITH_TRANSFORMATION ( #3733 )SHAPE_REPRESENTATION_RELATIONSHIP( ) );
#1943 = EDGE_LOOP ( 'NONE', ( #3032, #2074, #4501, #2940 ) ) ;
#1944 = CARTESIAN_POINT ( 'NONE',  ( 2.819999999999999840, 2.320000000000000284, 2.200000000000001510 ) ) ;
#1945 = VECTOR ( 'NONE', #1013, 1000.000000000000227 ) ;
#1946 = EDGE_CURVE ( 'NONE', #3685, #3708, #2421, .T. ) ;
#1947 = LINE ( 'NONE', #1642, #2904 ) ;
#1948 = VERTEX_POINT ( 'NONE', #972 ) ;
#1949 = EDGE_CURVE ( 'NONE', #4249, #1978, #2370, .T. ) ;
#1950 = DIRECTION ( 'NONE',  ( 0.000000000000000000, 0.000000000000000000, -1.000000000000000000 ) ) ;
#1951 = CARTESIAN_POINT ( 'NONE',  ( 10.00000000000000178, 2.600000000000000533, 5.281818181818181301 ) ) ;
#1952 = DIRECTION ( 'NONE',  ( 0.000000000000000000, -0.9647638212377326328, 0.2631174057921069065 ) ) ;
#1953 = VERTEX_POINT ( 'NONE', #3079 ) ;
#1954 = VECTOR ( 'NONE', #2380, 1000.000000000000000 ) ;
#1955 = ORIENTED_EDGE ( 'NONE', *, *, #2423, .T. ) ;
#1956 = VECTOR ( 'NONE', #750, 1000.000000000000000 ) ;
#1957 = DIRECTION ( 'NONE',  ( -0.000000000000000000, -0.000000000000000000, -1.000000000000000000 ) ) ;
#1958 = CARTESIAN_POINT ( 'NONE',  ( 0.3199999999999999512, 2.320000000000000284, 2.200000000000001510 ) ) ;
#1959 = ORIENTED_EDGE ( 'NONE', *, *, #3070, .T. ) ;
#1960 = VECTOR ( 'NONE', #1891, 1000.000000000000000 ) ;
#1961 = PRODUCT_DEFINITION ( 'UNKNOWN', '', #2329, #3450 ) ;
#1962 = CARTESIAN_POINT ( 'NONE',  ( -0.3200000000000000067, 1.680000000000000160, 5.799999999999999822 ) ) ;
#1963 = PRODUCT_DEFINITION_FORMATION_WITH_SPECIFIED_SOURCE ( 'ANY', '', #789, .NOT_KNOWN. ) ;
#1964 = CARTESIAN_POINT ( 'NONE',  ( 4.679999999999999716, 2.320000000000000284, -1.499999999999998668 ) ) ;
#1965 = CARTESIAN_POINT ( 'NONE',  ( -0.3200000000000000067, 1.680000000000000160, 6.200000000000000178 ) ) ;
#1966 = VECTOR ( 'NONE', #4091, 1000.000000000000000 ) ;
#1967 = ORIENTED_EDGE ( 'NONE', *, *, #3147, .T. ) ;
#1968 = CARTESIAN_POINT ( 'NONE',  ( -1.900000000000000133, 0.9000000000000004663, 6.700000000000001066 ) ) ;
#1969 = PRODUCT_CONTEXT ( 'NONE', #4136, 'mechanical' ) ;
#1970 = ORIENTED_EDGE ( 'NONE', *, *, #2986, .F. ) ;
#1971 = CARTESIAN_POINT ( 'NONE',  ( -2.180000000000000160, -1.100000000000000089, 0.7025000000000000133 ) ) ;
#1972 = DIRECTION ( 'NONE',  ( -0.000000000000000000, -0.000000000000000000, 1.000000000000000000 ) ) ;
#1973 = ORIENTED_EDGE ( 'NONE', *, *, #1915, .F. ) ;
#1974 = EDGE_CURVE ( 'NONE', #1587, #2648, #1340, .T. ) ;
#1975 = CARTESIAN_POINT ( 'NONE',  ( 8.150000000000002132, -0.7999999999999994893, 0.7000000000000003997 ) ) ;
#1976 = DIRECTION ( 'NONE',  ( 0.000000000000000000, -4.697390108261552570E-32, 1.000000000000000000 ) ) ;
#1977 = FACE_OUTER_BOUND ( 'NONE', #3424, .T. ) ;
#1978 = VERTEX_POINT ( 'NONE', #2394 ) ;
#1979 = ORIENTED_EDGE ( 'NONE', *, *, #4224, .F. ) ;
#1980 = EDGE_CURVE ( 'NONE', #1896, #3701, #944, .T. ) ;
#1981 = CARTESIAN_POINT ( 'NONE',  ( -0.3200000000000000067, 1.300000000000000044, 0.3200000000000000067 ) ) ;
#1982 = EDGE_CURVE ( 'NONE', #4059, #3938, #544, .T. ) ;
#1983 = FACE_OUTER_BOUND ( 'NONE', #194, .T. ) ;
#1984 = FILL_AREA_STYLE_COLOUR ( '', #3202 ) ;
#1985 = LINE ( 'NONE', #253, #3684 ) ;
#1986 = CARTESIAN_POINT ( 'NONE',  ( -2.180000000000000160, 1.300000000000000044, 0.3200000000000000067 ) ) ;
#1987 = DIRECTION ( 'NONE',  ( 0.000000000000000000, -1.000000000000000000, -0.000000000000000000 ) ) ;
#1988 = EDGE_LOOP ( 'NONE', ( #3358, #14, #3969, #2170 ) ) ;
#1989 = CARTESIAN_POINT ( 'NONE',  ( 6.850000000000003197, 0.000000000000000000, 0.7750000000000005773 ) ) ;
#1990 = EDGE_LOOP ( 'NONE', ( #1924, #3201, #677, #1855, #3868, #3623 ) ) ;
#1991 = DIRECTION ( 'NONE',  ( 0.000000000000000000, 0.000000000000000000, -1.000000000000000000 ) ) ;
#1992 = DIRECTION ( 'NONE',  ( -6.776263578034400740E-16, 1.000000000000000000, 0.000000000000000000 ) ) ;
#1993 = ORIENTED_EDGE ( 'NONE', *, *, #2872, .T. ) ;
#1994 = CARTESIAN_POINT ( 'NONE',  ( -0.2128203230275474978, -3.200000000000000178, 0.3200000000000000067 ) ) ;
#1995 = LINE ( 'NONE', #1648, #975 ) ;
#1996 = FACE_OUTER_BOUND ( 'NONE', #2748, .T. ) ;
#1997 = DIRECTION ( 'NONE',  ( 0.000000000000000000, 0.000000000000000000, -1.000000000000000000 ) ) ;
#1998 = ORIENTED_EDGE ( 'NONE', *, *, #3605, .T. ) ;
#1999 = CARTESIAN_POINT ( 'NONE',  ( 0.6000000000000015321, 1.500000000000000444, 5.700000000000001066 ) ) ;
#2000 = EDGE_CURVE ( 'NONE', #2108, #1896, #3372, .T. ) ;
#2001 = VERTEX_POINT ( 'NONE', #1286 ) ;
#2002 = AXIS2_PLACEMENT_3D ( 'NONE', #2762, #571, #301 ) ;
#2003 = LINE ( 'NONE', #2690, #187 ) ;
#2004 = DIRECTION ( 'NONE',  ( 1.000000000000000000, 6.776263578034410601E-16, -5.473822126268819114E-48 ) ) ;
#2005 = ORIENTED_EDGE ( 'NONE', *, *, #1752, .F. ) ;
#2006 = VECTOR ( 'NONE', #1420, 1000.000000000000000 ) ;
#2007 = CARTESIAN_POINT ( 'NONE',  ( 2.180000000000000604, 1.680000000000000604, 0.7750000000000004663 ) ) ;
#2008 = CARTESIAN_POINT ( 'NONE',  ( 10.00000000000000178, 2.900000000000000355, 4.486010460552367185 ) ) ;
#2009 = VECTOR ( 'NONE', #2772, 1000.000000000000000 ) ;
#2010 = EDGE_LOOP ( 'NONE', ( #2849, #984, #1525, #4117 ) ) ;
#2011 = DIRECTION ( 'NONE',  ( -6.776263578034403699E-16, 1.000000000000000000, 0.000000000000000000 ) ) ;
#2012 = ORIENTED_EDGE ( 'NONE', *, *, #2579, .F. ) ;
#2013 = CARTESIAN_POINT ( 'NONE',  ( 5.650000000000000355, -0.7999999999999994893, 0.7750000000000005773 ) ) ;
#2014 = EDGE_CURVE ( 'NONE', #2326, #1246, #1607, .T. ) ;
#2015 = LINE ( 'NONE', #309, #3496 ) ;
#2016 = EDGE_CURVE ( 'NONE', #1619, #103, #3653, .T. ) ;
#2017 = ORIENTED_EDGE ( 'NONE', *, *, #452, .T. ) ;
#2018 = ORIENTED_EDGE ( 'NONE', *, *, #2490, .T. ) ;
#2019 = PLANE ( 'NONE',  #1864 ) ;
#2020 = CARTESIAN_POINT ( 'NONE',  ( 7.180000000000002380, 1.680000000000000604, 2.200000000000001510 ) ) ;
#2021 = CARTESIAN_POINT ( 'NONE',  ( -2.819999999999999840, 1.300000000000000044, 0.3200000000000000067 ) ) ;
#2022 = CARTESIAN_POINT ( 'NONE',  ( -3.949999999999999734, 2.200000000000000622, 2.200000000000001510 ) ) ;
#2023 = DIRECTION ( 'NONE',  ( -0.000000000000000000, -0.000000000000000000, 1.000000000000000000 ) ) ;
#2024 = ORIENTED_EDGE ( 'NONE', *, *, #4513, .T. ) ;
#2025 = LINE ( 'NONE', #2712, #904 ) ;
#2026 = AXIS2_PLACEMENT_3D ( 'NONE', #602, #1237, #3988 ) ;
#2027 = EDGE_LOOP ( 'NONE', ( #3076, #1563, #4252, #1973 ) ) ;
#2028 = AXIS2_PLACEMENT_3D ( 'NONE', #3542, #2830, #1430 ) ;
#2029 = EDGE_CURVE ( 'NONE', #3216, #2474, #895, .T. ) ;
#2030 = FACE_OUTER_BOUND ( 'NONE', #2684, .T. ) ;
#2031 = VECTOR ( 'NONE', #161, 1000.000000000000000 ) ;
#2032 = LINE ( 'NONE', #13, #2 ) ;
#2033 = AXIS2_PLACEMENT_3D ( 'NONE', #4139, #4165, #4116 ) ;
#2034 = DIRECTION ( 'NONE',  ( -8.482755383749668139E-16, 1.000000000000000000, 0.000000000000000000 ) ) ;
#2035 = VERTEX_POINT ( 'NONE', #2640 ) ;
#2036 = LINE ( 'NONE', #4497, #2886 ) ;
#2037 = DIRECTION ( 'NONE',  ( -0.000000000000000000, 1.000000000000000000, -0.000000000000000000 ) ) ;
#2038 = LINE ( 'NONE', #3805, #4217 ) ;
#2039 = CARTESIAN_POINT ( 'NONE',  ( 7.180000000000002380, 2.320000000000000284, -1.499999999999998668 ) ) ;
#2040 = VERTEX_POINT ( 'NONE', #226 ) ;
#2041 = ORIENTED_EDGE ( 'NONE', *, *, #1675, .T. ) ;
#2042 = CARTESIAN_POINT ( 'NONE',  ( 2.180000000000000160, 2.320000000000000284, -1.499999999999998668 ) ) ;
#2043 = CARTESIAN_POINT ( 'NONE',  ( -1.849999999999999201, -1.068656249629502597E-31, 0.7750000000000004663 ) ) ;
#2044 = LINE ( 'NONE', #2022, #2320 ) ;
#2045 = VERTEX_POINT ( 'NONE', #1951 ) ;
#2046 = LINE ( 'NONE', #1016, #3628 ) ;
#2047 = VERTEX_POINT ( 'NONE', #1262 ) ;
#2048 = ORIENTED_EDGE ( 'NONE', *, *, #3540, .T. ) ;
#2049 = CARTESIAN_POINT ( 'NONE',  ( 0.3200000000000040590, -3.200000000000000178, 0.2128203230275514946 ) ) ;
#2050 = ORIENTED_EDGE ( 'NONE', *, *, #2933, .T. ) ;
#2051 = LINE ( 'NONE', #4509, #4151 ) ;
#2052 = EDGE_CURVE ( 'NONE', #2576, #2047, #3994, .T. ) ;
#2053 = ORIENTED_EDGE ( 'NONE', *, *, #3022, .F. ) ;
#2054 = FACE_OUTER_BOUND ( 'NONE', #350, .T. ) ;
#2055 = ORIENTED_EDGE ( 'NONE', *, *, #2824, .T. ) ;
#2056 = CARTESIAN_POINT ( 'NONE',  ( 8.950000000000002842, 2.900000000000000355, 5.200000000000000178 ) ) ;
#2057 = CARTESIAN_POINT ( 'NONE',  ( 7.500000000000000000, 2.200000000000000622, 0.7000000000000006217 ) ) ;
#2058 = ORIENTED_EDGE ( 'NONE', *, *, #3679, .F. ) ;
#2059 = ORIENTED_EDGE ( 'NONE', *, *, #3559, .F. ) ;
#2060 = EDGE_CURVE ( 'NONE', #4288, #1128, #3006, .T. ) ;
#2061 = DIRECTION ( 'NONE',  ( -1.000000000000000000, -0.000000000000000000, -0.000000000000000000 ) ) ;
#2062 = LINE ( 'NONE', #2089, #701 ) ;
#2063 = LINE ( 'NONE', #1379, #4146 ) ;
#2064 = DIRECTION ( 'NONE',  ( -1.000000000000000000, -6.776263578034410601E-16, 0.000000000000000000 ) ) ;
#2065 = EDGE_CURVE ( 'NONE', #2249, #1305, #2303, .T. ) ;
#2066 = ORIENTED_EDGE ( 'NONE', *, *, #1549, .F. ) ;
#2067 = UNCERTAINTY_MEASURE_WITH_UNIT (LENGTH_MEASURE( 1.000000000000000082E-05 ), #3099, 'distance_accuracy_value', 'NONE');
#2068 = CARTESIAN_POINT ( 'NONE',  ( 0.3200000000000035594, -2.799999999999999822, 0.6999999999999999556 ) ) ;
#2069 = EDGE_CURVE ( 'NONE', #935, #4288, #4403, .T. ) ;
#2070 = ADVANCED_FACE ( 'NONE', ( #4383 ), #2296, .F. ) ;
#2071 = ORIENTED_EDGE ( 'NONE', *, *, #3977, .F. ) ;
#2072 = DIRECTION ( 'NONE',  ( -6.776263578034403699E-16, 1.000000000000000000, 0.000000000000000000 ) ) ;
#2073 = AXIS2_PLACEMENT_3D ( 'NONE', #744, #3190, #2072 ) ;
#2074 = ORIENTED_EDGE ( 'NONE', *, *, #1732, .T. ) ;
#2075 = PLANE ( 'NONE',  #2831 ) ;
#2076 = EDGE_LOOP ( 'NONE', ( #2128, #682, #2984, #2949 ) ) ;
#2077 = CARTESIAN_POINT ( 'NONE',  ( -2.180000000000000160, 1.300000000000000044, 5.799999999999999822 ) ) ;
#2078 = ORIENTED_EDGE ( 'NONE', *, *, #899, .F. ) ;
#2079 = VECTOR ( 'NONE', #2528, 1000.000000000000000 ) ;
#2080 = EDGE_CURVE ( 'NONE', #560, #1453, #2661, .T. ) ;
#2081 = FACE_OUTER_BOUND ( 'NONE', #3958, .T. ) ;
#2082 = CARTESIAN_POINT ( 'NONE',  ( 5.320000000000001172, 1.680000000000000604, -1.499999999999998668 ) ) ;
#2083 = AXIS2_PLACEMENT_3D ( 'NONE', #540, #1256, #2333 ) ;
#2084 = ORIENTED_EDGE ( 'NONE', *, *, #1683, .F. ) ;
#2085 = ORIENTED_EDGE ( 'NONE', *, *, #2856, .F. ) ;
#2086 = LINE ( 'NONE', #4496, #2822 ) ;
#2087 = ADVANCED_FACE ( 'NONE', ( #1996 ), #4359, .F. ) ;
#2088 = LINE ( 'NONE', #1720, #835 ) ;
#2089 = CARTESIAN_POINT ( 'NONE',  ( -0.2128203230275499958, 1.680000000000000160, 6.200000000000000178 ) ) ;
#2090 = VECTOR ( 'NONE', #878, 1000.000000000000000 ) ;
#2091 = VECTOR ( 'NONE', #2385, 1000.000000000000000 ) ;
#2092 = DIRECTION ( 'NONE',  ( 1.000000000000000000, -0.000000000000000000, -0.000000000000000000 ) ) ;
#2093 = EDGE_LOOP ( 'NONE', ( #3781, #3, #3694, #3104 ) ) ;
#2094 = CARTESIAN_POINT ( 'NONE',  ( 3.519059892324150063, 0.9000000000000010214, 6.700000000000001066 ) ) ;
#2095 = ORIENTED_EDGE ( 'NONE', *, *, #1457, .F. ) ;
#2096 = LINE ( 'NONE', #2756, #670 ) ;
#2097 = AXIS2_PLACEMENT_3D ( 'NONE', #3606, #159, #3932 ) ;
#2098 = EDGE_LOOP ( 'NONE', ( #1331, #1736, #2530, #2429 ) ) ;
#2099 = CARTESIAN_POINT ( 'NONE',  ( 8.800000000000002487, -1.033425823817540821E-31, 0.7000000000000009548 ) ) ;
#2100 = DIRECTION ( 'NONE',  ( -6.776263578034410601E-16, 1.000000000000000000, 0.000000000000000000 ) ) ;
#2101 = AXIS2_PLACEMENT_3D ( 'NONE', #4413, #1274, #2670 ) ;
#2102 = VECTOR ( 'NONE', #2695, 1000.000000000000000 ) ;
#2103 = CARTESIAN_POINT ( 'NONE',  ( 5.320000000000001172, 1.680000000000000604, 0.7750000000000004663 ) ) ;
#2104 = EDGE_LOOP ( 'NONE', ( #1605, #2770, #4072, #2274 ) ) ;
#2105 = CARTESIAN_POINT ( 'NONE',  ( -2.819999999999999840, 1.300000000000000044, 0.6999999999999999556 ) ) ;
#2106 = VECTOR ( 'NONE', #2853, 1000.000000000000000 ) ;
#2107 = DIRECTION ( 'NONE',  ( 1.000000000000000000, -0.000000000000000000, -0.000000000000000000 ) ) ;
#2108 = VERTEX_POINT ( 'NONE', #1192 ) ;
#2109 = VERTEX_POINT ( 'NONE', #4066 ) ;
#2110 = DIRECTION ( 'NONE',  ( 0.000000000000000000, 0.000000000000000000, 1.000000000000000000 ) ) ;
#2111 = DIRECTION ( 'NONE',  ( -1.000000000000000000, 0.000000000000000000, 0.000000000000000000 ) ) ;
#2112 = FACE_OUTER_BOUND ( 'NONE', #1751, .T. ) ;
#2113 = LINE ( 'NONE', #391, #3858 ) ;
#2114 = CARTESIAN_POINT ( 'NONE',  ( 10.00000000000000178, 2.600000000000000533, 5.281818181818181301 ) ) ;
#2115 = ORIENTED_EDGE ( 'NONE', *, *, #108, .T. ) ;
#2116 = CARTESIAN_POINT ( 'NONE',  ( -2.819999999999999840, 1.300000000000000044, -0.3200000000000000067 ) ) ;
#2117 = ADVANCED_FACE ( 'NONE', ( #3048 ), #2591, .F. ) ;
#2118 = VERTEX_POINT ( 'NONE', #585 ) ;
#2119 = CARTESIAN_POINT ( 'NONE',  ( 0.000000000000000000, 0.000000000000000000, 0.000000000000000000 ) ) ;
#2120 = DIRECTION ( 'NONE',  ( -1.000000000000000000, -0.000000000000000000, -0.000000000000000000 ) ) ;
#2121 = VERTEX_POINT ( 'NONE', #3348 ) ;
#2122 = ADVANCED_FACE ( 'NONE', ( #3323 ), #2965, .F. ) ;
#2123 = EDGE_CURVE ( 'NONE', #564, #838, #2276, .T. ) ;
#2124 = LINE ( 'NONE', #823, #2730 ) ;
#2125 = EDGE_CURVE ( 'NONE', #2154, #4166, #2360, .T. ) ;
#2126 = CARTESIAN_POINT ( 'NONE',  ( -0.3199999999999965095, -2.799999999999999822, 0.3200000000000000067 ) ) ;
#2127 = CARTESIAN_POINT ( 'NONE',  ( 1.250000000000000000, 1.300000000000000933, 2.200000000000001510 ) ) ;
#2128 = ORIENTED_EDGE ( 'NONE', *, *, #4415, .F. ) ;
#2129 = PLANE ( 'NONE',  #627 ) ;
#2130 = EDGE_CURVE ( 'NONE', #1797, #320, #1399, .T. ) ;
#2131 = ORIENTED_EDGE ( 'NONE', *, *, #2584, .T. ) ;
#2132 = ORIENTED_EDGE ( 'NONE', *, *, #1769, .T. ) ;
#2133 =( NAMED_UNIT ( * ) SI_UNIT ( $, .STERADIAN. ) SOLID_ANGLE_UNIT ( ) );
#2134 = CARTESIAN_POINT ( 'NONE',  ( 0.3199999999999999512, 2.320000000000000284, 0.7750000000000004663 ) ) ;
#2135 = FACE_OUTER_BOUND ( 'NONE', #61, .T. ) ;
#2136 = CARTESIAN_POINT ( 'NONE',  ( -0.6499999999999991340, -0.7999999999999994893, 0.7750000000000005773 ) ) ;
#2137 = CARTESIAN_POINT ( 'NONE',  ( 8.950000000000002842, 2.900000000000000355, 5.900000000000000355 ) ) ;
#2138 = LINE ( 'NONE', #698, #4434 ) ;
#2139 = ORIENTED_EDGE ( 'NONE', *, *, #224, .F. ) ;
#2140 = FILL_AREA_STYLE ('',( #2527 ) ) ;
#2141 = ADVANCED_FACE ( 'NONE', ( #696 ), #3811, .F. ) ;
#2142 = SURFACE_STYLE_FILL_AREA ( #1796 ) ;
#2143 = ORIENTED_EDGE ( 'NONE', *, *, #3381, .F. ) ;
#2144 = CARTESIAN_POINT ( 'NONE',  ( 9.400000000000002132, 2.200000000000000178, 6.700000000000001066 ) ) ;
#2145 = DIRECTION ( 'NONE',  ( -0.000000000000000000, 1.000000000000000000, 4.697390108261552570E-32 ) ) ;
#2146 = CARTESIAN_POINT ( 'NONE',  ( 5.320000000000000284, 2.320000000000000284, -1.499999999999998668 ) ) ;
#2147 = VERTEX_POINT ( 'NONE', #673 ) ;
#2148 = LINE ( 'NONE', #767, #4085 ) ;
#2149 = VECTOR ( 'NONE', #52, 1000.000000000000000 ) ;
#2150 = ORIENTED_EDGE ( 'NONE', *, *, #3595, .T. ) ;
#2151 = CARTESIAN_POINT ( 'NONE',  ( -2.180000000000000160, -1.100000000000000089, 0.3200000000000000067 ) ) ;
#2152 = EDGE_CURVE ( 'NONE', #838, #2121, #1722, .T. ) ;
#2153 = CARTESIAN_POINT ( 'NONE',  ( -2.180000000000000160, 2.320000000000000284, 2.200000000000001510 ) ) ;
#2154 = VERTEX_POINT ( 'NONE', #3767 ) ;
#2155 = DIRECTION ( 'NONE',  ( 0.000000000000000000, 0.000000000000000000, 1.000000000000000000 ) ) ;
#2156 = DIRECTION ( 'NONE',  ( -1.000000000000000000, -5.929230630780103360E-16, 0.000000000000000000 ) ) ;
#2157 = EDGE_CURVE ( 'NONE', #3516, #3237, #349, .T. ) ;
#2158 = DIRECTION ( 'NONE',  ( 1.000000000000000000, 6.776263578034400740E-16, 0.000000000000000000 ) ) ;
#2159 = PLANE ( 'NONE',  #1149 ) ;
#2160 = ORIENTED_EDGE ( 'NONE', *, *, #4027, .F. ) ;
#2161 = EDGE_CURVE ( 'NONE', #4278, #762, #2062, .T. ) ;
#2162 = CARTESIAN_POINT ( 'NONE',  ( -2.819999999999999396, 1.680000000000000604, 2.200000000000001510 ) ) ;
#2163 =( GEOMETRIC_REPRESENTATION_CONTEXT ( 3 ) GLOBAL_UNCERTAINTY_ASSIGNED_CONTEXT ( ( #3798 ) ) GLOBAL_UNIT_ASSIGNED_CONTEXT ( ( #3875, #731, #4298 ) ) REPRESENTATION_CONTEXT ( 'NONE', 'WORKASPACE' ) );
#2164 = VERTEX_POINT ( 'NONE', #2043 ) ;
#2165 = ORIENTED_EDGE ( 'NONE', *, *, #1435, .F. ) ;
#2166 = CARTESIAN_POINT ( 'NONE',  ( 0.6500000000000007994, -0.7999999999999994893, 0.7750000000000005773 ) ) ;
#2167 = PLANE ( 'NONE',  #643 ) ;
#2168 = EDGE_CURVE ( 'NONE', #2439, #4309, #716, .T. ) ;
#2169 = DIRECTION ( 'NONE',  ( -1.000000000000000000, 0.000000000000000000, 1.815694353434715056E-16 ) ) ;
#2170 = ORIENTED_EDGE ( 'NONE', *, *, #2014, .F. ) ;
#2171 = FACE_OUTER_BOUND ( 'NONE', #2552, .T. ) ;
#2172 = CARTESIAN_POINT ( 'NONE',  ( 7.180000000000002380, 2.320000000000000284, 2.200000000000001510 ) ) ;
#2173 = VECTOR ( 'NONE', #3423, 1000.000000000000000 ) ;
#2174 = ORIENTED_EDGE ( 'NONE', *, *, #3098, .T. ) ;
#2175 = CARTESIAN_POINT ( 'NONE',  ( 10.00000000000000178, 2.900000000000000355, 5.900000000000000355 ) ) ;
#2176 = VECTOR ( 'NONE', #1131, 1000.000000000000000 ) ;
#2177 = LINE ( 'NONE', #2198, #1638 ) ;
#2178 = AXIS2_PLACEMENT_3D ( 'NONE', #3331, #251, #3632 ) ;
#2179 = LINE ( 'NONE', #3920, #4223 ) ;
#2180 = ORIENTED_EDGE ( 'NONE', *, *, #1718, .T. ) ;
#2181 = LINE ( 'NONE', #4248, #4083 ) ;
#2182 = VECTOR ( 'NONE', #3263, 1000.000000000000000 ) ;
#2183 = ORIENTED_EDGE ( 'NONE', *, *, #3315, .T. ) ;
#2184 = CARTESIAN_POINT ( 'NONE',  ( -0.3199999999999999512, 2.320000000000000284, -1.499999999999998668 ) ) ;
#2185 = VERTEX_POINT ( 'NONE', #3466 ) ;
#2186 = ORIENTED_EDGE ( 'NONE', *, *, #4134, .F. ) ;
#2187 = DIRECTION ( 'NONE',  ( -0.000000000000000000, -0.000000000000000000, 1.000000000000000000 ) ) ;
#2188 = EDGE_CURVE ( 'NONE', #443, #3284, #1282, .T. ) ;
#2189 = CARTESIAN_POINT ( 'NONE',  ( 10.00000000000000178, 1.600000000000000089, -1.499999999999998002 ) ) ;
#2190 = CARTESIAN_POINT ( 'NONE',  ( -2.180000000000000160, 2.319999999999999840, 0.6999999999999999556 ) ) ;
#2191 = ORIENTED_EDGE ( 'NONE', *, *, #2926, .F. ) ;
#2192 = DIRECTION ( 'NONE',  ( -1.000000000000000000, -6.776263578034410601E-16, 0.000000000000000000 ) ) ;
#2193 = VERTEX_POINT ( 'NONE', #295 ) ;
#2194 = DIRECTION ( 'NONE',  ( 1.000000000000000000, -0.000000000000000000, -0.000000000000000000 ) ) ;
#2195 = EDGE_CURVE ( 'NONE', #1874, #3411, #987, .T. ) ;
#2196 = EDGE_LOOP ( 'NONE', ( #3819, #135, #4420, #2186 ) ) ;
#2197 = CARTESIAN_POINT ( 'NONE',  ( 3.150000000000000799, 4.200000000000000178, 0.7000000000000003997 ) ) ;
#2198 = CARTESIAN_POINT ( 'NONE',  ( 5.000000000000000000, 2.200000000000000178, 6.700000000000001066 ) ) ;
#2199 = PLANE ( 'NONE',  #284 ) ;
#2200 = ORIENTED_EDGE ( 'NONE', *, *, #1557, .F. ) ;
#2201 = EDGE_CURVE ( 'NONE', #3815, #247, #3789, .T. ) ;
#2202 = ORIENTED_EDGE ( 'NONE', *, *, #2926, .T. ) ;
#2203 = LINE ( 'NONE', #2847, #3403 ) ;
#2204 = ADVANCED_BREP_SHAPE_REPRESENTATION ( '', ( #1265, #146 ), #2771 ) ;
#2205 = ORIENTED_EDGE ( 'NONE', *, *, #3503, .T. ) ;
#2206 = ADVANCED_FACE ( 'NONE', ( #1699 ), #1378, .T. ) ;
#2207 = VERTEX_POINT ( 'NONE', #2777 ) ;
#2208 = EDGE_CURVE ( 'NONE', #1627, #122, #1678, .T. ) ;
#2209 = CARTESIAN_POINT ( 'NONE',  ( 9.400000000000002132, 1.500000000000000444, 5.700000000000001066 ) ) ;
#2210 = EDGE_CURVE ( 'NONE', #623, #3633, #1313, .T. ) ;
#2211 = ORIENTED_EDGE ( 'NONE', *, *, #3505, .F. ) ;
#2212 = VERTEX_POINT ( 'NONE', #2457 ) ;
#2213 = CARTESIAN_POINT ( 'NONE',  ( 4.350000000000001421, 4.200000000000000178, 0.7000000000000005107 ) ) ;
#2214 = LINE ( 'NONE', #4320, #824 ) ;
#2215 = CARTESIAN_POINT ( 'NONE',  ( -4.400000000000000355, 0.9000000000000004663, 2.200000000000001510 ) ) ;
#2216 = ORIENTED_EDGE ( 'NONE', *, *, #2548, .T. ) ;
#2217 = VERTEX_POINT ( 'NONE', #3861 ) ;
#2218 = LINE ( 'NONE', #2843, #3771 ) ;
#2219 = PLANE ( 'NONE',  #3925 ) ;
#2220 = DIRECTION ( 'NONE',  ( 1.000000000000000000, 0.000000000000000000, -0.000000000000000000 ) ) ;
#2221 = AXIS2_PLACEMENT_3D ( 'NONE', #3662, #3267, #118 ) ;
#2222 = VECTOR ( 'NONE', #1193, 1000.000000000000000 ) ;
#2223 = ORIENTED_EDGE ( 'NONE', *, *, #1754, .T. ) ;
#2224 = EDGE_CURVE ( 'NONE', #3674, #1863, #2113, .T. ) ;
#2225 = SURFACE_SIDE_STYLE ('',( #92 ) ) ;
#2226 = CARTESIAN_POINT ( 'NONE',  ( 7.180000000000002380, 1.680000000000000604, 0.7750000000000004663 ) ) ;
#2227 = ADVANCED_FACE ( 'NONE', ( #2708 ), #4498, .T. ) ;
#2228 = CARTESIAN_POINT ( 'NONE',  ( -1.151025668138921265, 1.128571428571429447, 6.471428571428572418 ) ) ;
#2229 = ORIENTED_EDGE ( 'NONE', *, *, #779, .T. ) ;
#2230 = CIRCLE ( 'NONE', #2963, 1.022499999999999964 ) ;
#2231 = EDGE_LOOP ( 'NONE', ( #2952, #3550, #2657, #2298 ) ) ;
#2232 = CARTESIAN_POINT ( 'NONE',  ( -5.000000000000000000, 0.000000000000000000, 0.000000000000000000 ) ) ;
#2233 = VECTOR ( 'NONE', #1490, 1000.000000000000000 ) ;
#2234 = VECTOR ( 'NONE', #3774, 1000.000000000000000 ) ;
#2235 = FACE_OUTER_BOUND ( 'NONE', #2098, .T. ) ;
#2236 = LINE ( 'NONE', #858, #2031 ) ;
#2237 = SHAPE_REPRESENTATION ( 'Pin 1', ( #146 ), #1819 ) ;
#2238 = ORIENTED_EDGE ( 'NONE', *, *, #801, .F. ) ;
#2239 = CARTESIAN_POINT ( 'NONE',  ( -3.800000000000000266, 0.000000000000000000, 0.7000000000000006217 ) ) ;
#2240 = ORIENTED_EDGE ( 'NONE', *, *, #1549, .T. ) ;
#2241 = DIRECTION ( 'NONE',  ( 5.929230630780103360E-16, -1.000000000000000000, 0.000000000000000000 ) ) ;
#2242 = DIRECTION ( 'NONE',  ( 6.746146851020910014E-16, -1.000000000000000000, 0.000000000000000000 ) ) ;
#2243 = VECTOR ( 'NONE', #221, 1000.000000000000000 ) ;
#2244 = ORIENTED_EDGE ( 'NONE', *, *, #4175, .F. ) ;
#2245 = ORIENTED_EDGE ( 'NONE', *, *, #3208, .T. ) ;
#2246 = CYLINDRICAL_SURFACE ( 'NONE', #4130, 1.022500000000000187 ) ;
#2247 = VECTOR ( 'NONE', #3881, 1000.000000000000000 ) ;
#2248 = DIRECTION ( 'NONE',  ( 2.891205793294671128E-15, 0.000000000000000000, -1.000000000000000000 ) ) ;
#2249 = VERTEX_POINT ( 'NONE', #965 ) ;
#2250 = AXIS2_PLACEMENT_3D ( 'NONE', #4294, #3871, #2493 ) ;
#2251 = CIRCLE ( 'NONE', #1444, 0.3825000000000000067 ) ;
#2252 = LINE ( 'NONE', #177, #254 ) ;
#2253 = CARTESIAN_POINT ( 'NONE',  ( 8.950000000000002842, 3.415000000000000480, 1.700000000000002398 ) ) ;
#2254 = CARTESIAN_POINT ( 'NONE',  ( -3.800000000000000266, 0.000000000000000000, 0.7000000000000006217 ) ) ;
#2255 = VECTOR ( 'NONE', #3848, 1000.000000000000000 ) ;
#2256 = EDGE_CURVE ( 'NONE', #3902, #3411, #629, .T. ) ;
#2257 = ORIENTED_EDGE ( 'NONE', *, *, #1275, .T. ) ;
#2258 = PRODUCT_DEFINITION_FORMATION_WITH_SPECIFIED_SOURCE ( 'ANY', '', #1886, .NOT_KNOWN. ) ;
#2259 = VECTOR ( 'NONE', #2344, 1000.000000000000000 ) ;
#2260 = CARTESIAN_POINT ( 'NONE',  ( 3.150000000000000799, -0.7999999999999994893, 0.7000000000000003997 ) ) ;
#2261 = DIRECTION ( 'NONE',  ( 0.000000000000000000, 0.000000000000000000, -1.000000000000000000 ) ) ;
#2262 = EDGE_CURVE ( 'NONE', #4288, #923, #3225, .T. ) ;
#2263 = CARTESIAN_POINT ( 'NONE',  ( 10.00000000000000178, -1.068656249629502597E-31, 0.7750000000000004663 ) ) ;
#2264 = DIRECTION ( 'NONE',  ( 0.000000000000000000, 0.000000000000000000, 1.000000000000000000 ) ) ;
#2265 = ADVANCED_FACE ( 'NONE', ( #819 ), #2219, .F. ) ;
#2266 = DIRECTION ( 'NONE',  ( -1.000000000000000000, -6.776263578034410601E-16, 0.000000000000000000 ) ) ;
#2267 = CARTESIAN_POINT ( 'NONE',  ( 5.000000000000000000, 2.900000000000000355, 5.900000000000000355 ) ) ;
#2268 = ORIENTED_EDGE ( 'NONE', *, *, #1637, .T. ) ;
#2269 = DIRECTION ( 'NONE',  ( 1.000000000000000000, 0.000000000000000000, 0.000000000000000000 ) ) ;
#2270 = ORIENTED_EDGE ( 'NONE', *, *, #2561, .F. ) ;
#2271 = CARTESIAN_POINT ( 'NONE',  ( -4.400000000000000355, 1.500000000000000444, 5.700000000000001066 ) ) ;
#2272 = ADVANCED_FACE ( 'NONE', ( #3947 ), #2861, .F. ) ;
#2273 = DIRECTION ( 'NONE',  ( 1.000000000000000000, 0.000000000000000000, 2.891205793294671128E-15 ) ) ;
#2274 = ORIENTED_EDGE ( 'NONE', *, *, #4175, .T. ) ;
#2275 = LINE ( 'NONE', #543, #3978 ) ;
#2276 = LINE ( 'NONE', #3672, #4069 ) ;
#2277 = CARTESIAN_POINT ( 'NONE',  ( -2.180000000000000160, 2.320000000000000284, 2.200000000000001510 ) ) ;
#2278 = ORIENTED_EDGE ( 'NONE', *, *, #3172, .T. ) ;
#2279 = EDGE_LOOP ( 'NONE', ( #2704, #3109, #1839, #2200 ) ) ;
#2280 = ADVANCED_FACE ( 'NONE', ( #3248 ), #2887, .T. ) ;
#2281 = DIRECTION ( 'NONE',  ( -0.000000000000000000, 1.000000000000000000, -0.000000000000000000 ) ) ;
#2282 = CARTESIAN_POINT ( 'NONE',  ( -2.712820323027549829, 1.680000000000000160, 6.200000000000000178 ) ) ;
#2283 = DIRECTION ( 'NONE',  ( -0.000000000000000000, 1.000000000000000000, -0.000000000000000000 ) ) ;
#2284 = FACE_OUTER_BOUND ( 'NONE', #75, .T. ) ;
#2285 = DIRECTION ( 'NONE',  ( -6.776263578034410601E-16, 1.000000000000000000, 0.000000000000000000 ) ) ;
#2286 = FACE_OUTER_BOUND ( 'NONE', #3186, .T. ) ;
#2287 = ADVANCED_FACE ( 'NONE', ( #67 ), #1467, .F. ) ;
#2288 = ORIENTED_EDGE ( 'NONE', *, *, #1831, .F. ) ;
#2289 = VERTEX_POINT ( 'NONE', #4307 ) ;
#2290 = EDGE_CURVE ( 'NONE', #3216, #393, #1168, .T. ) ;
#2291 = DIRECTION ( 'NONE',  ( 0.000000000000000000, 0.000000000000000000, 1.000000000000000000 ) ) ;
#2292 = DIRECTION ( 'NONE',  ( 1.133806193448894231E-15, -1.000000000000000000, 0.000000000000000000 ) ) ;
#2293 = ORIENTED_EDGE ( 'NONE', *, *, #191, .F. ) ;
#2294 = DIRECTION ( 'NONE',  ( -0.000000000000000000, 1.000000000000000000, -0.000000000000000000 ) ) ;
#2295 = AXIS2_PLACEMENT_3D ( 'NONE', #3312, #189, #1867 ) ;
#2296 = PLANE ( 'NONE',  #3108 ) ;
#2297 = DIRECTION ( 'NONE',  ( 1.000000000000000000, 0.000000000000000000, 0.000000000000000000 ) ) ;
#2298 = ORIENTED_EDGE ( 'NONE', *, *, #4052, .F. ) ;
#2299 = ORIENTED_EDGE ( 'NONE', *, *, #1860, .T. ) ;
#2300 = PRODUCT_DEFINITION ( 'UNKNOWN', '', #1963, #1702 ) ;
#2301 = CARTESIAN_POINT ( 'NONE',  ( 5.649999999999984368, -3.851859888774465575E-31, 6.699999999999985967 ) ) ;
#2302 = CARTESIAN_POINT ( 'NONE',  ( -5.000000000000000000, 2.600000000000000533, 5.818181818181818343 ) ) ;
#2303 = CIRCLE ( 'NONE', #914, 0.3825000000000000067 ) ;
#2304 = DIRECTION ( 'NONE',  ( 0.000000000000000000, 0.000000000000000000, -1.000000000000000000 ) ) ;
#2305 = VECTOR ( 'NONE', #58, 1000.000000000000000 ) ;
#2306 = CARTESIAN_POINT ( 'NONE',  ( 4.350000000000001421, 4.200000000000000178, 0.7750000000000005773 ) ) ;
#2307 = ADVANCED_FACE ( 'NONE', ( #3367 ), #4398, .F. ) ;
#2308 = ORIENTED_EDGE ( 'NONE', *, *, #2788, .T. ) ;
#2309 = APPLICATION_PROTOCOL_DEFINITION ( 'draft international standard', 'automotive_design', 1998, #1330 ) ;
#2310 = ORIENTED_EDGE ( 'NONE', *, *, #4056, .F. ) ;
#2311 = CARTESIAN_POINT ( 'NONE',  ( 8.950000000000002842, 0.000000000000000000, 0.000000000000000000 ) ) ;
#2312 = CYLINDRICAL_SURFACE ( 'NONE', #2026, 1.022499999999999742 ) ;
#2313 = ORIENTED_EDGE ( 'NONE', *, *, #764, .F. ) ;
#2314 = AXIS2_PLACEMENT_3D ( 'NONE', #3276, #2613, #1992 ) ;
#2315 = CARTESIAN_POINT ( 'NONE',  ( 8.150000000000002132, -1.068656249629502597E-31, 0.7750000000000004663 ) ) ;
#2316 = CARTESIAN_POINT ( 'NONE',  ( -2.180000000000000160, 2.319999999999999840, 0.6999999999999999556 ) ) ;
#2317 = EDGE_CURVE ( 'NONE', #646, #4278, #2038, .T. ) ;
#2318 = CARTESIAN_POINT ( 'NONE',  ( 5.000000000000000000, 2.600000000000000533, 5.281818181818181301 ) ) ;
#2319 = EDGE_LOOP ( 'NONE', ( #853, #277, #200, #468 ) ) ;
#2320 = VECTOR ( 'NONE', #392, 1000.000000000000000 ) ;
#2321 = ORIENTED_EDGE ( 'NONE', *, *, #26, .T. ) ;
#2322 = VECTOR ( 'NONE', #1388, 1000.000000000000000 ) ;
#2323 = LINE ( 'NONE', #3677, #3908 ) ;
#2324 = VECTOR ( 'NONE', #1253, 1000.000000000000000 ) ;
#2325 = DIRECTION ( 'NONE',  ( 2.891205793294671128E-15, 4.697390108261552570E-32, -1.000000000000000000 ) ) ;
#2326 = VERTEX_POINT ( 'NONE', #1307 ) ;
#2327 = VECTOR ( 'NONE', #811, 1000.000000000000000 ) ;
#2328 = LINE ( 'NONE', #1365, #1926 ) ;
#2329 = PRODUCT_DEFINITION_FORMATION_WITH_SPECIFIED_SOURCE ( 'ANY', '', #4334, .NOT_KNOWN. ) ;
#2330 = DIRECTION ( 'NONE',  ( 0.000000000000000000, -1.000000000000000000, 0.000000000000000000 ) ) ;
#2331 = ORIENTED_EDGE ( 'NONE', *, *, #3073, .F. ) ;
#2332 = EDGE_CURVE ( 'NONE', #1689, #247, #3439, .T. ) ;
#2333 = DIRECTION ( 'NONE',  ( 0.000000000000000000, 0.000000000000000000, -1.000000000000000000 ) ) ;
#2334 = LINE ( 'NONE', #2961, #3711 ) ;
#2335 = ORIENTED_EDGE ( 'NONE', *, *, #2080, .T. ) ;
#2336 = PLANE ( 'NONE',  #1798 ) ;
#2337 = LINE ( 'NONE', #3718, #3391 ) ;
#2338 = DIRECTION ( 'NONE',  ( 0.000000000000000000, -1.000000000000000000, 0.000000000000000000 ) ) ;
#2339 = CARTESIAN_POINT ( 'NONE',  ( 5.000000000000000000, 2.700000000000000622, 2.200000000000001510 ) ) ;
#2340 = ORIENTED_EDGE ( 'NONE', *, *, #2922, .F. ) ;
#2341 = CARTESIAN_POINT ( 'NONE',  ( 5.000000000000000000, 2.200000000000000622, 2.200000000000001510 ) ) ;
#2342 = EDGE_CURVE ( 'NONE', #1386, #794, #4233, .T. ) ;
#2343 = EDGE_LOOP ( 'NONE', ( #2890, #2896, #3243, #1835 ) ) ;
#2344 = DIRECTION ( 'NONE',  ( -0.000000000000000000, 1.000000000000000000, -0.000000000000000000 ) ) ;
#2345 = ORIENTED_EDGE ( 'NONE', *, *, #4180, .F. ) ;
#2346 = EDGE_CURVE ( 'NONE', #3497, #4333, #3088, .T. ) ;
#2347 =( NAMED_UNIT ( * ) SI_UNIT ( $, .STERADIAN. ) SOLID_ANGLE_UNIT ( ) );
#2348 = CARTESIAN_POINT ( 'NONE',  ( 0.3200000000000035594, -2.799999999999999822, -0.3200000000000000067 ) ) ;
#2349 = EDGE_CURVE ( 'NONE', #3411, #3506, #4489, .T. ) ;
#2350 = DIRECTION ( 'NONE',  ( 1.000000000000000000, 0.000000000000000000, 0.000000000000000000 ) ) ;
#2351 = ORIENTED_EDGE ( 'NONE', *, *, #3776, .F. ) ;
#2352 = CARTESIAN_POINT ( 'NONE',  ( -5.000000000000000000, 4.200000000000000178, 0.7000000000000006217 ) ) ;
#2353 = ORIENTED_EDGE ( 'NONE', *, *, #1802, .F. ) ;
#2354 = DIRECTION ( 'NONE',  ( -0.8660254037844385966, -0.5000000000000002220, 0.000000000000000000 ) ) ;
#2355 = LINE ( 'NONE', #3440, #3639 ) ;
#2356 = ORIENTED_EDGE ( 'NONE', *, *, #3638, .F. ) ;
#2357 = ORIENTED_EDGE ( 'NONE', *, *, #1604, .T. ) ;
#2358 = FACE_OUTER_BOUND ( 'NONE', #180, .T. ) ;
#2359 = DIRECTION ( 'NONE',  ( 0.000000000000000000, -2.710505431213761085E-16, 1.000000000000000000 ) ) ;
#2360 = LINE ( 'NONE', #4192, #2458 ) ;
#2361 = CARTESIAN_POINT ( 'NONE',  ( 0.3199999999999999512, 2.320000000000000284, -1.499999999999998668 ) ) ;
#2362 = ORIENTED_EDGE ( 'NONE', *, *, #1140, .F. ) ;
#2363 = LINE ( 'NONE', #2574, #2916 ) ;
#2364 = EDGE_CURVE ( 'NONE', #2433, #2535, #3703, .T. ) ;
#2365 = ORIENTED_EDGE ( 'NONE', *, *, #181, .F. ) ;
#2366 = AXIS2_PLACEMENT_3D ( 'NONE', #4358, #3740, #1606 ) ;
#2368 = EDGE_CURVE ( 'NONE', #1128, #1366, #4336, .T. ) ;
#2367 = LINE ( 'NONE', #548, #2408 ) ;
#2369 = VECTOR ( 'NONE', #925, 1000.000000000000000 ) ;
#2370 = LINE ( 'NONE', #679, #2234 ) ;
#2371 = EDGE_CURVE ( 'NONE', #4143, #560, #4365, .T. ) ;
#2372 = AXIS2_PLACEMENT_3D ( 'NONE', #197, #4080, #891 ) ;
#2373 = CARTESIAN_POINT ( 'NONE',  ( 0.3200000000000000067, 1.300000000000000044, 5.799999999999999822 ) ) ;
#2374 = LINE ( 'NONE', #3435, #854 ) ;
#2375 = VECTOR ( 'NONE', #4421, 1000.000000000000000 ) ;
#2376 = EDGE_LOOP ( 'NONE', ( #2340, #1628, #402, #3934, #507, #2245, #2718, #2095 ) ) ;
#2377 = DIRECTION ( 'NONE',  ( 1.000000000000000000, 6.776263578034403699E-16, 0.000000000000000000 ) ) ;
#2378 = ORIENTED_EDGE ( 'NONE', *, *, #612, .F. ) ;
#2379 = LINE ( 'NONE', #1670, #4364 ) ;
#2380 = DIRECTION ( 'NONE',  ( -0.000000000000000000, 1.000000000000000000, -0.000000000000000000 ) ) ;
#2381 = EDGE_LOOP ( 'NONE', ( #2775, #1015, #2463, #3449, #3168, #3083, #19, #3029 ) ) ;
#2382 = ORIENTED_EDGE ( 'NONE', *, *, #977, .T. ) ;
#2383 = CARTESIAN_POINT ( 'NONE',  ( -2.819999999999999840, -1.899999999999999911, -0.4525000000000000133 ) ) ;
#2384 = DIRECTION ( 'NONE',  ( 0.000000000000000000, 0.000000000000000000, 1.000000000000000000 ) ) ;
#2385 = DIRECTION ( 'NONE',  ( -0.000000000000000000, -0.000000000000000000, 1.000000000000000000 ) ) ;
#2386 = LINE ( 'NONE', #2778, #4292 ) ;
#2387 = ORIENTED_EDGE ( 'NONE', *, *, #782, .F. ) ;
#2388 = CARTESIAN_POINT ( 'NONE',  ( 0.6000000000000015321, 0.9000000000000004663, 6.700000000000001066 ) ) ;
#2389 = ORIENTED_EDGE ( 'NONE', *, *, #1604, .F. ) ;
#2390 = UNCERTAINTY_MEASURE_WITH_UNIT (LENGTH_MEASURE( 1.000000000000000082E-05 ), #2692, 'distance_accuracy_value', 'NONE');
#2391 = EDGE_CURVE ( 'NONE', #2703, #955, #3565, .T. ) ;
#2392 = DIRECTION ( 'NONE',  ( 1.000000000000000000, 7.623296525288704038E-16, 0.000000000000000000 ) ) ;
#2393 = VECTOR ( 'NONE', #4422, 1000.000000000000000 ) ;
#2394 = CARTESIAN_POINT ( 'NONE',  ( 1.019059892324149619, 0.9000000000000004663, 2.200000000000001510 ) ) ;
#2395 = EDGE_LOOP ( 'NONE', ( #3997, #3300, #1225, #326 ) ) ;
#2396 = VECTOR ( 'NONE', #1503, 1000.000000000000000 ) ;
#2397 = CARTESIAN_POINT ( 'NONE',  ( -4.400000000000000355, 0.9000000000000004663, 6.700000000000001066 ) ) ;
#2398 = VECTOR ( 'NONE', #3278, 1000.000000000000000 ) ;
#2399 = CARTESIAN_POINT ( 'NONE',  ( 8.950000000000002842, 1.500000000000000444, 2.200000000000001510 ) ) ;
#2400 = AXIS2_PLACEMENT_3D ( 'NONE', #1999, #3397, #513 ) ;
#2401 = EDGE_CURVE ( 'NONE', #3815, #2478, #847, .T. ) ;
#2402 = EDGE_LOOP ( 'NONE', ( #2202, #3808, #1092, #949 ) ) ;
#2403 = EDGE_CURVE ( 'NONE', #4059, #3674, #4315, .T. ) ;
#2404 = LINE ( 'NONE', #936, #3793 ) ;
#2405 = ORIENTED_EDGE ( 'NONE', *, *, #4180, .T. ) ;
#2406 = STYLED_ITEM ( 'NONE', ( #176 ), #1333 ) ;
#2407 = CARTESIAN_POINT ( 'NONE',  ( 5.320000000000000284, 2.320000000000000284, 0.7750000000000004663 ) ) ;
#2408 = VECTOR ( 'NONE', #900, 1000.000000000000000 ) ;
#2409 = DIRECTION ( 'NONE',  ( 0.2505628070857268686, 0.9351131265310315133, -0.2505628070857278678 ) ) ;
#2410 = ORIENTED_EDGE ( 'NONE', *, *, #345, .T. ) ;
#2411 = ORIENTED_EDGE ( 'NONE', *, *, #4040, .F. ) ;
#2412 = LINE ( 'NONE', #1011, #3626 ) ;
#2413 = ADVANCED_FACE ( 'NONE', ( #1175 ), #3262, .F. ) ;
#2414 = CARTESIAN_POINT ( 'NONE',  ( 9.400000000000002132, 0.000000000000000000, 0.000000000000000000 ) ) ;
#2415 = DIRECTION ( 'NONE',  ( -1.753826068629826173E-16, 0.2588190451025166317, 0.9659258262890695335 ) ) ;
#2416 = EDGE_CURVE ( 'NONE', #1075, #668, #2946, .T. ) ;
#2417 = DIRECTION ( 'NONE',  ( -0.5000000000000002220, 0.8660254037844384856, -0.000000000000000000 ) ) ;
#2418 = CARTESIAN_POINT ( 'NONE',  ( 10.99082632030006224, 2.700000000000000622, 2.200000000000001510 ) ) ;
#2419 = VERTEX_POINT ( 'NONE', #511 ) ;
#2420 = SURFACE_SIDE_STYLE ('',( #2142 ) ) ;
#2421 = LINE ( 'NONE', #276, #2891 ) ;
#2422 = VERTEX_POINT ( 'NONE', #4001 ) ;
#2423 = EDGE_CURVE ( 'NONE', #1725, #851, #1890, .T. ) ;
#2424 = LINE ( 'NONE', #3150, #334 ) ;
#2425 = ORIENTED_EDGE ( 'NONE', *, *, #1837, .T. ) ;
#2426 = DIRECTION ( 'NONE',  ( 0.000000000000000000, 0.08715574274765433560, 0.9961946980917458783 ) ) ;
#2427 = ADVANCED_FACE ( 'NONE', ( #3286 ), #445, .F. ) ;
#2428 = LINE ( 'NONE', #2717, #5 ) ;
#2429 = ORIENTED_EDGE ( 'NONE', *, *, #3679, .T. ) ;
#2430 = DIRECTION ( 'NONE',  ( -0.5000000000000002220, -0.8660254037844384856, 0.000000000000000000 ) ) ;
#2431 = DIRECTION ( 'NONE',  ( 1.000000000000000000, 0.000000000000000000, -0.000000000000000000 ) ) ;
#2432 = EDGE_CURVE ( 'NONE', #3237, #2422, #3658, .T. ) ;
#2433 = VERTEX_POINT ( 'NONE', #464 ) ;
#2434 = ORIENTED_EDGE ( 'NONE', *, *, #2060, .T. ) ;
#2435 = DIRECTION ( 'NONE',  ( -1.000000000000000000, 0.000000000000000000, 0.000000000000000000 ) ) ;
#2436 = CARTESIAN_POINT ( 'NONE',  ( 6.480940107675851714, 0.9000000000000009104, 6.700000000000001066 ) ) ;
#2437 = DIRECTION ( 'NONE',  ( 1.000000000000000000, 8.503546450866700322E-16, 0.000000000000000000 ) ) ;
#2438 = DIRECTION ( 'NONE',  ( 1.000000000000000000, 0.000000000000000000, 0.000000000000000000 ) ) ;
#2439 = VERTEX_POINT ( 'NONE', #3308 ) ;
#2440 = DIRECTION ( 'NONE',  ( -0.000000000000000000, -0.000000000000000000, -1.000000000000000000 ) ) ;
#2441 = ORIENTED_EDGE ( 'NONE', *, *, #37, .F. ) ;
#2442 = LINE ( 'NONE', #348, #97 ) ;
#2443 = ORIENTED_EDGE ( 'NONE', *, *, #264, .F. ) ;
#2444 = DIRECTION ( 'NONE',  ( 1.000000000000000000, 6.776263578034410601E-16, -5.473822126268819114E-48 ) ) ;
#2445 = VECTOR ( 'NONE', #4135, 1000.000000000000000 ) ;
#2446 = FACE_OUTER_BOUND ( 'NONE', #4034, .T. ) ;
#2447 = LINE ( 'NONE', #1133, #578 ) ;
#2448 = ORIENTED_EDGE ( 'NONE', *, *, #1522, .T. ) ;
#2449 = LINE ( 'NONE', #601, #3927 ) ;
#2450 = ADVANCED_FACE ( 'NONE', ( #1912 ), #183, .F. ) ;
#2451 = CARTESIAN_POINT ( 'NONE',  ( 4.679999999999999716, 2.320000000000000284, 2.200000000000001510 ) ) ;
#2452 = VECTOR ( 'NONE', #2543, 1000.000000000000000 ) ;
#2453 = ORIENTED_EDGE ( 'NONE', *, *, #3419, .F. ) ;
#2454 = VERTEX_POINT ( 'NONE', #1840 ) ;
#2455 = PLANE ( 'NONE',  #3856 ) ;
#2456 = FACE_BOUND ( 'NONE', #154, .T. ) ;
#2457 = CARTESIAN_POINT ( 'NONE',  ( 0.2128203230275509950, 2.212820323027549829, 6.200000000000000178 ) ) ;
#2458 = VECTOR ( 'NONE', #3422, 1000.000000000000000 ) ;
#2459 = CARTESIAN_POINT ( 'NONE',  ( 0.3200000000000000067, 1.300000000000000044, 0.3200000000000000067 ) ) ;
#2460 = EDGE_CURVE ( 'NONE', #2999, #2945, #114, .T. ) ;
#2461 = VECTOR ( 'NONE', #337, 1000.000000000000000 ) ;
#2462 = EDGE_CURVE ( 'NONE', #2185, #3189, #2025, .T. ) ;
#2463 = ORIENTED_EDGE ( 'NONE', *, *, #552, .T. ) ;
#2464 = EDGE_CURVE ( 'NONE', #1627, #1174, #2003, .T. ) ;
#2465 = VECTOR ( 'NONE', #2440, 1000.000000000000000 ) ;
#2466 = CARTESIAN_POINT ( 'NONE',  ( 10.00000000000000178, 2.900000000000000355, 5.200000000000000178 ) ) ;
#2467 = AXIS2_PLACEMENT_3D ( 'NONE', #3646, #2937, #1713 ) ;
#2468 = ORIENTED_EDGE ( 'NONE', *, *, #37, .T. ) ;
#2469 = DIRECTION ( 'NONE',  ( -5.929230630780103360E-16, 1.000000000000000000, 0.000000000000000000 ) ) ;
#2470 = VECTOR ( 'NONE', #756, 1000.000000000000000 ) ;
#2471 = CARTESIAN_POINT ( 'NONE',  ( 8.950000000000002842, 2.200000000000000622, 2.200000000000001510 ) ) ;
#2472 = VECTOR ( 'NONE', #551, 1000.000000000000000 ) ;
#2473 = DIRECTION ( 'NONE',  ( -1.753826068629825187E-16, 0.2588190451025162431, -0.9659258262890696445 ) ) ;
#2474 = VERTEX_POINT ( 'NONE', #3430 ) ;
#2475 = CARTESIAN_POINT ( 'NONE',  ( 7.180000000000002380, 2.320000000000000284, 0.7750000000000004663 ) ) ;
#2476 = AXIS2_PLACEMENT_3D ( 'NONE', #3589, #4005, #4343 ) ;
#2477 = CARTESIAN_POINT ( 'NONE',  ( 5.650000000000001243, -0.7999999999999994893, 0.7000000000000003997 ) ) ;
#2478 = VERTEX_POINT ( 'NONE', #4070 ) ;
#2479 = VERTEX_POINT ( 'NONE', #970 ) ;
#2480 = STYLED_ITEM ( 'NONE', ( #1060 ), #2204 ) ;
#2481 = EDGE_CURVE ( 'NONE', #2164, #3708, #4460, .T. ) ;
#2482 = LINE ( 'NONE', #2418, #59 ) ;
#2483 = CARTESIAN_POINT ( 'NONE',  ( 0.3200000000000035594, -2.799999999999999822, -0.3200000000000000067 ) ) ;
#2484 = DIRECTION ( 'NONE',  ( 1.141265444721583511E-15, -1.000000000000000000, 0.000000000000000000 ) ) ;
#2485 = CARTESIAN_POINT ( 'NONE',  ( 2.180000000000000160, 2.320000000000000284, 2.200000000000001510 ) ) ;
#2486 = ORIENTED_EDGE ( 'NONE', *, *, #4086, .F. ) ;
#2487 = LINE ( 'NONE', #2466, #654 ) ;
#2488 = VERTEX_POINT ( 'NONE', #4480 ) ;
#2489 = ORIENTED_EDGE ( 'NONE', *, *, #3746, .F. ) ;
#2490 = EDGE_CURVE ( 'NONE', #85, #526, #589, .T. ) ;
#2491 = LINE ( 'NONE', #3820, #4338 ) ;
#2492 = CARTESIAN_POINT ( 'NONE',  ( 5.650000000000001243, 4.200000000000000178, 0.7000000000000003997 ) ) ;
#2493 = DIRECTION ( 'NONE',  ( 0.000000000000000000, -1.000000000000000000, 0.000000000000000000 ) ) ;
#2494 = DIRECTION ( 'NONE',  ( 0.000000000000000000, -1.000000000000000000, 0.000000000000000000 ) ) ;
#2495 = EDGE_CURVE ( 'NONE', #1317, #4314, #275, .T. ) ;
#2496 = ORIENTED_EDGE ( 'NONE', *, *, #2201, .F. ) ;
#2497 = CARTESIAN_POINT ( 'NONE',  ( 2.820000000000000284, 1.680000000000000604, -1.499999999999998668 ) ) ;
#2498 = DIRECTION ( 'NONE',  ( 1.000000000000000000, 0.000000000000000000, 2.891205793294671128E-15 ) ) ;
#2499 = ORIENTED_EDGE ( 'NONE', *, *, #2824, .F. ) ;
#2500 = ORIENTED_EDGE ( 'NONE', *, *, #3433, .F. ) ;
#2501 = CARTESIAN_POINT ( 'NONE',  ( -0.6499999999999991340, -0.7999999999999994893, 0.7000000000000005107 ) ) ;
#2502 = PLANE ( 'NONE',  #1127 ) ;
#2503 = CARTESIAN_POINT ( 'NONE',  ( 2.500000000000001776, 0.9000000000000009104, 6.700000000000001066 ) ) ;
#2504 = CARTESIAN_POINT ( 'NONE',  ( -5.000000000000000000, 2.900000000000000355, 5.900000000000000355 ) ) ;
#2505 = DIRECTION ( 'NONE',  ( -0.000000000000000000, -0.000000000000000000, 1.000000000000000000 ) ) ;
#2506 = ORIENTED_EDGE ( 'NONE', *, *, #688, .T. ) ;
#2507 = SURFACE_STYLE_FILL_AREA ( #2140 ) ;
#2508 = CARTESIAN_POINT ( 'NONE',  ( 6.480940107675851714, 0.9000000000000004663, 2.200000000000001510 ) ) ;
#2509 = EDGE_LOOP ( 'NONE', ( #4466, #1887, #4433, #4096 ) ) ;
#2510 = EDGE_CURVE ( 'NONE', #1075, #1725, #1318, .T. ) ;
#2511 = VERTEX_POINT ( 'NONE', #4432 ) ;
#2512 = CARTESIAN_POINT ( 'NONE',  ( 5.000000000000000000, -3.851859888774471706E-31, 6.699999999999999289 ) ) ;
#2513 = EDGE_CURVE ( 'NONE', #2962, #4249, #2323, .T. ) ;
#2514 = LINE ( 'NONE', #401, #2106 ) ;
#2515 = AXIS2_PLACEMENT_3D ( 'NONE', #4482, #3434, #2693 ) ;
#2516 = ORIENTED_EDGE ( 'NONE', *, *, #1397, .T. ) ;
#2517 = CARTESIAN_POINT ( 'NONE',  ( 5.000000000000000000, 2.900000000000000355, 5.200000000000000178 ) ) ;
#2518 = DIRECTION ( 'NONE',  ( 0.000000000000000000, -0.000000000000000000, -1.000000000000000000 ) ) ;
#2519 = VERTEX_POINT ( 'NONE', #4407 ) ;
#2520 = CARTESIAN_POINT ( 'NONE',  ( -3.950000000000000178, 0.000000000000000000, 0.000000000000000000 ) ) ;
#2521 = CARTESIAN_POINT ( 'NONE',  ( -2.819999999999999396, 1.680000000000000604, -1.499999999999998668 ) ) ;
#2522 = DIRECTION ( 'NONE',  ( 0.000000000000000000, 0.000000000000000000, 1.000000000000000000 ) ) ;
#2523 = CARTESIAN_POINT ( 'NONE',  ( 4.350000000000001421, -0.7999999999999994893, 0.7750000000000005773 ) ) ;
#2524 = ORIENTED_EDGE ( 'NONE', *, *, #1554, .F. ) ;
#2525 = PRESENTATION_LAYER_ASSIGNMENT (  '', '', ( #1935 ) ) ;
#2526 = EDGE_CURVE ( 'NONE', #83, #4162, #3378, .T. ) ;
#2527 = FILL_AREA_STYLE_COLOUR ( '', #3872 ) ;
#2528 = DIRECTION ( 'NONE',  ( 1.000000000000000000, 6.776263578034410601E-16, 0.000000000000000000 ) ) ;
#2529 = ORIENTED_EDGE ( 'NONE', *, *, #2462, .F. ) ;
#2530 = ORIENTED_EDGE ( 'NONE', *, *, #338, .T. ) ;
#2531 = ADVANCED_FACE ( 'NONE', ( #4387 ), #1684, .F. ) ;
#2532 = VECTOR ( 'NONE', #3414, 1000.000000000000000 ) ;
#2533 = DIRECTION ( 'NONE',  ( -0.000000000000000000, 1.000000000000000000, -0.000000000000000000 ) ) ;
#2534 = FACE_OUTER_BOUND ( 'NONE', #273, .T. ) ;
#2535 = VERTEX_POINT ( 'NONE', #1981 ) ;
#2536 = DIRECTION ( 'NONE',  ( 0.000000000000000000, 0.000000000000000000, 1.000000000000000000 ) ) ;
#2537 = EDGE_CURVE ( 'NONE', #1689, #3053, #4024, .T. ) ;
#2538 = DIRECTION ( 'NONE',  ( 6.776263578034403699E-16, -1.000000000000000000, 0.000000000000000000 ) ) ;
#2539 = VECTOR ( 'NONE', #38, 1000.000000000000000 ) ;
#2540 = EDGE_LOOP ( 'NONE', ( #384, #3231, #3763, #3120 ) ) ;
#2541 = LINE ( 'NONE', #2197, #354 ) ;
#2542 = VECTOR ( 'NONE', #726, 1000.000000000000000 ) ;
#2543 = DIRECTION ( 'NONE',  ( -6.746146851020910014E-16, 1.000000000000000000, -3.614007241618344826E-17 ) ) ;
#2544 = CARTESIAN_POINT ( 'NONE',  ( 10.00000000000000178, 4.200000000000000178, 0.7000000000000006217 ) ) ;
#2545 = ORIENTED_EDGE ( 'NONE', *, *, #3836, .F. ) ;
#2546 = AXIS2_PLACEMENT_3D ( 'NONE', #33, #4274, #1112 ) ;
#2547 = ORIENTED_EDGE ( 'NONE', *, *, #1571, .T. ) ;
#2548 = EDGE_CURVE ( 'NONE', #1761, #748, #4048, .T. ) ;
#2549 = EDGE_CURVE ( 'NONE', #4362, #807, #948, .T. ) ;
#2550 = VECTOR ( 'NONE', #18, 1000.000000000000000 ) ;
#2551 = LINE ( 'NONE', #2254, #496 ) ;
#2552 = EDGE_LOOP ( 'NONE', ( #371, #420, #577, #542 ) ) ;
#2553 = ORIENTED_EDGE ( 'NONE', *, *, #1949, .F. ) ;
#2554 = CARTESIAN_POINT ( 'NONE',  ( -3.800000000000000266, 0.000000000000000000, 0.7000000000000006217 ) ) ;
#2555 = CARTESIAN_POINT ( 'NONE',  ( -2.180000000000000160, 1.680000000000000160, 6.200000000000000178 ) ) ;
#2556 = EDGE_CURVE ( 'NONE', #2866, #4505, #3010, .T. ) ;
#2557 = CARTESIAN_POINT ( 'NONE',  ( 10.00000000000000178, 2.600000000000000533, 5.281818181818181301 ) ) ;
#2558 = CARTESIAN_POINT ( 'NONE',  ( -5.000000000000000000, 1.600000000000000089, -1.499999999999998002 ) ) ;
#2559 = CARTESIAN_POINT ( 'NONE',  ( 0.3199999999999999512, 2.320000000000000284, 2.200000000000001510 ) ) ;
#2560 = FACE_OUTER_BOUND ( 'NONE', #39, .T. ) ;
#2561 = EDGE_CURVE ( 'NONE', #2927, #1619, #3727, .T. ) ;
#2562 = ORIENTED_EDGE ( 'NONE', *, *, #552, .F. ) ;
#2563 = ORIENTED_EDGE ( 'NONE', *, *, #2423, .F. ) ;
#2564 = CARTESIAN_POINT ( 'NONE',  ( 8.950000000000002842, 0.000000000000000000, 0.000000000000000000 ) ) ;
#2565 = CARTESIAN_POINT ( 'NONE',  ( -4.400000000000000355, 1.500000000000000444, 5.700000000000001066 ) ) ;
#2566 = LINE ( 'NONE', #3183, #1510 ) ;
#2567 = LINE ( 'NONE', #2845, #2763 ) ;
#2568 = ORIENTED_EDGE ( 'NONE', *, *, #2782, .F. ) ;
#2569 = CARTESIAN_POINT ( 'NONE',  ( 7.820000000000002061, 1.680000000000000604, -1.499999999999998668 ) ) ;
#2570 = DIRECTION ( 'NONE',  ( 0.000000000000000000, -0.000000000000000000, 1.000000000000000000 ) ) ;
#2571 = ORIENTED_EDGE ( 'NONE', *, *, #1409, .F. ) ;
#2572 = ORIENTED_EDGE ( 'NONE', *, *, #634, .F. ) ;
#2573 = CARTESIAN_POINT ( 'NONE',  ( 6.850000000000003197, -0.7999999999999994893, 0.7750000000000005773 ) ) ;
#2574 = CARTESIAN_POINT ( 'NONE',  ( 8.950000000000002842, 2.900000000000000355, 5.200000000000000178 ) ) ;
#2575 = LINE ( 'NONE', #3310, #3641 ) ;
#2576 = VERTEX_POINT ( 'NONE', #3356 ) ;
#2577 = DIRECTION ( 'NONE',  ( 1.000000000000000000, 1.133806193448892061E-15, 0.000000000000000000 ) ) ;
#2579 = EDGE_CURVE ( 'NONE', #762, #1865, #2367, .T. ) ;
#2578 = LINE ( 'NONE', #2606, #1212 ) ;
#2580 = FACE_OUTER_BOUND ( 'NONE', #2196, .T. ) ;
#2581 = ORIENTED_EDGE ( 'NONE', *, *, #3444, .T. ) ;
#2582 = VECTOR ( 'NONE', #3371, 1000.000000000000000 ) ;
#2583 = VERTEX_POINT ( 'NONE', #3699 ) ;
#2584 = EDGE_CURVE ( 'NONE', #3650, #1544, #566, .T. ) ;
#2585 = CARTESIAN_POINT ( 'NONE',  ( -2.819999999999999840, -1.899999999999999911, -0.4525000000000000133 ) ) ;
#2586 = DIRECTION ( 'NONE',  ( -0.8660254037844385966, -0.5000000000000002220, 0.000000000000000000 ) ) ;
#2587 = CARTESIAN_POINT ( 'NONE',  ( -2.180000000000000160, 1.300000000000000044, 5.799999999999999822 ) ) ;
#2588 = ORIENTED_EDGE ( 'NONE', *, *, #3581, .T. ) ;
#2589 = VECTOR ( 'NONE', #3421, 1000.000000000000000 ) ;
#2590 = CARTESIAN_POINT ( 'NONE',  ( 4.679999999999999716, 2.320000000000000284, 2.200000000000001510 ) ) ;
#2591 = PLANE ( 'NONE',  #3917 ) ;
#2592 = LINE ( 'NONE', #850, #2079 ) ;
#2593 = ORIENTED_EDGE ( 'NONE', *, *, #4172, .F. ) ;
#2594 = EDGE_CURVE ( 'NONE', #587, #2479, #3839, .T. ) ;
#2595 = VECTOR ( 'NONE', #3459, 1000.000000000000000 ) ;
#2596 = VECTOR ( 'NONE', #17, 1000.000000000000000 ) ;
#2597 = EDGE_LOOP ( 'NONE', ( #1640, #3830, #3338 ) ) ;
#2598 = EDGE_CURVE ( 'NONE', #937, #973, #2487, .T. ) ;
#2599 = DIRECTION ( 'NONE',  ( 1.000000000000000000, -0.000000000000000000, -0.000000000000000000 ) ) ;
#2600 = LINE ( 'NONE', #3287, #2182 ) ;
#2601 = LINE ( 'NONE', #186, #3569 ) ;
#2602 = EDGE_LOOP ( 'NONE', ( #684, #1879, #2545, #1579 ) ) ;
#2603 = VECTOR ( 'NONE', #343, 1000.000000000000000 ) ;
#2604 = ADVANCED_FACE ( 'NONE', ( #3148 ), #3816, .F. ) ;
#2605 = CARTESIAN_POINT ( 'NONE',  ( -1.250000000000000000, 1.300000000000000933, 6.300000000000000711 ) ) ;
#2606 = CARTESIAN_POINT ( 'NONE',  ( -2.180000000000000160, -2.482206405693955009, 0.3880604982206404818 ) ) ;
#2607 = DIRECTION ( 'NONE',  ( 0.000000000000000000, -1.000000000000000000, -0.000000000000000000 ) ) ;
#2608 = ORIENTED_EDGE ( 'NONE', *, *, #2935, .F. ) ;
#2609 = APPLICATION_PROTOCOL_DEFINITION ( 'draft international standard', 'automotive_design', 1998, #4136 ) ;
#2610 = ORIENTED_EDGE ( 'NONE', *, *, #303, .T. ) ;
#2611 = CARTESIAN_POINT ( 'NONE',  ( -2.500000000000000000, 0.9000000000000009104, 6.700000000000001066 ) ) ;
#2612 = AXIS2_PLACEMENT_3D ( 'NONE', #4067, #919, #3742 ) ;
#2613 = DIRECTION ( 'NONE',  ( -1.000000000000000000, -6.776263578034400740E-16, 0.000000000000000000 ) ) ;
#2614 = EDGE_CURVE ( 'NONE', #4068, #113, #741, .T. ) ;
#2615 = ORIENTED_EDGE ( 'NONE', *, *, #2460, .T. ) ;
#2616 = VECTOR ( 'NONE', #1824, 1000.000000000000000 ) ;
#2617 = VECTOR ( 'NONE', #883, 1000.000000000000000 ) ;
#2618 = DIRECTION ( 'NONE',  ( -7.623296525288704038E-16, 1.000000000000000000, -0.000000000000000000 ) ) ;
#2619 = CARTESIAN_POINT ( 'NONE',  ( 5.000000000000000000, 2.900000000000000355, 5.900000000000000355 ) ) ;
#2620 = PLANE ( 'NONE',  #2814 ) ;
#2621 = VECTOR ( 'NONE', #2494, 1000.000000000000000 ) ;
#2622 = ORIENTED_EDGE ( 'NONE', *, *, #3540, .F. ) ;
#2623 = PRODUCT_DEFINITION_FORMATION_WITH_SPECIFIED_SOURCE ( 'ANY', '', #3277, .NOT_KNOWN. ) ;
#2624 = AXIS2_PLACEMENT_3D ( 'NONE', #1087, #4156, #4132 ) ;
#2625 = CARTESIAN_POINT ( 'NONE',  ( 5.000000000000000000, 4.200000000000000178, 5.900000000000000355 ) ) ;
#2626 = CARTESIAN_POINT ( 'NONE',  ( 2.819999999999999840, 2.320000000000000284, -1.499999999999998668 ) ) ;
#2627 = CARTESIAN_POINT ( 'NONE',  ( -5.000000000000000000, -3.851859888774471706E-31, 6.699999999999999289 ) ) ;
#2628 = DIRECTION ( 'NONE',  ( -1.000000000000000000, -6.776263578034410601E-16, 5.473822126268819114E-48 ) ) ;
#2629 = DIRECTION ( 'NONE',  ( -0.000000000000000000, 1.000000000000000000, 0.000000000000000000 ) ) ;
#2630 = LINE ( 'NONE', #147, #441 ) ;
#2631 = CARTESIAN_POINT ( 'NONE',  ( -1.250000000000000666, 1.300000000000000711, 2.200000000000001510 ) ) ;
#2632 = ORIENTED_EDGE ( 'NONE', *, *, #3722, .F. ) ;
#2633 = PRODUCT_CONTEXT ( 'NONE', #886, 'mechanical' ) ;
#2634 = ORIENTED_EDGE ( 'NONE', *, *, #2342, .T. ) ;
#2635 = PLANE ( 'NONE',  #1858 ) ;
#2636 = CARTESIAN_POINT ( 'NONE',  ( 6.019059892324150063, 0.9000000000000004663, 2.200000000000001510 ) ) ;
#2637 = PRODUCT_DEFINITION ( 'UNKNOWN', '', #2258, #347 ) ;
#2638 = ORIENTED_EDGE ( 'NONE', *, *, #3008, .F. ) ;
#2639 = CARTESIAN_POINT ( 'NONE',  ( 4.679999999999999716, 2.320000000000000284, 0.7750000000000004663 ) ) ;
#2640 = CARTESIAN_POINT ( 'NONE',  ( -3.949999999999999734, 2.900000000000000355, 5.200000000000000178 ) ) ;
#2641 = PLANE ( 'NONE',  #3491 ) ;
#2642 = VECTOR ( 'NONE', #678, 1000.000000000000000 ) ;
#2643 = ORIENTED_EDGE ( 'NONE', *, *, #2195, .T. ) ;
#2644 = ADVANCED_FACE ( 'NONE', ( #1771 ), #994, .F. ) ;
#2645 = CARTESIAN_POINT ( 'NONE',  ( -2.819999999999999840, -3.200000000000000178, -0.3200000000000000067 ) ) ;
#2646 =( REPRESENTATION_RELATIONSHIP ('NONE','NONE', #3375, #3344 ) REPRESENTATION_RELATIONSHIP_WITH_TRANSFORMATION ( #871 )SHAPE_REPRESENTATION_RELATIONSHIP( ) );
#2647 = DIRECTION ( 'NONE',  ( 2.891205793294671128E-15, 4.697390108261552570E-32, -1.000000000000000000 ) ) ;
#2648 = VERTEX_POINT ( 'NONE', #3451 ) ;
#2649 = ORIENTED_EDGE ( 'NONE', *, *, #2685, .T. ) ;
#2650 = CARTESIAN_POINT ( 'NONE',  ( -5.000000000000000000, 0.000000000000000000, -1.499999999999998446 ) ) ;
#2651 = ADVANCED_FACE ( 'NONE', ( #417 ), #3885, .F. ) ;
#2652 = ORIENTED_EDGE ( 'NONE', *, *, #932, .F. ) ;
#2653 = MANIFOLD_SOLID_BREP ( 'NONE', #4213 ) ;
#2654 = ORIENTED_EDGE ( 'NONE', *, *, #3062, .T. ) ;
#2655 = PLANE ( 'NONE',  #2372 ) ;
#2656 = FACE_OUTER_BOUND ( 'NONE', #1784, .T. ) ;
#2657 = ORIENTED_EDGE ( 'NONE', *, *, #4468, .F. ) ;
#2658 = PRODUCT_DEFINITION_SHAPE ( 'NONE', 'NONE',  #2300 ) ;
#2659 = DIRECTION ( 'NONE',  ( -6.776263578034403699E-16, 1.000000000000000000, -0.000000000000000000 ) ) ;
#2660 = VECTOR ( 'NONE', #3970, 1000.000000000000000 ) ;
#2661 = LINE ( 'NONE', #3692, #495 ) ;
#2662 = FACE_OUTER_BOUND ( 'NONE', #2279, .T. ) ;
#2663 = VERTEX_POINT ( 'NONE', #397 ) ;
#2664 = EDGE_LOOP ( 'NONE', ( #3729, #3690, #91, #4131, #868, #2174, #3018, #479, #1534, #1959, #4500, #3283, #1148, #1540 ) ) ;
#2665 = DIRECTION ( 'NONE',  ( -0.000000000000000000, -0.000000000000000000, -1.000000000000000000 ) ) ;
#2666 = ORIENTED_EDGE ( 'NONE', *, *, #3369, .T. ) ;
#2667 = EDGE_CURVE ( 'NONE', #4164, #2857, #2442, .T. ) ;
#2668 = CARTESIAN_POINT ( 'NONE',  ( 9.400000000000002132, 0.9000000000000004663, 2.200000000000001510 ) ) ;
#2669 = VECTOR ( 'NONE', #1927, 1000.000000000000000 ) ;
#2670 = DIRECTION ( 'NONE',  ( 6.776263578034403699E-16, -1.000000000000000000, 0.000000000000000000 ) ) ;
#2671 = VECTOR ( 'NONE', #3241, 1000.000000000000000 ) ;
#2672 = DIRECTION ( 'NONE',  ( 1.000000000000000000, 1.133806193448892061E-15, 0.000000000000000000 ) ) ;
#2673 = CARTESIAN_POINT ( 'NONE',  ( 8.950000000000002842, 2.600000000000000533, 5.281818181818181301 ) ) ;
#2674 = ORIENTED_EDGE ( 'NONE', *, *, #1588, .T. ) ;
#2675 = AXIS2_PLACEMENT_3D ( 'NONE', #1701, #1747, #3862 ) ;
#2676 = EDGE_CURVE ( 'NONE', #4286, #3685, #1361, .T. ) ;
#2677 = DIRECTION ( 'NONE',  ( 0.000000000000000000, 0.000000000000000000, -1.000000000000000000 ) ) ;
#2678 = DIRECTION ( 'NONE',  ( 7.623296525288704038E-16, -1.000000000000000000, 0.000000000000000000 ) ) ;
#2679 = ORIENTED_EDGE ( 'NONE', *, *, #637, .F. ) ;
#2680 = VECTOR ( 'NONE', #3515, 999.9999999999998863 ) ;
#2681 = CARTESIAN_POINT ( 'NONE',  ( 0.5999999999999998668, 0.9000000000000004663, 6.700000000000001066 ) ) ;
#2682 = DIRECTION ( 'NONE',  ( -0.000000000000000000, 1.000000000000000000, -0.000000000000000000 ) ) ;
#2683 = FACE_BOUND ( 'NONE', #2687, .T. ) ;
#2684 = EDGE_LOOP ( 'NONE', ( #196, #286, #2848, #218 ) ) ;
#2685 = EDGE_CURVE ( 'NONE', #1695, #928, #2096, .T. ) ;
#2686 = VECTOR ( 'NONE', #3566, 1000.000000000000000 ) ;
#2687 = EDGE_LOOP ( 'NONE', ( #1505, #483, #2622, #3957 ) ) ;
#2688 = EDGE_CURVE ( 'NONE', #4057, #1797, #6, .T. ) ;
#2689 = VECTOR ( 'NONE', #3051, 1000.000000000000000 ) ;
#2690 = CARTESIAN_POINT ( 'NONE',  ( 0.3200000000000000067, 1.680000000000000160, 6.200000000000000178 ) ) ;
#2691 = ORIENTED_EDGE ( 'NONE', *, *, #954, .T. ) ;
#2692 =( LENGTH_UNIT ( ) NAMED_UNIT ( * ) SI_UNIT ( .MILLI., .METRE. ) );
#2693 = DIRECTION ( 'NONE',  ( 1.000000000000000000, 6.776263578034410601E-16, 0.000000000000000000 ) ) ;
#2694 = DIRECTION ( 'NONE',  ( 0.000000000000000000, 0.7071067811865474617, -0.7071067811865476838 ) ) ;
#2695 = DIRECTION ( 'NONE',  ( 0.000000000000000000, 0.000000000000000000, -1.000000000000000000 ) ) ;
#2696 = VERTEX_POINT ( 'NONE', #1385 ) ;
#2697 = CARTESIAN_POINT ( 'NONE',  ( -2.180000000000000160, -2.700000000000000178, -0.3200000000000000067 ) ) ;
#2698 = CONTEXT_DEPENDENT_SHAPE_REPRESENTATION ( #1942, #1267 ) ;
#2699 = ORIENTED_EDGE ( 'NONE', *, *, #1197, .T. ) ;
#2700 = LINE ( 'NONE', #2013, #625 ) ;
#2701 = ADVANCED_FACE ( 'NONE', ( #1040 ), #506, .F. ) ;
#2702 = DIRECTION ( 'NONE',  ( 1.000000000000000000, -0.000000000000000000, -0.000000000000000000 ) ) ;
#2703 = VERTEX_POINT ( 'NONE', #3928 ) ;
#2704 = ORIENTED_EDGE ( 'NONE', *, *, #579, .T. ) ;
#2705 = EDGE_CURVE ( 'NONE', #4140, #4227, #529, .T. ) ;
#2706 = FILL_AREA_STYLE ('',( #649 ) ) ;
#2707 = PLANE ( 'NONE',  #3472 ) ;
#2708 = FACE_OUTER_BOUND ( 'NONE', #3784, .T. ) ;
#2709 = DIRECTION ( 'NONE',  ( -6.746146851020910014E-16, 1.000000000000000000, -3.614007241618344826E-17 ) ) ;
#2710 = PLANE ( 'NONE',  #861 ) ;
#2711 = ORIENTED_EDGE ( 'NONE', *, *, #2791, .T. ) ;
#2712 = CARTESIAN_POINT ( 'NONE',  ( -1.849999999999998979, -0.7999999999999994893, 0.7000000000000003997 ) ) ;
#2713 = ORIENTED_EDGE ( 'NONE', *, *, #2342, .F. ) ;
#2714 = DIRECTION ( 'NONE',  ( -1.000000000000000000, -0.000000000000000000, -0.000000000000000000 ) ) ;
#2715 = CARTESIAN_POINT ( 'NONE',  ( 0.6000000000000015321, 1.500000000000000444, 5.700000000000001066 ) ) ;
#2716 = EDGE_CURVE ( 'NONE', #973, #3207, #2203, .T. ) ;
#2717 = CARTESIAN_POINT ( 'NONE',  ( -2.719549247528505020, -3.174887311882135243, 0.2195492475285099887 ) ) ;
#2718 = ORIENTED_EDGE ( 'NONE', *, *, #3936, .F. ) ;
#2719 = CARTESIAN_POINT ( 'NONE',  ( 3.750000000000000000, 1.300000000000000933, 2.200000000000001510 ) ) ;
#2720 = CARTESIAN_POINT ( 'NONE',  ( 7.820000000000002061, 1.680000000000000604, 2.200000000000001510 ) ) ;
#2721 = VERTEX_POINT ( 'NONE', #2508 ) ;
#2722 = ORIENTED_EDGE ( 'NONE', *, *, #4506, .T. ) ;
#2723 = ADVANCED_FACE ( 'NONE', ( #439 ), #3600, .T. ) ;
#2724 = LINE ( 'NONE', #4451, #1065 ) ;
#2725 = LINE ( 'NONE', #390, #2732 ) ;
#2726 = DIRECTION ( 'NONE',  ( -1.000000000000000000, -8.482755383749660250E-16, 0.000000000000000000 ) ) ;
#2727 = DIRECTION ( 'NONE',  ( 0.3779644730092270866, 0.6546536707079770867, -0.6546536707079771977 ) ) ;
#2728 = DIRECTION ( 'NONE',  ( -6.776263578034403699E-16, 1.000000000000000000, 0.000000000000000000 ) ) ;
#2729 = ORIENTED_EDGE ( 'NONE', *, *, #412, .T. ) ;
#2730 = VECTOR ( 'NONE', #3870, 1000.000000000000000 ) ;
#2731 = ADVANCED_FACE ( 'NONE', ( #460 ), #4268, .F. ) ;
#2732 = VECTOR ( 'NONE', #1012, 1000.000000000000000 ) ;
#2733 = EDGE_CURVE ( 'NONE', #3674, #2519, #2551, .T. ) ;
#2734 = CARTESIAN_POINT ( 'NONE',  ( 5.000000000000000000, 2.700000000000000622, 2.200000000000001510 ) ) ;
#2735 = ORIENTED_EDGE ( 'NONE', *, *, #2460, .F. ) ;
#2736 = VECTOR ( 'NONE', #1921, 1000.000000000000000 ) ;
#2737 = PLANE ( 'NONE',  #185 ) ;
#2738 = DIRECTION ( 'NONE',  ( 5.929230630780103360E-16, -1.000000000000000000, 0.000000000000000000 ) ) ;
#2739 = ORIENTED_EDGE ( 'NONE', *, *, #1584, .F. ) ;
#2740 = EDGE_CURVE ( 'NONE', #247, #955, #4332, .T. ) ;
#2741 = CARTESIAN_POINT ( 'NONE',  ( 8.950000000000001066, 1.500000000000000444, 5.700000000000001066 ) ) ;
#2742 = VECTOR ( 'NONE', #1216, 1000.000000000000000 ) ;
#2743 = ORIENTED_EDGE ( 'NONE', *, *, #1238, .F. ) ;
#2744 = DIRECTION ( 'NONE',  ( 1.000000000000000000, 0.000000000000000000, 0.000000000000000000 ) ) ;
#2745 = DIRECTION ( 'NONE',  ( 0.000000000000000000, 0.000000000000000000, -1.000000000000000000 ) ) ;
#2746 = CARTESIAN_POINT ( 'NONE',  ( -5.000000000000000000, 2.200000000000000622, 2.200000000000001510 ) ) ;
#2747 = ORIENTED_EDGE ( 'NONE', *, *, #2872, .F. ) ;
#2748 = EDGE_LOOP ( 'NONE', ( #375, #182, #3683, #2649 ) ) ;
#2749 = VECTOR ( 'NONE', #3918, 1000.000000000000000 ) ;
#2750 = DIRECTION ( 'NONE',  ( -0.000000000000000000, -0.000000000000000000, 1.000000000000000000 ) ) ;
#2751 = CARTESIAN_POINT ( 'NONE',  ( 8.950000000000002842, 2.900000000000000355, 4.486010460552367185 ) ) ;
#2752 = DIRECTION ( 'NONE',  ( 0.000000000000000000, 0.5730776652807995086, 0.8195010613515445463 ) ) ;
#2753 = DIRECTION ( 'NONE',  ( 0.000000000000000000, 0.9647638212377326328, -0.2631174057921069065 ) ) ;
#2754 = ADVANCED_FACE ( 'NONE', ( #825 ), #1151, .F. ) ;
#2755 = ORIENTED_EDGE ( 'NONE', *, *, #2481, .T. ) ;
#2756 = CARTESIAN_POINT ( 'NONE',  ( -1.480940107675850159, 0.9000000000000009104, 2.200000000000001510 ) ) ;
#2757 = AXIS2_PLACEMENT_3D ( 'NONE', #1100, #2586, #736 ) ;
#2758 = ADVANCED_FACE ( 'NONE', ( #3952 ), #806, .F. ) ;
#2759 = ORIENTED_EDGE ( 'NONE', *, *, #4134, .T. ) ;
#2760 = EDGE_CURVE ( 'NONE', #4240, #842, #1856, .T. ) ;
#2761 = AXIS2_PLACEMENT_3D ( 'NONE', #2008, #1664, #2426 ) ;
#2762 = CARTESIAN_POINT ( 'NONE',  ( 2.819999999999999840, 2.320000000000000284, -1.499999999999998668 ) ) ;
#2763 = VECTOR ( 'NONE', #3621, 1000.000000000000000 ) ;
#2764 = ORIENTED_EDGE ( 'NONE', *, *, #2549, .T. ) ;
#2765 = LINE ( 'NONE', #1344, #4226 ) ;
#2766 = VECTOR ( 'NONE', #1776, 1000.000000000000114 ) ;
#2767 = EDGE_CURVE ( 'NONE', #4253, #3802, #1104, .T. ) ;
#2768 = DIRECTION ( 'NONE',  ( 1.000000000000000000, -0.000000000000000000, -0.000000000000000000 ) ) ;
#2769 = CONTEXT_DEPENDENT_SHAPE_REPRESENTATION ( #232, #3607 ) ;
#2770 = ORIENTED_EDGE ( 'NONE', *, *, #312, .F. ) ;
#2771 =( GEOMETRIC_REPRESENTATION_CONTEXT ( 3 ) GLOBAL_UNCERTAINTY_ASSIGNED_CONTEXT ( ( #73 ) ) GLOBAL_UNIT_ASSIGNED_CONTEXT ( ( #929, #279, #3059 ) ) REPRESENTATION_CONTEXT ( 'NONE', 'WORKASPACE' ) );
#2772 = DIRECTION ( 'NONE',  ( 1.000000000000000000, 0.000000000000000000, 0.000000000000000000 ) ) ;
#2773 = FACE_OUTER_BOUND ( 'NONE', #497, .T. ) ;
#2774 = ORIENTED_EDGE ( 'NONE', *, *, #2052, .T. ) ;
#2775 = ORIENTED_EDGE ( 'NONE', *, *, #3722, .T. ) ;
#2776 = DIRECTION ( 'NONE',  ( 1.141265444721583511E-15, -1.000000000000000000, 0.000000000000000000 ) ) ;
#2777 = CARTESIAN_POINT ( 'NONE',  ( -3.950000000000000178, 4.200000000000000178, 1.700000000000001954 ) ) ;
#2778 = CARTESIAN_POINT ( 'NONE',  ( 10.00000000000000000, -1.068656249629502597E-31, 0.7750000000000004663 ) ) ;
#2779 = CARTESIAN_POINT ( 'NONE',  ( -2.679368946539914642, 1.820631053460085136, 6.324842236634979464 ) ) ;
#2780 = EDGE_LOOP ( 'NONE', ( #2593, #2139, #1760, #3158 ) ) ;
#2781 = ORIENTED_EDGE ( 'NONE', *, *, #1754, .F. ) ;
#2782 = EDGE_CURVE ( 'NONE', #2850, #872, #1516, .T. ) ;
#2783 = CARTESIAN_POINT ( 'NONE',  ( 4.679999999999999716, 2.320000000000000284, 0.7750000000000004663 ) ) ;
#2784 = DIRECTION ( 'NONE',  ( -6.545367995765418980E-16, 0.9659258262890692004, -0.2588190451025175753 ) ) ;
#2785 = CARTESIAN_POINT ( 'NONE',  ( 8.800000000000002487, 1.599999999999999867, -1.499999999999998224 ) ) ;
#2786 = ORIENTED_EDGE ( 'NONE', *, *, #3407, .T. ) ;
#2787 = DIRECTION ( 'NONE',  ( -0.000000000000000000, 1.000000000000000000, -0.000000000000000000 ) ) ;
#2788 = EDGE_CURVE ( 'NONE', #2035, #587, #3209, .T. ) ;
#2789 = DIRECTION ( 'NONE',  ( 0.000000000000000000, -0.9647638212377319666, -0.2631174057921095155 ) ) ;
#2790 = ORIENTED_EDGE ( 'NONE', *, *, #1062, .T. ) ;
#2791 = EDGE_CURVE ( 'NONE', #733, #103, #2918, .T. ) ;
#2792 = EDGE_LOOP ( 'NONE', ( #3398, #4241, #1026, #4259, #2798, #4170, #3942, #3306, #2211, #2165, #910, #2895, #2652, #3911 ) ) ;
#2793 = DIRECTION ( 'NONE',  ( -1.133806193448893442E-15, 1.000000000000000000, 0.000000000000000000 ) ) ;
#2794 = CARTESIAN_POINT ( 'NONE',  ( -3.949999999999999734, 2.600000000000000533, 5.281818181818181301 ) ) ;
#2795 = DIRECTION ( 'NONE',  ( 0.000000000000000000, 0.000000000000000000, -1.000000000000000000 ) ) ;
#2796 = LINE ( 'NONE', #1700, #360 ) ;
#2797 = DIRECTION ( 'NONE',  ( 1.000000000000000000, 6.909131491329190437E-16, 0.000000000000000000 ) ) ;
#2798 = ORIENTED_EDGE ( 'NONE', *, *, #3712, .F. ) ;
#2799 = PRODUCT_DEFINITION_CONTEXT ( 'detailed design', #3992, 'design' ) ;
#2800 = AXIS2_PLACEMENT_3D ( 'NONE', #2868, #1172, #2570 ) ;
#2801 = VECTOR ( 'NONE', #3844, 1000.000000000000114 ) ;
#2802 = ORIENTED_EDGE ( 'NONE', *, *, #532, .T. ) ;
#2803 = CARTESIAN_POINT ( 'NONE',  ( -2.180000000000000160, 2.319999999999999840, 6.200000000000000178 ) ) ;
#2804 = VECTOR ( 'NONE', #2659, 1000.000000000000000 ) ;
#2805 = DIRECTION ( 'NONE',  ( -1.000000000000000000, 0.000000000000000000, 2.528935995870325349E-15 ) ) ;
#2806 = EDGE_CURVE ( 'NONE', #4479, #2962, #4312, .T. ) ;
#2807 = DIRECTION ( 'NONE',  ( 0.000000000000000000, 0.000000000000000000, -1.000000000000000000 ) ) ;
#2808 = ORIENTED_EDGE ( 'NONE', *, *, #3977, .T. ) ;
#2809 = CARTESIAN_POINT ( 'NONE',  ( 4.350000000000001421, -0.7999999999999994893, 0.7000000000000005107 ) ) ;
#2810 = LINE ( 'NONE', #2172, #3346 ) ;
#2811 = VERTEX_POINT ( 'NONE', #1125 ) ;
#2812 = EDGE_LOOP ( 'NONE', ( #3131, #2643, #1822, #2410 ) ) ;
#2813 = CARTESIAN_POINT ( 'NONE',  ( 8.950000000000001066, 1.500000000000000444, 5.700000000000001066 ) ) ;
#2814 = AXIS2_PLACEMENT_3D ( 'NONE', #2361, #179, #4427 ) ;
#2815 = CARTESIAN_POINT ( 'NONE',  ( 0.6000000000000015321, 0.9000000000000004663, 2.200000000000001510 ) ) ;
#2816 = VERTEX_POINT ( 'NONE', #3971 ) ;
#2817 = DIRECTION ( 'NONE',  ( -0.000000000000000000, -0.000000000000000000, -1.000000000000000000 ) ) ;
#2818 = EDGE_CURVE ( 'NONE', #3902, #4068, #2592, .T. ) ;
#2819 = EDGE_LOOP ( 'NONE', ( #374, #1370, #2066, #2581 ) ) ;
#2820 =( NAMED_UNIT ( * ) SI_UNIT ( $, .STERADIAN. ) SOLID_ANGLE_UNIT ( ) );
#2821 = AXIS2_PLACEMENT_3D ( 'NONE', #1228, #491, #3240 ) ;
#2822 = VECTOR ( 'NONE', #1353, 1000.000000000000000 ) ;
#2823 = CARTESIAN_POINT ( 'NONE',  ( -3.149999999999999023, 4.200000000000000178, 0.7000000000000005107 ) ) ;
#2824 = EDGE_CURVE ( 'NONE', #668, #2721, #3230, .T. ) ;
#2825 = VECTOR ( 'NONE', #788, 1000.000000000000000 ) ;
#2826 = ADVANCED_FACE ( 'NONE', ( #1217 ), #2620, .F. ) ;
#2827 = ORIENTED_EDGE ( 'NONE', *, *, #466, .T. ) ;
#2828 = PLANE ( 'NONE',  #258 ) ;
#2829 = VECTOR ( 'NONE', #3900, 1000.000000000000114 ) ;
#2830 = DIRECTION ( 'NONE',  ( 1.000000000000000000, 0.000000000000000000, -0.000000000000000000 ) ) ;
#2831 = AXIS2_PLACEMENT_3D ( 'NONE', #3752, #1043, #2738 ) ;
#2832 = VECTOR ( 'NONE', #3037, 1000.000000000000000 ) ;
#2833 = PLANE ( 'NONE',  #3133 ) ;
#2834 = ORIENTED_EDGE ( 'NONE', *, *, #1030, .T. ) ;
#2835 = CARTESIAN_POINT ( 'NONE',  ( 0.3200000000000000067, 1.680000000000000160, 0.6999999999999999556 ) ) ;
#2836 = VECTOR ( 'NONE', #1410, 1000.000000000000000 ) ;
#2837 = CARTESIAN_POINT ( 'NONE',  ( -2.819999999999999840, 2.320000000000000284, 2.200000000000001510 ) ) ;
#2838 = ORIENTED_EDGE ( 'NONE', *, *, #3161, .F. ) ;
#2839 = ORIENTED_EDGE ( 'NONE', *, *, #773, .T. ) ;
#2840 = AXIS2_PLACEMENT_3D ( 'NONE', #217, #4350, #1234 ) ;
#2841 = LINE ( 'NONE', #4216, #2897 ) ;
#2842 = EDGE_CURVE ( 'NONE', #923, #1366, #4107, .T. ) ;
#2843 = CARTESIAN_POINT ( 'NONE',  ( 7.180000000000002380, 2.320000000000000284, 2.200000000000001510 ) ) ;
#2844 = PLANE ( 'NONE',  #2757 ) ;
#2845 = CARTESIAN_POINT ( 'NONE',  ( -3.950000000000000178, 4.200000000000000178, 6.700000000000001066 ) ) ;
#2846 = ORIENTED_EDGE ( 'NONE', *, *, #299, .F. ) ;
#2847 = CARTESIAN_POINT ( 'NONE',  ( 10.00000000000000178, 2.900000000000000355, 4.486010460552367185 ) ) ;
#2848 = ORIENTED_EDGE ( 'NONE', *, *, #746, .T. ) ;
#2849 = ORIENTED_EDGE ( 'NONE', *, *, #2490, .F. ) ;
#2850 = VERTEX_POINT ( 'NONE', #227 ) ;
#2851 = CARTESIAN_POINT ( 'NONE',  ( 1.250000000000000000, 1.300000000000000933, 6.700000000000001066 ) ) ;
#2852 = CARTESIAN_POINT ( 'NONE',  ( 5.000000000000000000, 0.000000000000000000, -1.499999999999998446 ) ) ;
#2853 = DIRECTION ( 'NONE',  ( -0.000000000000000000, 1.000000000000000000, -0.000000000000000000 ) ) ;
#2854 = VERTEX_POINT ( 'NONE', #1650 ) ;
#2855 = FACE_OUTER_BOUND ( 'NONE', #2812, .T. ) ;
#2856 = EDGE_CURVE ( 'NONE', #103, #3571, #607, .T. ) ;
#2857 = VERTEX_POINT ( 'NONE', #3768 ) ;
#2858 = DIRECTION ( 'NONE',  ( 1.000000000000000000, 0.000000000000000000, 0.000000000000000000 ) ) ;
#2859 = DIRECTION ( 'NONE',  ( 1.000000000000000000, 0.000000000000000000, 0.000000000000000000 ) ) ;
#2860 = DIRECTION ( 'NONE',  ( -0.000000000000000000, 1.000000000000000000, -0.000000000000000000 ) ) ;
#2861 = PLANE ( 'NONE',  #1871 ) ;
#2862 = CARTESIAN_POINT ( 'NONE',  ( 10.00000000000000178, 2.200000000000000178, 6.700000000000001066 ) ) ;
#2863 = VERTEX_POINT ( 'NONE', #1562 ) ;
#2864 = CARTESIAN_POINT ( 'NONE',  ( -4.400000000000000355, 1.500000000000000444, 2.200000000000001510 ) ) ;
#2865 = ADVANCED_FACE ( 'NONE', ( #4384 ), #3673, .F. ) ;
#2866 = VERTEX_POINT ( 'NONE', #3349 ) ;
#2867 = FILL_AREA_STYLE ('',( #1171 ) ) ;
#2868 = CARTESIAN_POINT ( 'NONE',  ( -2.819999999999999840, 2.320000000000000284, -1.499999999999998668 ) ) ;
#2869 = VERTEX_POINT ( 'NONE', #3305 ) ;
#2870 = ORIENTED_EDGE ( 'NONE', *, *, #1377, .F. ) ;
#2871 = ADVANCED_FACE ( 'NONE', ( #630 ), #1608, .F. ) ;
#2872 = EDGE_CURVE ( 'NONE', #3252, #3650, #2966, .T. ) ;
#2873 = PRODUCT_DEFINITION_SHAPE ( 'NONE', 'NONE',  #2637 ) ;
#2874 = EDGE_CURVE ( 'NONE', #1691, #3101, #563, .T. ) ;
#2875 = DIRECTION ( 'NONE',  ( 1.000000000000000000, 0.000000000000000000, -0.000000000000000000 ) ) ;
#2876 = CARTESIAN_POINT ( 'NONE',  ( -3.149999999999999023, 4.200000000000000178, 0.7000000000000005107 ) ) ;
#2877 = APPLICATION_CONTEXT ( 'automotive_design' ) ;
#2878 = VECTOR ( 'NONE', #422, 1000.000000000000000 ) ;
#2879 = ORIENTED_EDGE ( 'NONE', *, *, #1609, .T. ) ;
#2880 = LINE ( 'NONE', #35, #3111 ) ;
#2881 = ADVANCED_FACE ( 'NONE', ( #4360 ), #4455, .T. ) ;
#2882 = ORIENTED_EDGE ( 'NONE', *, *, #860, .T. ) ;
#2883 = EDGE_CURVE ( 'NONE', #2583, #3139, #1263, .T. ) ;
#2884 = CARTESIAN_POINT ( 'NONE',  ( 2.180000000000000604, 1.680000000000000604, 0.7750000000000004663 ) ) ;
#2885 = DIRECTION ( 'NONE',  ( 1.000000000000000000, -0.000000000000000000, -0.000000000000000000 ) ) ;
#2886 = VECTOR ( 'NONE', #694, 1000.000000000000000 ) ;
#2887 = PLANE ( 'NONE',  #3629 ) ;
#2888 = LINE ( 'NONE', #2544, #210 ) ;
#2889 = DIRECTION ( 'NONE',  ( 0.000000000000000000, -0.000000000000000000, -1.000000000000000000 ) ) ;
#2890 = ORIENTED_EDGE ( 'NONE', *, *, #1238, .T. ) ;
#2891 = VECTOR ( 'NONE', #1658, 1000.000000000000000 ) ;
#2892 = ADVANCED_FACE ( 'NONE', ( #1242 ), #2641, .F. ) ;
#2893 = DIRECTION ( 'NONE',  ( -6.746146851020910014E-16, 1.000000000000000000, -3.614007241618344826E-17 ) ) ;
#2894 = VECTOR ( 'NONE', #403, 1000.000000000000000 ) ;
#2895 = ORIENTED_EDGE ( 'NONE', *, *, #54, .F. ) ;
#2896 = ORIENTED_EDGE ( 'NONE', *, *, #3559, .T. ) ;
#2897 = VECTOR ( 'NONE', #3594, 1000.000000000000114 ) ;
#2898 = AXIS2_PLACEMENT_3D ( 'NONE', #1721, #22, #3514 ) ;
#2899 = ADVANCED_FACE ( 'NONE', ( #2662 ), #1287, .F. ) ;
#2900 = CARTESIAN_POINT ( 'NONE',  ( 1.850000000000000977, 4.200000000000000178, 0.7000000000000005107 ) ) ;
#2901 = DIRECTION ( 'NONE',  ( -6.545367995765418980E-16, 0.9659258262890692004, -0.2588190451025175753 ) ) ;
#2902 = CARTESIAN_POINT ( 'NONE',  ( 1.850000000000000977, 0.000000000000000000, 0.7000000000000005107 ) ) ;
#2903 = FACE_OUTER_BOUND ( 'NONE', #2909, .T. ) ;
#2904 = VECTOR ( 'NONE', #2678, 1000.000000000000000 ) ;
#2905 = EDGE_LOOP ( 'NONE', ( #4416, #3907, #437, #3954, #4461, #539, #4458, #4269, #2059 ) ) ;
#2906 = ADVANCED_FACE ( 'NONE', ( #586, #1977, #246, #1626, #3027, #2683 ), #945, .F. ) ;
#2907 = LINE ( 'NONE', #4300, #3271 ) ;
#2908 = VECTOR ( 'NONE', #3151, 1000.000000000000000 ) ;
#2909 = EDGE_LOOP ( 'NONE', ( #2562, #3893, #1550, #2351 ) ) ;
#2910 = DIRECTION ( 'NONE',  ( 1.000000000000000000, 0.000000000000000000, 0.000000000000000000 ) ) ;
#2911 = CARTESIAN_POINT ( 'NONE',  ( 7.180000000000002380, 2.320000000000000284, 2.200000000000001510 ) ) ;
#2912 = AXIS2_PLACEMENT_3D ( 'NONE', #4032, #192, #887 ) ;
#2913 = FACE_OUTER_BOUND ( 'NONE', #3233, .T. ) ;
#2914 = DIRECTION ( 'NONE',  ( 2.891205793294671128E-15, 0.000000000000000000, -1.000000000000000000 ) ) ;
#2915 = DIRECTION ( 'NONE',  ( -0.000000000000000000, -1.000000000000000000, -0.000000000000000000 ) ) ;
#2916 = VECTOR ( 'NONE', #3769, 1000.000000000000000 ) ;
#2917 = ORIENTED_EDGE ( 'NONE', *, *, #1576, .F. ) ;
#2918 = LINE ( 'NONE', #2162, #47 ) ;
#2919 = EDGE_LOOP ( 'NONE', ( #4515, #4046, #1039, #1829 ) ) ;
#2920 = VECTOR ( 'NONE', #2120, 1000.000000000000000 ) ;
#2921 = ORIENTED_EDGE ( 'NONE', *, *, #977, .F. ) ;
#2922 = EDGE_CURVE ( 'NONE', #641, #3616, #3395, .T. ) ;
#2923 = DIRECTION ( 'NONE',  ( -1.133806193448893442E-15, 1.000000000000000000, 0.000000000000000000 ) ) ;
#2924 = FACE_OUTER_BOUND ( 'NONE', #3456, .T. ) ;
#2925 = CARTESIAN_POINT ( 'NONE',  ( 1.850000000000000977, -0.7999999999999994893, 0.7750000000000005773 ) ) ;
#2926 = EDGE_CURVE ( 'NONE', #3598, #25, #3420, .T. ) ;
#2927 = VERTEX_POINT ( 'NONE', #10 ) ;
#2928 = FACE_OUTER_BOUND ( 'NONE', #1003, .T. ) ;
#2929 = ORIENTED_EDGE ( 'NONE', *, *, #1164, .F. ) ;
#2930 = LINE ( 'NONE', #3961, #3036 ) ;
#2931 = DIRECTION ( 'NONE',  ( 0.000000000000000000, -1.000000000000000000, 0.000000000000000000 ) ) ;
#2932 = ORIENTED_EDGE ( 'NONE', *, *, #727, .T. ) ;
#2933 = EDGE_CURVE ( 'NONE', #2047, #3350, #3812, .T. ) ;
#2934 = EDGE_LOOP ( 'NONE', ( #3897, #3876, #3562, #2846 ) ) ;
#2935 = EDGE_CURVE ( 'NONE', #1918, #1461, #42, .T. ) ;
#2936 = DIRECTION ( 'NONE',  ( -1.000000000000000000, -8.482755383749670111E-16, 0.000000000000000000 ) ) ;
#2937 = DIRECTION ( 'NONE',  ( 0.000000000000000000, 0.000000000000000000, -1.000000000000000000 ) ) ;
#2938 = CARTESIAN_POINT ( 'NONE',  ( 8.800000000000002487, 0.000000000000000000, 0.7000000000000006217 ) ) ;
#2939 = LINE ( 'NONE', #4284, #1298 ) ;
#2940 = ORIENTED_EDGE ( 'NONE', *, *, #1938, .F. ) ;
#2941 = DIRECTION ( 'NONE',  ( 0.000000000000000000, -1.000000000000000000, 0.000000000000000000 ) ) ;
#2942 = CARTESIAN_POINT ( 'NONE',  ( 3.150000000000000799, -0.7999999999999994893, 0.7750000000000005773 ) ) ;
#2943 = EDGE_LOOP ( 'NONE', ( #3163, #3197, #3273, #2238 ) ) ;
#2944 = EDGE_CURVE ( 'NONE', #1402, #921, #2796, .T. ) ;
#2945 = VERTEX_POINT ( 'NONE', #1014 ) ;
#2946 = LINE ( 'NONE', #3235, #4347 ) ;
#2947 = LINE ( 'NONE', #608, #1960 ) ;
#2948 = FACE_OUTER_BOUND ( 'NONE', #1491, .T. ) ;
#2949 = ORIENTED_EDGE ( 'NONE', *, *, #3147, .F. ) ;
#2950 = ORIENTED_EDGE ( 'NONE', *, *, #2060, .F. ) ;
#2951 = LINE ( 'NONE', #884, #1742 ) ;
#2952 = ORIENTED_EDGE ( 'NONE', *, *, #2556, .T. ) ;
#2953 = EDGE_CURVE ( 'NONE', #4249, #1695, #2063, .T. ) ;
#2954 = FACE_OUTER_BOUND ( 'NONE', #821, .T. ) ;
#2955 = DIRECTION ( 'NONE',  ( -0.000000000000000000, -0.000000000000000000, -1.000000000000000000 ) ) ;
#2956 = ORIENTED_EDGE ( 'NONE', *, *, #1124, .T. ) ;
#2957 = VECTOR ( 'NONE', #1215, 1000.000000000000000 ) ;
#2958 = APPLICATION_PROTOCOL_DEFINITION ( 'draft international standard', 'automotive_design', 1998, #3441 ) ;
#2959 = ORIENTED_EDGE ( 'NONE', *, *, #338, .F. ) ;
#2960 = CARTESIAN_POINT ( 'NONE',  ( 9.400000000000002132, 0.9000000000000004663, 6.700000000000001066 ) ) ;
#2961 = CARTESIAN_POINT ( 'NONE',  ( 10.00000000000000178, 2.600000000000000533, 5.818181818181818343 ) ) ;
#2962 = VERTEX_POINT ( 'NONE', #341 ) ;
#2963 = AXIS2_PLACEMENT_3D ( 'NONE', #2585, #2981, #220 ) ;
#2964 = LINE ( 'NONE', #1975, #2582 ) ;
#2965 = PLANE ( 'NONE',  #1130 ) ;
#2966 = LINE ( 'NONE', #896, #93 ) ;
#2967 = ORIENTED_EDGE ( 'NONE', *, *, #860, .F. ) ;
#2968 = VECTOR ( 'NONE', #3137, 1000.000000000000000 ) ;
#2969 = ADVANCED_FACE ( 'NONE', ( #653 ), #4149, .F. ) ;
#2970 = ORIENTED_EDGE ( 'NONE', *, *, #991, .F. ) ;
#2971 = FACE_OUTER_BOUND ( 'NONE', #826, .T. ) ;
#2972 = LINE ( 'NONE', #591, #3129 ) ;
#2973 = EDGE_LOOP ( 'NONE', ( #2674, #2353, #509, #1433 ) ) ;
#2974 =( GEOMETRIC_REPRESENTATION_CONTEXT ( 3 ) GLOBAL_UNCERTAINTY_ASSIGNED_CONTEXT ( ( #656 ) ) GLOBAL_UNIT_ASSIGNED_CONTEXT ( ( #3140, #3092, #1719 ) ) REPRESENTATION_CONTEXT ( 'NONE', 'WORKASPACE' ) );
#2975 = DIRECTION ( 'NONE',  ( 1.000000000000000000, 0.000000000000000000, 0.000000000000000000 ) ) ;
#2976 = PLANE ( 'NONE',  #2221 ) ;
#2977 = PLANE ( 'NONE',  #1005 ) ;
#2978 = PLANE ( 'NONE',  #1881 ) ;
#2979 = VERTEX_POINT ( 'NONE', #3119 ) ;
#2980 = EDGE_LOOP ( 'NONE', ( #3442, #461, #2632, #3744 ) ) ;
#2981 = DIRECTION ( 'NONE',  ( -1.000000000000000000, -8.482755383749670111E-16, 0.000000000000000000 ) ) ;
#2982 = VECTOR ( 'NONE', #2409, 1000.000000000000227 ) ;
#2983 = CARTESIAN_POINT ( 'NONE',  ( -5.000000000000000000, 2.600000000000000533, 5.281818181818181301 ) ) ;
#2984 = ORIENTED_EDGE ( 'NONE', *, *, #3407, .F. ) ;
#2985 = VECTOR ( 'NONE', #3337, 1000.000000000000000 ) ;
#2986 = EDGE_CURVE ( 'NONE', #1901, #2663, #2044, .T. ) ;
#2987 = CARTESIAN_POINT ( 'NONE',  ( 2.180000000000000604, 1.680000000000000604, -1.499999999999998668 ) ) ;
#2988 = DIRECTION ( 'NONE',  ( -0.000000000000000000, -0.000000000000000000, 1.000000000000000000 ) ) ;
#2989 = CARTESIAN_POINT ( 'NONE',  ( -0.3199999999999996181, 1.680000000000000604, 2.200000000000001510 ) ) ;
#2990 = VECTOR ( 'NONE', #99, 1000.000000000000000 ) ;
#2991 = ORIENTED_EDGE ( 'NONE', *, *, #1660, .T. ) ;
#2992 = EDGE_LOOP ( 'NONE', ( #574, #1474, #2747, #328 ) ) ;
#2993 = DIRECTION ( 'NONE',  ( 1.000000000000000000, 0.000000000000000000, 0.000000000000000000 ) ) ;
#2994 = CARTESIAN_POINT ( 'NONE',  ( 9.400000000000002132, 2.200000000000000178, 5.700000000000001066 ) ) ;
#2995 = PLANE ( 'NONE',  #1010 ) ;
#2996 = FACE_OUTER_BOUND ( 'NONE', #3345, .T. ) ;
#2997 = CARTESIAN_POINT ( 'NONE',  ( -5.000000000000000000, 2.900000000000000355, 5.200000000000000178 ) ) ;
#2998 = DIRECTION ( 'NONE',  ( 0.000000000000000000, 0.9647638212377319666, 0.2631174057921095155 ) ) ;
#2999 = VERTEX_POINT ( 'NONE', #1337 ) ;
#3000 = ORIENTED_EDGE ( 'NONE', *, *, #1873, .T. ) ;
#3001 = DIRECTION ( 'NONE',  ( -0.2588190451025175753, 0.9659258262890692004, 0.000000000000000000 ) ) ;
#3002 = CARTESIAN_POINT ( 'NONE',  ( -2.180000000000000160, -1.899999999999999911, -0.4525000000000000133 ) ) ;
#3003 = EDGE_CURVE ( 'NONE', #942, #3178, #2386, .T. ) ;
#3004 = ORIENTED_EDGE ( 'NONE', *, *, #1464, .F. ) ;
#3005 = DIRECTION ( 'NONE',  ( -6.746146851020910014E-16, 1.000000000000000000, -3.614007241618344826E-17 ) ) ;
#3006 = LINE ( 'NONE', #245, #1063 ) ;
#3007 = DIRECTION ( 'NONE',  ( -0.000000000000000000, 1.000000000000000000, 0.000000000000000000 ) ) ;
#3008 = EDGE_CURVE ( 'NONE', #3280, #4357, #3467, .T. ) ;
#3009 = ORIENTED_EDGE ( 'NONE', *, *, #2782, .T. ) ;
#3010 = LINE ( 'NONE', #3055, #2259 ) ;
#3011 = DIRECTION ( 'NONE',  ( 0.000000000000000000, 1.000000000000000000, 0.000000000000000000 ) ) ;
#3012 = ORIENTED_EDGE ( 'NONE', *, *, #3686, .F. ) ;
#3013 = EDGE_CURVE ( 'NONE', #1619, #1235, #3834, .T. ) ;
#3014 = CARTESIAN_POINT ( 'NONE',  ( -2.180000000000000160, 1.300000000000000044, 0.3200000000000000067 ) ) ;
#3015 = CARTESIAN_POINT ( 'NONE',  ( 9.400000000000002132, 1.500000000000000444, 5.700000000000001066 ) ) ;
#3016 = CARTESIAN_POINT ( 'NONE',  ( 7.820000000000002061, 2.320000000000000284, -1.499999999999998668 ) ) ;
#3017 = PRODUCT_CONTEXT ( 'NONE', #916, 'mechanical' ) ;
#3018 = ORIENTED_EDGE ( 'NONE', *, *, #4210, .T. ) ;
#3019 = CARTESIAN_POINT ( 'NONE',  ( 6.250000000000001776, 1.300000000000000711, 2.200000000000001510 ) ) ;
#3020 = EDGE_CURVE ( 'NONE', #2721, #240, #4476, .T. ) ;
#3021 = CARTESIAN_POINT ( 'NONE',  ( -2.819999999999999840, 2.320000000000000284, 2.200000000000001510 ) ) ;
#3022 = EDGE_CURVE ( 'NONE', #973, #647, #1422, .T. ) ;
#3023 = ORIENTED_EDGE ( 'NONE', *, *, #181, .T. ) ;
#3024 = CARTESIAN_POINT ( 'NONE',  ( 6.850000000000003197, 4.200000000000000178, 0.7750000000000005773 ) ) ;
#3025 = VECTOR ( 'NONE', #703, 1000.000000000000000 ) ;
#3026 = DIRECTION ( 'NONE',  ( 1.000000000000000000, 0.000000000000000000, 0.000000000000000000 ) ) ;
#3027 = FACE_BOUND ( 'NONE', #743, .T. ) ;
#3028 = ORIENTED_EDGE ( 'NONE', *, *, #845, .F. ) ;
#3029 = ORIENTED_EDGE ( 'NONE', *, *, #1409, .T. ) ;
#3030 = VECTOR ( 'NONE', #4264, 1000.000000000000000 ) ;
#3031 = DIRECTION ( 'NONE',  ( 0.3779644730092273641, 0.6546536707079770867, -0.6546536707079773088 ) ) ;
#3032 = ORIENTED_EDGE ( 'NONE', *, *, #782, .T. ) ;
#3033 = EDGE_CURVE ( 'NONE', #473, #4479, #3488, .T. ) ;
#3034 = DIRECTION ( 'NONE',  ( 6.776263578034400740E-16, -1.000000000000000000, 0.000000000000000000 ) ) ;
#3035 = LINE ( 'NONE', #617, #136 ) ;
#3036 = VECTOR ( 'NONE', #3614, 1000.000000000000000 ) ;
#3037 = DIRECTION ( 'NONE',  ( 0.000000000000000000, -9.637352644315595243E-17, 1.000000000000000000 ) ) ;
#3038 = LINE ( 'NONE', #2673, #1885 ) ;
#3039 = ORIENTED_EDGE ( 'NONE', *, *, #2368, .T. ) ;
#3040 = AXIS2_PLACEMENT_3D ( 'NONE', #2501, #2111, #3160 ) ;
#3041 = PLANE ( 'NONE',  #3773 ) ;
#3042 = VECTOR ( 'NONE', #1861, 1000.000000000000000 ) ;
#3043 = LINE ( 'NONE', #3647, #3342 ) ;
#3044 = ORIENTED_EDGE ( 'NONE', *, *, #370, .F. ) ;
#3045 = DIRECTION ( 'NONE',  ( 1.000000000000000000, 0.000000000000000000, 2.891205793294671128E-15 ) ) ;
#3046 = AXIS2_PLACEMENT_3D ( 'NONE', #263, #2273, #2248 ) ;
#3047 = DIRECTION ( 'NONE',  ( 5.929230630780103360E-16, -1.000000000000000000, 0.000000000000000000 ) ) ;
#3048 = FACE_OUTER_BOUND ( 'NONE', #1904, .T. ) ;
#3049 = DIRECTION ( 'NONE',  ( 1.000000000000000000, 0.000000000000000000, 0.000000000000000000 ) ) ;
#3050 = VERTEX_POINT ( 'NONE', #1358 ) ;
#3051 = DIRECTION ( 'NONE',  ( 0.2505628070857269241, 0.9351131265310317353, 0.2505628070857274237 ) ) ;
#3052 = AXIS2_PLACEMENT_3D ( 'NONE', #447, #1459, #2875 ) ;
#3053 = VERTEX_POINT ( 'NONE', #3143 ) ;
#3054 = VECTOR ( 'NONE', #450, 1000.000000000000114 ) ;
#3055 = CARTESIAN_POINT ( 'NONE',  ( 4.350000000000001421, -0.7999999999999994893, 0.7000000000000005107 ) ) ;
#3056 = EDGE_CURVE ( 'NONE', #1513, #4492, #367, .T. ) ;
#3057 = EDGE_LOOP ( 'NONE', ( #3327, #485, #300, #1184 ) ) ;
#3058 = AXIS2_PLACEMENT_3D ( 'NONE', #752, #1506, #2910 ) ;
#3059 =( NAMED_UNIT ( * ) SI_UNIT ( $, .STERADIAN. ) SOLID_ANGLE_UNIT ( ) );
#3060 = LINE ( 'NONE', #4507, #3097 ) ;
#3061 = LINE ( 'NONE', #4094, #1296 ) ;
#3062 = EDGE_CURVE ( 'NONE', #2045, #3139, #23, .T. ) ;
#3063 = ORIENTED_EDGE ( 'NONE', *, *, #1197, .F. ) ;
#3064 = DIRECTION ( 'NONE',  ( -1.000000000000000000, 0.000000000000000000, 0.000000000000000000 ) ) ;
#3065 = ORIENTED_EDGE ( 'NONE', *, *, #7, .T. ) ;
#3066 = CARTESIAN_POINT ( 'NONE',  ( -2.287179676972449727, 2.319999999999999840, 6.200000000000000178 ) ) ;
#3067 = LINE ( 'NONE', #689, #1661 ) ;
#3068 = VERTEX_POINT ( 'NONE', #4499 ) ;
#3069 = ORIENTED_EDGE ( 'NONE', *, *, #2152, .T. ) ;
#3070 = EDGE_CURVE ( 'NONE', #2045, #937, #4126, .T. ) ;
#3071 = PLANE ( 'NONE',  #193 ) ;
#3072 = CARTESIAN_POINT ( 'NONE',  ( 0.3200000000000000067, 1.680000000000000160, 5.799999999999999822 ) ) ;
#3073 = EDGE_CURVE ( 'NONE', #1901, #3392, #1765, .T. ) ;
#3074 = CARTESIAN_POINT ( 'NONE',  ( -2.819999999999999840, 1.300000000000000044, 0.6999999999999999556 ) ) ;
#3075 = DIRECTION ( 'NONE',  ( 1.000000000000000000, 0.000000000000000000, 0.000000000000000000 ) ) ;
#3076 = ORIENTED_EDGE ( 'NONE', *, *, #1930, .F. ) ;
#3077 = DIRECTION ( 'NONE',  ( 0.000000000000000000, 0.000000000000000000, 1.000000000000000000 ) ) ;
#3078 = EDGE_CURVE ( 'NONE', #4314, #2583, #413, .T. ) ;
#3079 = CARTESIAN_POINT ( 'NONE',  ( -0.3200000000000000067, 2.319999999999999840, 0.6999999999999999556 ) ) ;
#3080 = ORIENTED_EDGE ( 'NONE', *, *, #191, .T. ) ;
#3081 = DIRECTION ( 'NONE',  ( -1.000000000000000000, -6.776263578034410601E-16, 0.000000000000000000 ) ) ;
#3082 = DIRECTION ( 'NONE',  ( -1.000000000000000000, -6.776263578034410601E-16, 0.000000000000000000 ) ) ;
#3083 = ORIENTED_EDGE ( 'NONE', *, *, #124, .T. ) ;
#3084 = LINE ( 'NONE', #599, #3723 ) ;
#3085 = VERTEX_POINT ( 'NONE', #2862 ) ;
#3086 = EDGE_CURVE ( 'NONE', #641, #3506, #2179, .T. ) ;
#3087 = CARTESIAN_POINT ( 'NONE',  ( 2.180000000000000604, 1.680000000000000604, 2.200000000000001510 ) ) ;
#3088 = LINE ( 'NONE', #2492, #2532 ) ;
#3089 = FACE_OUTER_BOUND ( 'NONE', #4237, .T. ) ;
#3090 = EDGE_LOOP ( 'NONE', ( #3296, #453, #1708, #243 ) ) ;
#3091 = ORIENTED_EDGE ( 'NONE', *, *, #3130, .T. ) ;
#3092 =( NAMED_UNIT ( * ) PLANE_ANGLE_UNIT ( ) SI_UNIT ( $, .RADIAN. ) );
#3093 = CARTESIAN_POINT ( 'NONE',  ( 8.800000000000002487, 2.200000000000000622, 0.7000000000000006217 ) ) ;
#3094 = DIRECTION ( 'NONE',  ( 6.776263578034400740E-16, -1.000000000000000000, 0.000000000000000000 ) ) ;
#3095 = CARTESIAN_POINT ( 'NONE',  ( -1.480940107675850159, 0.9000000000000009104, 6.700000000000001066 ) ) ;
#3096 = VERTEX_POINT ( 'NONE', #3533 ) ;
#3097 = VECTOR ( 'NONE', #3383, 1000.000000000000000 ) ;
#3098 = EDGE_CURVE ( 'NONE', #3280, #828, #2888, .T. ) ;
#3099 =( LENGTH_UNIT ( ) NAMED_UNIT ( * ) SI_UNIT ( .MILLI., .METRE. ) );
#3100 = FACE_OUTER_BOUND ( 'NONE', #4423, .T. ) ;
#3101 = VERTEX_POINT ( 'NONE', #68 ) ;
#3102 = CIRCLE ( 'NONE', #3619, 0.3800000000000000044 ) ;
#3103 = CARTESIAN_POINT ( 'NONE',  ( 8.950000000000002842, 2.200000000000000622, 2.200000000000001510 ) ) ;
#3104 = ORIENTED_EDGE ( 'NONE', *, *, #4368, .F. ) ;
#3105 = DIRECTION ( 'NONE',  ( 1.000000000000000000, 6.909131491329190437E-16, 0.000000000000000000 ) ) ;
#3106 = ORIENTED_EDGE ( 'NONE', *, *, #2526, .T. ) ;
#3107 = DIRECTION ( 'NONE',  ( 0.000000000000000000, 0.000000000000000000, -1.000000000000000000 ) ) ;
#3108 = AXIS2_PLACEMENT_3D ( 'NONE', #606, #4426, #4088 ) ;
#3109 = ORIENTED_EDGE ( 'NONE', *, *, #1244, .T. ) ;
#3110 = LINE ( 'NONE', #3087, #3176 ) ;
#3111 = VECTOR ( 'NONE', #2194, 1000.000000000000000 ) ;
#3112 = CARTESIAN_POINT ( 'NONE',  ( 0.6499999999999839240, -3.851859888774465575E-31, 6.699999999999985967 ) ) ;
#3113 = ORIENTED_EDGE ( 'NONE', *, *, #1052, .F. ) ;
#3114 = ORIENTED_EDGE ( 'NONE', *, *, #637, .T. ) ;
#3115 = AXIS2_PLACEMENT_3D ( 'NONE', #476, #3245, #1076 ) ;
#3116 = DIRECTION ( 'NONE',  ( 1.000000000000000000, 1.133806193448894034E-15, 0.000000000000000000 ) ) ;
#3117 = LINE ( 'NONE', #3766, #3400 ) ;
#3118 = DIRECTION ( 'NONE',  ( -1.000000000000000000, -8.482755383749670111E-16, 0.000000000000000000 ) ) ;
#3119 = CARTESIAN_POINT ( 'NONE',  ( 8.150000000000002132, 0.000000000000000000, 0.7000000000000003997 ) ) ;
#3120 = ORIENTED_EDGE ( 'NONE', *, *, #3695, .F. ) ;
#3121 = CARTESIAN_POINT ( 'NONE',  ( 3.980940107675850381, 0.9000000000000009104, 6.700000000000001066 ) ) ;
#3122 = EDGE_CURVE ( 'NONE', #3085, #623, #1169, .T. ) ;
#3123 = ORIENTED_EDGE ( 'NONE', *, *, #801, .T. ) ;
#3124 = DIRECTION ( 'NONE',  ( -0.4999999999999997780, -0.8660254037844387076, -0.000000000000000000 ) ) ;
#3125 = VECTOR ( 'NONE', #1186, 1000.000000000000000 ) ;
#3126 = ORIENTED_EDGE ( 'NONE', *, *, #1780, .T. ) ;
#3127 = AXIS2_PLACEMENT_3D ( 'NONE', #2555, #2100, #766 ) ;
#3128 = CARTESIAN_POINT ( 'NONE',  ( 7.820000000000002061, 2.320000000000000284, 2.200000000000001510 ) ) ;
#3129 = VECTOR ( 'NONE', #1934, 1000.000000000000000 ) ;
#3130 = EDGE_CURVE ( 'NONE', #624, #3388, #1788, .T. ) ;
#3131 = ORIENTED_EDGE ( 'NONE', *, *, #3695, .T. ) ;
#3132 = LINE ( 'NONE', #683, #1153 ) ;
#3133 = AXIS2_PLACEMENT_3D ( 'NONE', #2077, #1734, #747 ) ;
#3134 = CARTESIAN_POINT ( 'NONE',  ( -0.6499999999999991340, 0.000000000000000000, 0.7750000000000005773 ) ) ;
#3135 = ORIENTED_EDGE ( 'NONE', *, *, #2201, .T. ) ;
#3136 = MECHANICAL_DESIGN_GEOMETRIC_PRESENTATION_REPRESENTATION (  '', ( #448 ), #722 ) ;
#3137 = DIRECTION ( 'NONE',  ( -0.000000000000000000, -0.000000000000000000, -1.000000000000000000 ) ) ;
#3138 = DIRECTION ( 'NONE',  ( -0.000000000000000000, 0.000000000000000000, -1.000000000000000000 ) ) ;
#3139 = VERTEX_POINT ( 'NONE', #1146 ) ;
#3140 =( LENGTH_UNIT ( ) NAMED_UNIT ( * ) SI_UNIT ( .MILLI., .METRE. ) );
#3141 = CARTESIAN_POINT ( 'NONE',  ( 10.00000000000000178, -3.851859888774471706E-31, 6.699999999999999289 ) ) ;
#3142 = DIRECTION ( 'NONE',  ( -1.000000000000000000, -6.776263578034410601E-16, 0.000000000000000000 ) ) ;
#3143 = CARTESIAN_POINT ( 'NONE',  ( -2.819999999999999840, -2.700000000000000178, -0.3200000000000000067 ) ) ;
#3144 = ORIENTED_EDGE ( 'NONE', *, *, #4363, .F. ) ;
#3145 = CARTESIAN_POINT ( 'NONE',  ( -2.180000000000000160, 1.680000000000000160, 0.6999999999999999556 ) ) ;
#3146 = ORIENTED_EDGE ( 'NONE', *, *, #2130, .F. ) ;
#3147 = EDGE_CURVE ( 'NONE', #935, #4041, #456, .T. ) ;
#3148 = FACE_OUTER_BOUND ( 'NONE', #398, .T. ) ;
#3149 = ORIENTED_EDGE ( 'NONE', *, *, #2416, .F. ) ;
#3150 = CARTESIAN_POINT ( 'NONE',  ( 0.3200000000000000067, 2.212820323027549829, 6.200000000000000178 ) ) ;
#3151 = DIRECTION ( 'NONE',  ( -0.000000000000000000, 1.000000000000000000, -0.000000000000000000 ) ) ;
#3152 = EDGE_CURVE ( 'NONE', #3050, #3815, #2566, .T. ) ;
#3153 = CARTESIAN_POINT ( 'NONE',  ( 8.950000000000001066, 2.200000000000000178, 5.700000000000001066 ) ) ;
#3154 = ORIENTED_EDGE ( 'NONE', *, *, #2391, .F. ) ;
#3155 = CARTESIAN_POINT ( 'NONE',  ( -2.180000000000000160, 1.300000000000000044, 0.3200000000000000067 ) ) ;
#3156 = CARTESIAN_POINT ( 'NONE',  ( -2.180000000000000160, -2.799999999999999822, -0.3200000000000000067 ) ) ;
#3157 = ADVANCED_FACE ( 'NONE', ( #106 ), #2199, .F. ) ;
#3158 = ORIENTED_EDGE ( 'NONE', *, *, #312, .T. ) ;
#3159 = ORIENTED_EDGE ( 'NONE', *, *, #4361, .F. ) ;
#3160 = DIRECTION ( 'NONE',  ( 0.000000000000000000, 0.000000000000000000, 1.000000000000000000 ) ) ;
#3161 = EDGE_CURVE ( 'NONE', #2519, #2147, #4328, .T. ) ;
#3162 = LINE ( 'NONE', #105, #3987 ) ;
#3163 = ORIENTED_EDGE ( 'NONE', *, *, #466, .F. ) ;
#3164 = LINE ( 'NONE', #3121, #2465 ) ;
#3165 = ORIENTED_EDGE ( 'NONE', *, *, #4056, .T. ) ;
#3166 =( NAMED_UNIT ( * ) SI_UNIT ( $, .STERADIAN. ) SOLID_ANGLE_UNIT ( ) );
#3167 = VECTOR ( 'NONE', #1546, 1000.000000000000000 ) ;
#3168 = ORIENTED_EDGE ( 'NONE', *, *, #46, .T. ) ;
#3169 = FACE_OUTER_BOUND ( 'NONE', #342, .T. ) ;
#3170 = CARTESIAN_POINT ( 'NONE',  ( -0.3199999999999996181, 1.680000000000000604, 0.7750000000000004663 ) ) ;
#3171 = ORIENTED_EDGE ( 'NONE', *, *, #770, .T. ) ;
#3172 = EDGE_CURVE ( 'NONE', #3633, #2439, #128, .T. ) ;
#3173 = LINE ( 'NONE', #3217, #3199 ) ;
#3174 = ORIENTED_EDGE ( 'NONE', *, *, #1199, .F. ) ;
#3175 = DIRECTION ( 'NONE',  ( -6.776263578034400740E-16, 1.000000000000000000, 0.000000000000000000 ) ) ;
#3176 = VECTOR ( 'NONE', #2744, 1000.000000000000000 ) ;
#3177 = VECTOR ( 'NONE', #1827, 1000.000000000000000 ) ;
#3178 = VERTEX_POINT ( 'NONE', #1511 ) ;
#3179 = EDGE_LOOP ( 'NONE', ( #1872, #2802, #2638, #4004, #2588, #2143 ) ) ;
#3180 = CARTESIAN_POINT ( 'NONE',  ( -3.949999999999999734, 2.600000000000000533, 5.818181818181818343 ) ) ;
#3181 = DIRECTION ( 'NONE',  ( 1.133806193448893442E-15, -1.000000000000000000, 0.000000000000000000 ) ) ;
#3182 = DIRECTION ( 'NONE',  ( -6.776263578034410601E-16, 1.000000000000000000, 0.000000000000000000 ) ) ;
#3183 = CARTESIAN_POINT ( 'NONE',  ( -2.180000000000000160, -2.700000000000000178, 0.3200000000000000067 ) ) ;
#3184 = PLANE ( 'NONE',  #3483 ) ;
#3185 = VECTOR ( 'NONE', #1853, 1000.000000000000114 ) ;
#3186 = EDGE_LOOP ( 'NONE', ( #4158, #4487, #1740, #840 ) ) ;
#3187 =( NAMED_UNIT ( * ) PLANE_ANGLE_UNIT ( ) SI_UNIT ( $, .RADIAN. ) );
#3188 = DIRECTION ( 'NONE',  ( -0.9659258262890696445, 0.2588190451025159655, 0.000000000000000000 ) ) ;
#3189 = VERTEX_POINT ( 'NONE', #1468 ) ;
#3190 = DIRECTION ( 'NONE',  ( 1.000000000000000000, 6.776263578034403699E-16, 0.000000000000000000 ) ) ;
#3191 = AXIS2_PLACEMENT_3D ( 'NONE', #541, #4082, #941 ) ;
#3192 = ADVANCED_FACE ( 'NONE', ( #3948 ), #2844, .F. ) ;
#3193 = DIRECTION ( 'NONE',  ( -6.776263578034400740E-16, 1.000000000000000000, 0.000000000000000000 ) ) ;
#3194 = AXIS2_PLACEMENT_3D ( 'NONE', #1739, #359, #2431 ) ;
#3195 = VECTOR ( 'NONE', #3989, 1000.000000000000000 ) ;
#3196 = FACE_OUTER_BOUND ( 'NONE', #2919, .T. ) ;
#3197 = ORIENTED_EDGE ( 'NONE', *, *, #2123, .T. ) ;
#3198 = FACE_OUTER_BOUND ( 'NONE', #4179, .T. ) ;
#3199 = VECTOR ( 'NONE', #3570, 1000.000000000000000 ) ;
#3200 = EDGE_CURVE ( 'NONE', #1246, #83, #4308, .T. ) ;
#3201 = ORIENTED_EDGE ( 'NONE', *, *, #3883, .T. ) ;
#3202 = COLOUR_RGB ( '',1.000000000000000000, 1.000000000000000000, 1.000000000000000000 ) ;
#3203 = PLANE ( 'NONE',  #920 ) ;
#3204 = CARTESIAN_POINT ( 'NONE',  ( 2.180000000000000160, 2.320000000000000284, 0.7750000000000004663 ) ) ;
#3205 = DIRECTION ( 'NONE',  ( 0.4999999999999997780, -0.8660254037844388186, 0.000000000000000000 ) ) ;
#3206 = ADVANCED_FACE ( 'NONE', ( #3555 ), #2159, .F. ) ;
#3207 = VERTEX_POINT ( 'NONE', #3597 ) ;
#3208 = EDGE_CURVE ( 'NONE', #122, #646, #776, .T. ) ;
#3209 = LINE ( 'NONE', #3583, #4494 ) ;
#3210 = VERTEX_POINT ( 'NONE', #435 ) ;
#3211 = ORIENTED_EDGE ( 'NONE', *, *, #1802, .T. ) ;
#3212 = ADVANCED_FACE ( 'NONE', ( #1851 ), #1877, .F. ) ;
#3213 = CARTESIAN_POINT ( 'NONE',  ( -2.180000000000000160, 1.300000000000000044, 0.6999999999999999556 ) ) ;
#3214 = FACE_OUTER_BOUND ( 'NONE', #2980, .T. ) ;
#3215 = ADVANCED_FACE ( 'NONE', ( #1814 ), #3620, .F. ) ;
#3216 = VERTEX_POINT ( 'NONE', #1903 ) ;
#3217 = CARTESIAN_POINT ( 'NONE',  ( 2.180000000000000160, 2.320000000000000284, 0.7750000000000004663 ) ) ;
#3218 = ORIENTED_EDGE ( 'NONE', *, *, #2016, .F. ) ;
#3219 = DIRECTION ( 'NONE',  ( 8.503546450866701308E-16, -1.000000000000000000, 0.000000000000000000 ) ) ;
#3220 = CARTESIAN_POINT ( 'NONE',  ( 4.679999999999999716, 1.680000000000000604, -1.499999999999998668 ) ) ;
#3221 = EDGE_LOOP ( 'NONE', ( #675, #4313, #2956, #1530 ) ) ;
#3222 = EDGE_CURVE ( 'NONE', #909, #2118, #581, .T. ) ;
#3223 = CARTESIAN_POINT ( 'NONE',  ( 4.679999999999999716, 1.680000000000000604, 0.7750000000000004663 ) ) ;
#3224 = FACE_OUTER_BOUND ( 'NONE', #4092, .T. ) ;
#3225 = LINE ( 'NONE', #2136, #1504 ) ;
#3226 = DIRECTION ( 'NONE',  ( 0.000000000000000000, -0.9647638212377319666, -0.2631174057921095155 ) ) ;
#3227 = PLANE ( 'NONE',  #3867 ) ;
#3228 = EDGE_LOOP ( 'NONE', ( #1583, #1074, #1000, #3063 ) ) ;
#3229 = EDGE_CURVE ( 'NONE', #3990, #1691, #3043, .T. ) ;
#3230 = LINE ( 'NONE', #110, #2233 ) ;
#3231 = ORIENTED_EDGE ( 'NONE', *, *, #2614, .F. ) ;
#3232 = EDGE_CURVE ( 'NONE', #4479, #1695, #3736, .T. ) ;
#3233 = EDGE_LOOP ( 'NONE', ( #4188, #1173, #2024, #2321 ) ) ;
#3234 = EDGE_CURVE ( 'NONE', #1673, #2583, #2334, .T. ) ;
#3235 = CARTESIAN_POINT ( 'NONE',  ( 2.500000000000001776, 0.9000000000000009104, 6.700000000000001066 ) ) ;
#3236 = FACE_BOUND ( 'NONE', #2027, .T. ) ;
#3237 = VERTEX_POINT ( 'NONE', #3319 ) ;
#3238 = LINE ( 'NONE', #143, #3274 ) ;
#3239 = VECTOR ( 'NONE', #3624, 1000.000000000000000 ) ;
#3240 = DIRECTION ( 'NONE',  ( 0.000000000000000000, -1.000000000000000000, 3.614007241618344826E-17 ) ) ;
#3241 = DIRECTION ( 'NONE',  ( -1.000000000000000000, -0.000000000000000000, -0.000000000000000000 ) ) ;
#3242 = LINE ( 'NONE', #120, #2396 ) ;
#3243 = ORIENTED_EDGE ( 'NONE', *, *, #2495, .F. ) ;
#3244 = DIRECTION ( 'NONE',  ( 1.000000000000000000, 0.000000000000000000, 0.000000000000000000 ) ) ;
#3245 = DIRECTION ( 'NONE',  ( -1.000000000000000000, -7.132909029509879687E-16, 0.000000000000000000 ) ) ;
#3246 = LINE ( 'NONE', #3966, #49 ) ;
#3247 = AXIS2_PLACEMENT_3D ( 'NONE', #1119, #3899, #1812 ) ;
#3248 = FACE_OUTER_BOUND ( 'NONE', #2973, .T. ) ;
#3249 = DIRECTION ( 'NONE',  ( 0.2505628070857285339, -0.9351131265310310692, 0.2505628070857279788 ) ) ;
#3250 = ORIENTED_EDGE ( 'NONE', *, *, #1726, .F. ) ;
#3251 = FACE_OUTER_BOUND ( 'NONE', #4045, .T. ) ;
#3252 = VERTEX_POINT ( 'NONE', #1621 ) ;
#3253 = VECTOR ( 'NONE', #3487, 1000.000000000000000 ) ;
#3254 = DIRECTION ( 'NONE',  ( 0.000000000000000000, 0.7071067811865474617, -0.7071067811865476838 ) ) ;
#3255 = VECTOR ( 'NONE', #492, 1000.000000000000000 ) ;
#3256 = VERTEX_POINT ( 'NONE', #4447 ) ;
#3257 = EDGE_CURVE ( 'NONE', #3842, #1383, #1947, .T. ) ;
#3258 =( REPRESENTATION_RELATIONSHIP ('NONE','NONE', #3375, #569 ) REPRESENTATION_RELATIONSHIP_WITH_TRANSFORMATION ( #4419 )SHAPE_REPRESENTATION_RELATIONSHIP( ) );
#3259 = ORIENTED_EDGE ( 'NONE', *, *, #3686, .T. ) ;
#3260 = CLOSED_SHELL ( 'NONE', ( #3859, #4495, #2227, #331, #3732, #316, #903, #2287, #1492, #827, #2906, #3460, #1319, #3974, #1266, #1132, #3285, #3770, #2604, #2826, #2969, #2413, #30, #1870, #1117, #2892, #2450, #1647, #1129, #1314, #2731, #379, #2754, #70, #1854, #4110, #4270, #2531, #3302, #4114, #1293, #3962, #486, #609, #1693, #2087, #4380, #590, #3913, #2899, #2272, #3206, #1639, #4203, #1537, #3716, #829, #712, #671, #4038, #3376, #3157, #3840, #2871, #4504, #1629, #3754, #2307, #3212, #4485, #1923, #2070, #3705, #588, #2701, #3340, #971, #4291, #11, #1359, #2265, #3359, #662, #1389, #4459, #170, #1044, #3192, #474, #1158, #1595, #3574, #3567, #3698, #3602, #2651 ) ) ;
#3261 = VECTOR ( 'NONE', #1118, 1000.000000000000000 ) ;
#3262 = PLANE ( 'NONE',  #4198 ) ;
#3263 = DIRECTION ( 'NONE',  ( 0.000000000000000000, -7.885106708985490266E-17, 1.000000000000000000 ) ) ;
#3264 = EDGE_CURVE ( 'NONE', #4162, #1059, #558, .T. ) ;
#3265 = EDGE_LOOP ( 'NONE', ( #3953, #2634, #4011, #4493 ) ) ;
#3266 = AXIS2_PLACEMENT_3D ( 'NONE', #4021, #1928, #4090 ) ;
#3267 = DIRECTION ( 'NONE',  ( 6.545367995765408134E-16, -0.9659258262890697555, -0.2588190451025154659 ) ) ;
#3268 = ADVANCED_FACE ( 'NONE', ( #4039 ), #2312, .T. ) ;
#3269 = DIRECTION ( 'NONE',  ( 0.000000000000000000, 1.000000000000000000, 0.000000000000000000 ) ) ;
#3270 = DIRECTION ( 'NONE',  ( 6.746146851020910014E-16, -1.000000000000000000, 0.000000000000000000 ) ) ;
#3271 = VECTOR ( 'NONE', #3963, 999.9999999999998863 ) ;
#3272 = VERTEX_POINT ( 'NONE', #2636 ) ;
#3273 = ORIENTED_EDGE ( 'NONE', *, *, #792, .T. ) ;
#3274 = VECTOR ( 'NONE', #793, 1000.000000000000000 ) ;
#3275 = LINE ( 'NONE', #843, #421 ) ;
#3276 = CARTESIAN_POINT ( 'NONE',  ( -2.180000000000000160, 1.300000000000000044, 0.6999999999999999556 ) ) ;
#3277 = PRODUCT ( 'pin 2', 'pin 2', '', ( #2633 ) ) ;
#3278 = DIRECTION ( 'NONE',  ( 6.776263578034400740E-16, -1.000000000000000000, 0.000000000000000000 ) ) ;
#3279 =( GEOMETRIC_REPRESENTATION_CONTEXT ( 3 ) GLOBAL_UNCERTAINTY_ASSIGNED_CONTEXT ( ( #1061 ) ) GLOBAL_UNIT_ASSIGNED_CONTEXT ( ( #781, #3187, #1450 ) ) REPRESENTATION_CONTEXT ( 'NONE', 'WORKASPACE' ) );
#3280 = VERTEX_POINT ( 'NONE', #844 ) ;
#3281 = LINE ( 'NONE', #31, #2878 ) ;
#3282 = DIRECTION ( 'NONE',  ( 1.000000000000000000, 0.000000000000000000, 0.000000000000000000 ) ) ;
#3283 = ORIENTED_EDGE ( 'NONE', *, *, #2716, .T. ) ;
#3284 = VERTEX_POINT ( 'NONE', #242 ) ;
#3285 = ADVANCED_FACE ( 'NONE', ( #4062 ), #3390, .F. ) ;
#3286 = FACE_OUTER_BOUND ( 'NONE', #2402, .T. ) ;
#3287 = CARTESIAN_POINT ( 'NONE',  ( -2.819999999999999840, 2.319999999999999840, 0.6999999999999999556 ) ) ;
#3288 = LINE ( 'NONE', #4408, #1007 ) ;
#3289 = ORIENTED_EDGE ( 'NONE', *, *, #1500, .T. ) ;
#3290 = DIRECTION ( 'NONE',  ( 1.000000000000000000, 0.000000000000000000, 0.000000000000000000 ) ) ;
#3291 = PLANE ( 'NONE',  #690 ) ;
#3292 = LINE ( 'NONE', #1230, #573 ) ;
#3293 = DIRECTION ( 'NONE',  ( 1.000000000000000000, 0.000000000000000000, 0.000000000000000000 ) ) ;
#3294 = ORIENTED_EDGE ( 'NONE', *, *, #2953, .T. ) ;
#3295 = CARTESIAN_POINT ( 'NONE',  ( 2.499999999999996891, 7.372574772901430151E-15, -2.600000000000001865 ) ) ;
#3296 = ORIENTED_EDGE ( 'NONE', *, *, #3369, .F. ) ;
#3297 = EDGE_CURVE ( 'NONE', #4185, #3252, #3343, .T. ) ;
#3298 = LINE ( 'NONE', #3066, #51 ) ;
#3299 = CARTESIAN_POINT ( 'NONE',  ( -2.180000000000000160, 1.787179676972449949, 6.200000000000000178 ) ) ;
#3300 = ORIENTED_EDGE ( 'NONE', *, *, #3738, .F. ) ;
#3301 = PRODUCT_RELATED_PRODUCT_CATEGORY ( 'part', '', ( #1886 ) ) ;
#3302 = ADVANCED_FACE ( 'NONE', ( #2656 ), #3713, .F. ) ;
#3303 = CARTESIAN_POINT ( 'NONE',  ( 2.180000000000000160, 2.320000000000000284, 2.200000000000001510 ) ) ;
#3304 = DIRECTION ( 'NONE',  ( -2.448946564213094778E-32, 3.614007241618344826E-17, 1.000000000000000000 ) ) ;
#3305 = CARTESIAN_POINT ( 'NONE',  ( 3.980940107675850381, 0.9000000000000007994, 6.700000000000001066 ) ) ;
#3306 = ORIENTED_EDGE ( 'NONE', *, *, #3200, .F. ) ;
#3307 = VERTEX_POINT ( 'NONE', #3021 ) ;
#3308 = CARTESIAN_POINT ( 'NONE',  ( 8.800000000000002487, 0.000000000000000000, -1.499999999999998224 ) ) ;
#3309 = DIRECTION ( 'NONE',  ( -1.000000000000000000, 0.000000000000000000, 0.000000000000000000 ) ) ;
#3310 = CARTESIAN_POINT ( 'NONE',  ( 3.750000000000000000, 1.300000000000000933, 6.700000000000001066 ) ) ;
#3311 = DIRECTION ( 'NONE',  ( 0.000000000000000000, -1.000000000000000000, 3.614007241618344826E-17 ) ) ;
#3312 = CARTESIAN_POINT ( 'NONE',  ( -4.400000000000000355, 2.200000000000000178, 5.700000000000001066 ) ) ;
#3313 = CARTESIAN_POINT ( 'NONE',  ( -3.800000000000000266, 0.000000000000000000, 0.7000000000000006217 ) ) ;
#3314 = DIRECTION ( 'NONE',  ( 0.2505628070857289780, -0.2505628070857284784, -0.9351131265310308471 ) ) ;
#3315 = EDGE_CURVE ( 'NONE', #4041, #923, #1308, .T. ) ;
#3316 = VERTEX_POINT ( 'NONE', #1281 ) ;
#3317 = ORIENTED_EDGE ( 'NONE', *, *, #2000, .T. ) ;
#3318 = DIRECTION ( 'NONE',  ( -0.4999999999999997780, 0.8660254037844387076, 0.000000000000000000 ) ) ;
#3319 = CARTESIAN_POINT ( 'NONE',  ( -2.180000000000000160, 2.319999999999999840, 0.6999999999999999556 ) ) ;
#3320 = ORIENTED_EDGE ( 'NONE', *, *, #2016, .T. ) ;
#3321 = AXIS2_PLACEMENT_3D ( 'NONE', #2414, #3832, #3486 ) ;
#3322 = DIRECTION ( 'NONE',  ( 0.000000000000000000, -1.000000000000000000, -0.000000000000000000 ) ) ;
#3323 = FACE_OUTER_BOUND ( 'NONE', #2943, .T. ) ;
#3324 = CARTESIAN_POINT ( 'NONE',  ( 8.950000000000002842, 2.600000000000000533, 5.818181818181818343 ) ) ;
#3325 = ORIENTED_EDGE ( 'NONE', *, *, #377, .T. ) ;
#3326 = AXIS2_PLACEMENT_3D ( 'NONE', #4276, #769, #1480 ) ;
#3327 = ORIENTED_EDGE ( 'NONE', *, *, #3086, .T. ) ;
#3328 = ORIENTED_EDGE ( 'NONE', *, *, #3944, .T. ) ;
#3329 = VECTOR ( 'NONE', #2682, 1000.000000000000000 ) ;
#3330 = DIRECTION ( 'NONE',  ( -1.000000000000000000, 0.000000000000000000, -0.000000000000000000 ) ) ;
#3331 = CARTESIAN_POINT ( 'NONE',  ( 5.000000000000000000, 1.600000000000000089, -1.499999999999998002 ) ) ;
#3332 = FACE_OUTER_BOUND ( 'NONE', #1686, .T. ) ;
#3333 = AXIS2_PLACEMENT_3D ( 'NONE', #4475, #2752, #4106 ) ;
#3335 = EDGE_CURVE ( 'NONE', #1394, #1587, #172, .T. ) ;
#3334 = CARTESIAN_POINT ( 'NONE',  ( -2.819999999999999840, 1.300000000000000044, 0.3200000000000000067 ) ) ;
#3336 = VECTOR ( 'NONE', #4141, 1000.000000000000000 ) ;
#3337 = DIRECTION ( 'NONE',  ( -0.000000000000000000, -0.000000000000000000, 1.000000000000000000 ) ) ;
#3338 = ORIENTED_EDGE ( 'NONE', *, *, #2416, .T. ) ;
#3339 = EDGE_LOOP ( 'NONE', ( #1126, #4335, #1717, #3294 ) ) ;
#3340 = ADVANCED_FACE ( 'NONE', ( #4355 ), #3668, .F. ) ;
#3341 = CARTESIAN_POINT ( 'NONE',  ( 10.00000000000000178, 4.200000000000000178, 5.900000000000000355 ) ) ;
#3342 = VECTOR ( 'NONE', #1972, 1000.000000000000000 ) ;
#3343 = LINE ( 'NONE', #3299, #4077 ) ;
#3344 = SHAPE_REPRESENTATION ( 'SxB-EH body_5', ( #146 ), #2771 ) ;
#3345 = EDGE_LOOP ( 'NONE', ( #898, #2615, #2288, #3696 ) ) ;
#3346 = VECTOR ( 'NONE', #796, 1000.000000000000000 ) ;
#3347 = LINE ( 'NONE', #2590, #1049 ) ;
#3348 = CARTESIAN_POINT ( 'NONE',  ( -2.819999999999999840, -1.682206405693955187, -0.1380604982206407871 ) ) ;
#3349 = CARTESIAN_POINT ( 'NONE',  ( 4.350000000000001421, 0.000000000000000000, 0.7000000000000005107 ) ) ;
#3350 = VERTEX_POINT ( 'NONE', #1922 ) ;
#3351 = AXIS2_PLACEMENT_3D ( 'NONE', #164, #2577, #1545 ) ;
#3352 = ADVANCED_FACE ( 'NONE', ( #1578 ), #4379, .F. ) ;
#3353 = ORIENTED_EDGE ( 'NONE', *, *, #3020, .F. ) ;
#3354 =( GEOMETRIC_REPRESENTATION_CONTEXT ( 3 ) GLOBAL_UNCERTAINTY_ASSIGNED_CONTEXT ( ( #3493 ) ) GLOBAL_UNIT_ASSIGNED_CONTEXT ( ( #4472, #3878, #2133 ) ) REPRESENTATION_CONTEXT ( 'NONE', 'WORKASPACE' ) );
#3355 = AXIS2_PLACEMENT_3D ( 'NONE', #2625, #1291, #3330 ) ;
#3356 = CARTESIAN_POINT ( 'NONE',  ( -4.400000000000000355, 2.200000000000000178, 6.700000000000001066 ) ) ;
#3357 = LINE ( 'NONE', #4317, #1080 ) ;
#3358 = ORIENTED_EDGE ( 'NONE', *, *, #1500, .F. ) ;
#3359 = ADVANCED_FACE ( 'NONE', ( #2773 ), #1373, .F. ) ;
#3360 = CARTESIAN_POINT ( 'NONE',  ( -2.180000000000000160, -1.317793594306054139, 0.3880604982206404818 ) ) ;
#3361 = EDGE_CURVE ( 'NONE', #3256, #4140, #981, .T. ) ;
#3362 = ORIENTED_EDGE ( 'NONE', *, *, #1624, .T. ) ;
#3363 = CARTESIAN_POINT ( 'NONE',  ( -5.000000000000000000, 2.600000000000000533, 5.281818181818181301 ) ) ;
#3364 = ITEM_DEFINED_TRANSFORMATION ( 'NONE', 'NONE', #3649,  #146 ) ;
#3365 = ORIENTED_EDGE ( 'NONE', *, *, #88, .T. ) ;
#3366 = DIRECTION ( 'NONE',  ( 8.482755383749666166E-16, -1.000000000000000000, 0.000000000000000000 ) ) ;
#3367 = FACE_OUTER_BOUND ( 'NONE', #2343, .T. ) ;
#3368 = DIRECTION ( 'NONE',  ( 0.000000000000000000, 0.9647638212377326328, -0.2631174057921069065 ) ) ;
#3369 = EDGE_CURVE ( 'NONE', #2663, #393, #1349, .T. ) ;
#3370 = ORIENTED_EDGE ( 'NONE', *, *, #2733, .T. ) ;
#3371 = DIRECTION ( 'NONE',  ( -0.000000000000000000, 1.000000000000000000, -0.000000000000000000 ) ) ;
#3372 = LINE ( 'NONE', #2253, #2742 ) ;
#3373 = CARTESIAN_POINT ( 'NONE',  ( 0.3200000000000000067, 1.300000000000000044, 5.799999999999999822 ) ) ;
#3374 = ORIENTED_EDGE ( 'NONE', *, *, #3817, .F. ) ;
#3375 = SHAPE_REPRESENTATION ( 'S5B-EH', ( #865, #1888, #3649, #3058, #1086, #1669, #3943, #2840 ), #4017 ) ;
#3376 = ADVANCED_FACE ( 'NONE', ( #3089 ), #4490, .F. ) ;
#3377 = ORIENTED_EDGE ( 'NONE', *, *, #1102, .F. ) ;
#3378 = LINE ( 'NONE', #1656, #1750 ) ;
#3379 = LINE ( 'NONE', #2282, #4012 ) ;
#3380 = ORIENTED_EDGE ( 'NONE', *, *, #4061, .T. ) ;
#3381 = EDGE_CURVE ( 'NONE', #265, #600, #3461, .T. ) ;
#3382 = SURFACE_SIDE_STYLE ('',( #4051 ) ) ;
#3383 = DIRECTION ( 'NONE',  ( -1.000000000000000000, -6.776263578034410601E-16, 0.000000000000000000 ) ) ;
#3384 = DIRECTION ( 'NONE',  ( 0.000000000000000000, -1.000000000000000000, 5.524597057250977336E-16 ) ) ;
#3385 = LINE ( 'NONE', #256, #2324 ) ;
#3386 = VERTEX_POINT ( 'NONE', #2451 ) ;
#3387 = CARTESIAN_POINT ( 'NONE',  ( -2.819999999999999840, 1.680000000000000160, 5.799999999999999822 ) ) ;
#3388 = VERTEX_POINT ( 'NONE', #2720 ) ;
#3389 = DIRECTION ( 'NONE',  ( 0.5000000000000001110, -0.8660254037844384856, 0.000000000000000000 ) ) ;
#3390 = PLANE ( 'NONE',  #1368 ) ;
#3391 = VECTOR ( 'NONE', #201, 1000.000000000000000 ) ;
#3392 = VERTEX_POINT ( 'NONE', #2746 ) ;
#3393 = DIRECTION ( 'NONE',  ( -1.000000000000000000, -0.000000000000000000, -0.000000000000000000 ) ) ;
#3394 = DIRECTION ( 'NONE',  ( 0.8660254037844388186, -0.4999999999999997780, 0.000000000000000000 ) ) ;
#3395 = LINE ( 'NONE', #270, #852 ) ;
#3396 = ORIENTED_EDGE ( 'NONE', *, *, #2371, .T. ) ;
#3397 = DIRECTION ( 'NONE',  ( 0.000000000000000000, 1.000000000000000000, 0.000000000000000000 ) ) ;
#3398 = ORIENTED_EDGE ( 'NONE', *, *, #1793, .T. ) ;
#3399 = EDGE_CURVE ( 'NONE', #1128, #3593, #3806, .T. ) ;
#3400 = VECTOR ( 'NONE', #1035, 1000.000000000000000 ) ;
#3401 = CARTESIAN_POINT ( 'NONE',  ( 6.151025668138921709, 1.128571428571429447, 6.471428571428572418 ) ) ;
#3402 = ORIENTED_EDGE ( 'NONE', *, *, #3033, .F. ) ;
#3403 = VECTOR ( 'NONE', #1907, 1000.000000000000000 ) ;
#3404 = SHAPE_REPRESENTATION_RELATIONSHIP ( 'NONE' , 'NONE' ,  #3344, #2204 ) ;
#3405 = CARTESIAN_POINT ( 'NONE',  ( -2.819999999999999840, 2.320000000000000284, -1.499999999999998668 ) ) ;
#3406 = CARTESIAN_POINT ( 'NONE',  ( 8.800000000000002487, 0.000000000000000000, 0.7000000000000006217 ) ) ;
#3407 = EDGE_CURVE ( 'NONE', #4041, #3189, #3783, .T. ) ;
#3408 = EDGE_LOOP ( 'NONE', ( #1541, #3402, #237 ) ) ;
#3409 = EDGE_CURVE ( 'NONE', #2863, #3386, #1006, .T. ) ;
#3410 = LINE ( 'NONE', #618, #292 ) ;
#3411 = VERTEX_POINT ( 'NONE', #289 ) ;
#3412 = VECTOR ( 'NONE', #2064, 1000.000000000000000 ) ;
#3413 = DIRECTION ( 'NONE',  ( 0.5000000000000001110, 0.8660254037844384856, 0.000000000000000000 ) ) ;
#3414 = DIRECTION ( 'NONE',  ( 2.891205793294671522E-15, -0.000000000000000000, -1.000000000000000000 ) ) ;
#3415 = CARTESIAN_POINT ( 'NONE',  ( -5.000000000000000000, 4.200000000000000178, 5.900000000000000355 ) ) ;
#3416 = ORIENTED_EDGE ( 'NONE', *, *, #1624, .F. ) ;
#3417 = ORIENTED_EDGE ( 'NONE', *, *, #1889, .F. ) ;
#3418 = DIRECTION ( 'NONE',  ( 2.891205793294671128E-15, 0.000000000000000000, -1.000000000000000000 ) ) ;
#3419 = EDGE_CURVE ( 'NONE', #4164, #1427, #644, .T. ) ;
#3420 = CIRCLE ( 'NONE', #1807, 0.3800000000000000044 ) ;
#3421 = DIRECTION ( 'NONE',  ( -0.000000000000000000, -0.000000000000000000, -1.000000000000000000 ) ) ;
#3422 = DIRECTION ( 'NONE',  ( 0.000000000000000000, 1.000000000000000000, 0.000000000000000000 ) ) ;
#3423 = DIRECTION ( 'NONE',  ( -1.000000000000000000, 0.000000000000000000, 0.000000000000000000 ) ) ;
#3424 = EDGE_LOOP ( 'NONE', ( #3462, #494, #3470, #2331, #556, #4222, #953, #859, #29, #1471, #772, #692, #960, #1909, #4112, #2160, #1050, #1489, #3028, #768, #3582, #2959, #2468, #3526, #2443, #3558 ) ) ;
#3425 = CARTESIAN_POINT ( 'NONE',  ( 0.3200000000000000067, 1.680000000000000160, 0.6999999999999999556 ) ) ;
#3426 = VECTOR ( 'NONE', #2266, 1000.000000000000000 ) ;
#3427 = ORIENTED_EDGE ( 'NONE', *, *, #1946, .F. ) ;
#3428 = VECTOR ( 'NONE', #2242, 1000.000000000000000 ) ;
#3429 = AXIS2_PLACEMENT_3D ( 'NONE', #705, #3504, #2807 ) ;
#3430 = CARTESIAN_POINT ( 'NONE',  ( -4.400000000000000355, 2.200000000000000178, 5.700000000000001066 ) ) ;
#3431 = ORIENTED_EDGE ( 'NONE', *, *, #1660, .F. ) ;
#3432 = MECHANICAL_DESIGN_GEOMETRIC_PRESENTATION_REPRESENTATION (  '', ( #2406 ), #3354 ) ;
#3433 = EDGE_CURVE ( 'NONE', #4351, #3539, #1393, .T. ) ;
#3434 = DIRECTION ( 'NONE',  ( -6.776263578034410601E-16, 1.000000000000000000, 0.000000000000000000 ) ) ;
#3435 = CARTESIAN_POINT ( 'NONE',  ( 3.848974331861078735, 1.128571428571429447, 6.471428571428572418 ) ) ;
#3436 = LINE ( 'NONE', #285, #78 ) ;
#3437 = ORIENTED_EDGE ( 'NONE', *, *, #1279, .T. ) ;
#3438 = CARTESIAN_POINT ( 'NONE',  ( -1.300000000000000266, 0.000000000000000000, 0.7000000000000006217 ) ) ;
#3439 = LINE ( 'NONE', #1458, #504 ) ;
#3440 = CARTESIAN_POINT ( 'NONE',  ( 0.5999999999999998668, 0.9000000000000004663, 6.700000000000001066 ) ) ;
#3441 = APPLICATION_CONTEXT ( 'automotive_design' ) ;
#3442 = ORIENTED_EDGE ( 'NONE', *, *, #3519, .T. ) ;
#3443 = ORIENTED_EDGE ( 'NONE', *, *, #26, .F. ) ;
#3444 = EDGE_CURVE ( 'NONE', #2869, #1075, #2355, .T. ) ;
#3445 = CARTESIAN_POINT ( 'NONE',  ( -3.949999999999999734, 2.900000000000000355, 4.486010460552367185 ) ) ;
#3446 = CARTESIAN_POINT ( 'NONE',  ( 8.800000000000002487, 0.000000000000000000, -1.499999999999998224 ) ) ;
#3447 = DIRECTION ( 'NONE',  ( 0.000000000000000000, 0.000000000000000000, 1.000000000000000000 ) ) ;
#3448 = DIRECTION ( 'NONE',  ( 1.000000000000000000, -0.000000000000000000, -0.000000000000000000 ) ) ;
#3449 = ORIENTED_EDGE ( 'NONE', *, *, #3836, .T. ) ;
#3450 = PRODUCT_DEFINITION_CONTEXT ( 'detailed design', #3760, 'design' ) ;
#3451 = CARTESIAN_POINT ( 'NONE',  ( -5.000000000000000000, 2.700000000000000622, 2.200000000000001510 ) ) ;
#3452 = ORIENTED_EDGE ( 'NONE', *, *, #2157, .F. ) ;
#3453 = CARTESIAN_POINT ( 'NONE',  ( -0.2128203230275504954, 2.319999999999999840, 6.200000000000000178 ) ) ;
#3454 = ORIENTED_EDGE ( 'NONE', *, *, #924, .F. ) ;
#3455 = PLANE ( 'NONE',  #3935 ) ;
#3456 = EDGE_LOOP ( 'NONE', ( #889, #4481, #462, #1339 ) ) ;
#3457 = PLANE ( 'NONE',  #1518 ) ;
#3458 = ORIENTED_EDGE ( 'NONE', *, *, #1140, .T. ) ;
#3459 = DIRECTION ( 'NONE',  ( -1.000000000000000000, -0.000000000000000000, -0.000000000000000000 ) ) ;
#3460 = ADVANCED_FACE ( 'NONE', ( #333 ), #4101, .F. ) ;
#3461 = LINE ( 'NONE', #386, #1954 ) ;
#3462 = ORIENTED_EDGE ( 'NONE', *, *, #1448, .T. ) ;
#3463 = ORIENTED_EDGE ( 'NONE', *, *, #4389, .T. ) ;
#3464 = LINE ( 'NONE', #3726, #4073 ) ;
#3465 = FACE_OUTER_BOUND ( 'NONE', #3905, .T. ) ;
#3466 = CARTESIAN_POINT ( 'NONE',  ( -1.849999999999998979, 0.000000000000000000, 0.7000000000000003997 ) ) ;
#3467 = LINE ( 'NONE', #717, #1437 ) ;
#3468 = CARTESIAN_POINT ( 'NONE',  ( -3.949999999999999734, 2.600000000000000533, 5.818181818181818343 ) ) ;
#3469 = EDGE_CURVE ( 'NONE', #393, #2511, #958, .T. ) ;
#3470 = ORIENTED_EDGE ( 'NONE', *, *, #458, .T. ) ;
#3471 = VECTOR ( 'NONE', #1109, 1000.000000000000000 ) ;
#3472 = AXIS2_PLACEMENT_3D ( 'NONE', #3810, #3513, #4124 ) ;
#3473 = DIRECTION ( 'NONE',  ( 0.5000000000000001110, 0.8660254037844384856, 0.000000000000000000 ) ) ;
#3474 = ORIENTED_EDGE ( 'NONE', *, *, #108, .F. ) ;
#3475 = DIRECTION ( 'NONE',  ( 1.000000000000000000, -0.000000000000000000, -0.000000000000000000 ) ) ;
#3476 = CARTESIAN_POINT ( 'NONE',  ( 5.650000000000001243, 4.200000000000000178, 0.7000000000000003997 ) ) ;
#3477 = VECTOR ( 'NONE', #1976, 1000.000000000000000 ) ;
#3478 = ORIENTED_EDGE ( 'NONE', *, *, #4310, .F. ) ;
#3479 = CARTESIAN_POINT ( 'NONE',  ( -2.180000000000000160, -2.700000000000000178, 0.7025000000000000133 ) ) ;
#3480 = DIRECTION ( 'NONE',  ( 0.000000000000000000, 0.000000000000000000, 1.000000000000000000 ) ) ;
#3481 = ORIENTED_EDGE ( 'NONE', *, *, #595, .F. ) ;
#3482 = ORIENTED_EDGE ( 'NONE', *, *, #2161, .T. ) ;
#3483 = AXIS2_PLACEMENT_3D ( 'NONE', #1767, #737, #4177 ) ;
#3484 = EDGE_CURVE ( 'NONE', #1317, #1673, #3067, .T. ) ;
#3485 = LINE ( 'NONE', #293, #1651 ) ;
#3486 = DIRECTION ( 'NONE',  ( 0.000000000000000000, 0.000000000000000000, -1.000000000000000000 ) ) ;
#3487 = DIRECTION ( 'NONE',  ( -0.000000000000000000, 1.000000000000000000, -0.000000000000000000 ) ) ;
#3488 = LINE ( 'NONE', #3095, #1001 ) ;
#3489 = DIRECTION ( 'NONE',  ( -1.000000000000000000, -0.000000000000000000, -0.000000000000000000 ) ) ;
#3490 = ORIENTED_EDGE ( 'NONE', *, *, #4099, .T. ) ;
#3491 = AXIS2_PLACEMENT_3D ( 'NONE', #2318, #4404, #1952 ) ;
#3492 = FILL_AREA_STYLE ('',( #1984 ) ) ;
#3493 = UNCERTAINTY_MEASURE_WITH_UNIT (LENGTH_MEASURE( 1.000000000000000082E-05 ), #4472, 'distance_accuracy_value', 'NONE');
#3494 = EDGE_CURVE ( 'NONE', #1276, #3529, #2015, .T. ) ;
#3495 = CARTESIAN_POINT ( 'NONE',  ( 5.000000000000000000, 2.900000000000000355, 4.486010460552367185 ) ) ;
#3496 = VECTOR ( 'NONE', #3759, 1000.000000000000000 ) ;
#3497 = VERTEX_POINT ( 'NONE', #4187 ) ;
#3498 = AXIS2_PLACEMENT_3D ( 'NONE', #3016, #2377, #2011 ) ;
#3499 = LINE ( 'NONE', #4202, #3471 ) ;
#3500 = VECTOR ( 'NONE', #3293, 1000.000000000000000 ) ;
#3501 = PLANE ( 'NONE',  #2250 ) ;
#3502 = VECTOR ( 'NONE', #2768, 1000.000000000000000 ) ;
#3503 = EDGE_CURVE ( 'NONE', #2962, #3316, #3852, .T. ) ;
#3504 = DIRECTION ( 'NONE',  ( 1.000000000000000000, 0.000000000000000000, 0.000000000000000000 ) ) ;
#3505 = EDGE_CURVE ( 'NONE', #1461, #1246, #622, .T. ) ;
#3506 = VERTEX_POINT ( 'NONE', #4469 ) ;
#3507 = SURFACE_SIDE_STYLE ('',( #795 ) ) ;
#3508 = VECTOR ( 'NONE', #1405, 1000.000000000000000 ) ;
#3509 = CARTESIAN_POINT ( 'NONE',  ( -3.950000000000000178, 2.200000000000000178, 5.700000000000001066 ) ) ;
#3510 = ORIENTED_EDGE ( 'NONE', *, *, #3883, .F. ) ;
#3511 = VERTEX_POINT ( 'NONE', #1329 ) ;
#3512 = DIRECTION ( 'NONE',  ( 0.000000000000000000, 0.000000000000000000, 1.000000000000000000 ) ) ;
#3513 = DIRECTION ( 'NONE',  ( -0.000000000000000000, 0.000000000000000000, 1.000000000000000000 ) ) ;
#3514 = DIRECTION ( 'NONE',  ( 8.482755383749668139E-16, -1.000000000000000000, 0.000000000000000000 ) ) ;
#3515 = DIRECTION ( 'NONE',  ( 0.3779644730092273641, 0.6546536707079770867, -0.6546536707079773088 ) ) ;
#3516 = VERTEX_POINT ( 'NONE', #4211 ) ;
#3517 = CARTESIAN_POINT ( 'NONE',  ( -2.679368946539909757, -3.324842236634985237, -0.1793689465399150029 ) ) ;
#3518 = ORIENTED_EDGE ( 'NONE', *, *, #4415, .T. ) ;
#3519 = EDGE_CURVE ( 'NONE', #2535, #3902, #1806, .T. ) ;
#3520 = EDGE_LOOP ( 'NONE', ( #1847, #655, #1438, #1243 ) ) ;
#3521 = ADVANCED_FACE ( 'NONE', ( #2855 ), #1414, .F. ) ;
#3522 = LINE ( 'NONE', #1729, #757 ) ;
#3523 = LINE ( 'NONE', #2189, #2176 ) ;
#3524 = LINE ( 'NONE', #1825, #3054 ) ;
#3525 =( REPRESENTATION_RELATIONSHIP ('NONE','NONE', #3375, #2237 ) REPRESENTATION_RELATIONSHIP_WITH_TRANSFORMATION ( #3364 )SHAPE_REPRESENTATION_RELATIONSHIP( ) );
#3526 = ORIENTED_EDGE ( 'NONE', *, *, #381, .F. ) ;
#3527 = DIRECTION ( 'NONE',  ( 0.000000000000000000, -1.000000000000000000, 0.000000000000000000 ) ) ;
#3528 = ORIENTED_EDGE ( 'NONE', *, *, #2767, .F. ) ;
#3529 = VERTEX_POINT ( 'NONE', #814 ) ;
#3530 = SHAPE_REPRESENTATION_RELATIONSHIP ( 'NONE' , 'NONE' ,  #569, #1333 ) ;
#3531 = CARTESIAN_POINT ( 'NONE',  ( -3.950000000000000178, 3.415000000000000480, 1.700000000000002398 ) ) ;
#3532 = LINE ( 'NONE', #2521, #1424 ) ;
#3533 = CARTESIAN_POINT ( 'NONE',  ( 9.400000000000002132, 0.9000000000000003553, 6.700000000000000178 ) ) ;
#3534 = ORIENTED_EDGE ( 'NONE', *, *, #3433, .T. ) ;
#3535 = DIRECTION ( 'NONE',  ( 0.2505628070857285339, -0.9351131265310310692, 0.2505628070857279788 ) ) ;
#3536 = ORIENTED_EDGE ( 'NONE', *, *, #1930, .T. ) ;
#3537 = CARTESIAN_POINT ( 'NONE',  ( -2.180000000000000160, -2.799999999999999822, 0.6999999999999999556 ) ) ;
#3538 = VECTOR ( 'NONE', #235, 1000.000000000000000 ) ;
#3539 = VERTEX_POINT ( 'NONE', #4261 ) ;
#3540 = EDGE_CURVE ( 'NONE', #395, #1427, #2810, .T. ) ;
#3541 = LINE ( 'NONE', #399, #2149 ) ;
#3542 = CARTESIAN_POINT ( 'NONE',  ( 8.150000000000002132, -0.7999999999999994893, 0.7000000000000003997 ) ) ;
#3543 = LINE ( 'NONE', #2190, #512 ) ;
#3544 = AXIS2_PLACEMENT_3D ( 'NONE', #138, #4293, #2923 ) ;
#3545 = CARTESIAN_POINT ( 'NONE',  ( 5.000000000000000000, -1.068656249629502597E-31, 0.7750000000000004663 ) ) ;
#3546 = ORIENTED_EDGE ( 'NONE', *, *, #760, .T. ) ;
#3547 = DIRECTION ( 'NONE',  ( -0.000000000000000000, 1.000000000000000000, 0.000000000000000000 ) ) ;
#3548 = CARTESIAN_POINT ( 'NONE',  ( 4.679999999999999716, 2.320000000000000284, -1.499999999999998668 ) ) ;
#3549 = VECTOR ( 'NONE', #1328, 1000.000000000000114 ) ;
#3550 = ORIENTED_EDGE ( 'NONE', *, *, #881, .T. ) ;
#3551 = VECTOR ( 'NONE', #4157, 1000.000000000000000 ) ;
#3552 = CARTESIAN_POINT ( 'NONE',  ( -2.500000000000000444, 4.987329993433320396E-15, -2.600000000000001865 ) ) ;
#3553 = FACE_OUTER_BOUND ( 'NONE', #3824, .T. ) ;
#3554 = DIRECTION ( 'NONE',  ( 2.891205793294671522E-15, -0.000000000000000000, -1.000000000000000000 ) ) ;
#3555 = FACE_OUTER_BOUND ( 'NONE', #846, .T. ) ;
#3556 = FACE_OUTER_BOUND ( 'NONE', #538, .T. ) ;
#3557 = AXIS2_PLACEMENT_3D ( 'NONE', #3857, #4263, #87 ) ;
#3558 = ORIENTED_EDGE ( 'NONE', *, *, #3817, .T. ) ;
#3559 = EDGE_CURVE ( 'NONE', #565, #4314, #1114, .T. ) ;
#3560 = SURFACE_STYLE_USAGE ( .BOTH. , #2225 ) ;
#3561 = DIRECTION ( 'NONE',  ( 0.000000000000000000, -0.7071067811865476838, -0.7071067811865474617 ) ) ;
#3562 = ORIENTED_EDGE ( 'NONE', *, *, #2317, .T. ) ;
#3563 = EDGE_LOOP ( 'NONE', ( #1105, #810, #3617, #4023, #3916, #3681 ) ) ;
#3564 = AXIS2_PLACEMENT_3D ( 'NONE', #1037, #4176, #3447 ) ;
#3565 = LINE ( 'NONE', #831, #2825 ) ;
#3566 = DIRECTION ( 'NONE',  ( 0.000000000000000000, -7.885106708985490266E-17, 1.000000000000000000 ) ) ;
#3567 = ADVANCED_FACE ( 'NONE', ( #732 ), #1072, .F. ) ;
#3568 = AXIS2_PLACEMENT_3D ( 'NONE', #4438, #3845, #704 ) ;
#3569 = VECTOR ( 'NONE', #1269, 1000.000000000000000 ) ;
#3570 = DIRECTION ( 'NONE',  ( 1.000000000000000000, 0.000000000000000000, 0.000000000000000000 ) ) ;
#3571 = VERTEX_POINT ( 'NONE', #2153 ) ;
#3572 = PLANE ( 'NONE',  #1354 ) ;
#3573 = VECTOR ( 'NONE', #2628, 1000.000000000000000 ) ;
#3574 = ADVANCED_FACE ( 'NONE', ( #101 ), #771, .F. ) ;
#3575 = ORIENTED_EDGE ( 'NONE', *, *, #1302, .F. ) ;
#3576 = DIRECTION ( 'NONE',  ( -1.000000000000000000, -6.776263578034410601E-16, 0.000000000000000000 ) ) ;
#3577 = CYLINDRICAL_SURFACE ( 'NONE', #1421, 0.3825000000000000067 ) ;
#3578 = EDGE_CURVE ( 'NONE', #1865, #2212, #3914, .T. ) ;
#3579 = CARTESIAN_POINT ( 'NONE',  ( 10.00000000000000178, -3.851859888774471706E-31, 6.699999999999999289 ) ) ;
#3580 = CARTESIAN_POINT ( 'NONE',  ( 0.3200000000000000067, 1.680000000000000160, 5.799999999999999822 ) ) ;
#3581 = EDGE_CURVE ( 'NONE', #4340, #600, #430, .T. ) ;
#3582 = ORIENTED_EDGE ( 'NONE', *, *, #1199, .T. ) ;
#3583 = CARTESIAN_POINT ( 'NONE',  ( -3.949999999999999734, 2.900000000000000355, 5.200000000000000178 ) ) ;
#3584 = ORIENTED_EDGE ( 'NONE', *, *, #501, .T. ) ;
#3585 = ORIENTED_EDGE ( 'NONE', *, *, #658, .F. ) ;
#3586 = DIRECTION ( 'NONE',  ( 0.000000000000000000, -7.885106708985490266E-17, 1.000000000000000000 ) ) ;
#3587 = PRODUCT_RELATED_PRODUCT_CATEGORY ( 'part', '', ( #4334 ) ) ;
#3588 = CARTESIAN_POINT ( 'NONE',  ( -5.000000000000000000, -3.851859888774471706E-31, 6.699999999999999289 ) ) ;
#3589 = CARTESIAN_POINT ( 'NONE',  ( 10.00000000000000178, 1.600000000000000089, -1.499999999999998002 ) ) ;
#3590 = EDGE_LOOP ( 'NONE', ( #3753, #2270, #531, #2411 ) ) ;
#3591 = LINE ( 'NONE', #3155, #2305 ) ;
#3592 = CARTESIAN_POINT ( 'NONE',  ( 10.00000000000000178, 2.200000000000000622, 0.7000000000000006217 ) ) ;
#3593 = VERTEX_POINT ( 'NONE', #1161 ) ;
#3594 = DIRECTION ( 'NONE',  ( 0.2505628070857290335, 0.2505628070857265910, -0.9351131265310312912 ) ) ;
#3595 = EDGE_CURVE ( 'NONE', #3307, #733, #1436, .T. ) ;
#3596 = DIRECTION ( 'NONE',  ( 1.000000000000000000, 0.000000000000000000, 0.000000000000000000 ) ) ;
#3597 = CARTESIAN_POINT ( 'NONE',  ( 10.00000000000000178, 2.700000000000000622, 2.200000000000001510 ) ) ;
#3598 = VERTEX_POINT ( 'NONE', #4239 ) ;
#3599 = ORIENTED_EDGE ( 'NONE', *, *, #4306, .T. ) ;
#3600 = PLANE ( 'NONE',  #1795 ) ;
#3601 = ORIENTED_EDGE ( 'NONE', *, *, #322, .F. ) ;
#3602 = ADVANCED_FACE ( 'NONE', ( #2560 ), #3895, .F. ) ;
#3603 = ORIENTED_EDGE ( 'NONE', *, *, #770, .F. ) ;
#3604 = EDGE_CURVE ( 'NONE', #699, #4162, #3242, .T. ) ;
#3605 = EDGE_CURVE ( 'NONE', #3316, #1276, #2907, .T. ) ;
#3606 = CARTESIAN_POINT ( 'NONE',  ( -0.3200000000000000067, 1.300000000000000044, 0.6999999999999999556 ) ) ;
#3607 = PRODUCT_DEFINITION_SHAPE ( 'NONE', 'NONE',  #4525 ) ;
#3608 = CARTESIAN_POINT ( 'NONE',  ( 0.3200000000000035594, -2.799999999999999822, 0.3200000000000000067 ) ) ;
#3609 = LINE ( 'NONE', #2146, #575 ) ;
#3610 = EDGE_LOOP ( 'NONE', ( #2870, #3146, #4138, #2058, #3174, #2967 ) ) ;
#3611 = PLANE ( 'NONE',  #2476 ) ;
#3612 = VECTOR ( 'NONE', #3005, 1000.000000000000000 ) ;
#3613 = DIRECTION ( 'NONE',  ( 1.000000000000000000, 0.000000000000000000, 0.000000000000000000 ) ) ;
#3614 = DIRECTION ( 'NONE',  ( 0.000000000000000000, 1.000000000000000000, 0.000000000000000000 ) ) ;
#3615 = VECTOR ( 'NONE', #3586, 1000.000000000000000 ) ;
#3616 = VERTEX_POINT ( 'NONE', #3706 ) ;
#3617 = ORIENTED_EDGE ( 'NONE', *, *, #2733, .F. ) ;
#3618 = CARTESIAN_POINT ( 'NONE',  ( -2.180000000000000160, -2.700000000000000178, 0.7025000000000000133 ) ) ;
#3619 = AXIS2_PLACEMENT_3D ( 'NONE', #1376, #3788, #2776 ) ;
#3620 = PLANE ( 'NONE',  #2314 ) ;
#3621 = DIRECTION ( 'NONE',  ( 0.000000000000000000, 0.000000000000000000, -1.000000000000000000 ) ) ;
#3622 = ADVANCED_FACE ( 'NONE', ( #596 ), #3637, .F. ) ;
#3623 = ORIENTED_EDGE ( 'NONE', *, *, #262, .F. ) ;
#3624 = DIRECTION ( 'NONE',  ( -1.000000000000000000, 0.000000000000000000, 0.000000000000000000 ) ) ;
#3625 = DIRECTION ( 'NONE',  ( -6.776263578034400740E-16, 1.000000000000000000, 0.000000000000000000 ) ) ;
#3626 = VECTOR ( 'NONE', #2750, 1000.000000000000000 ) ;
#3627 = VERTEX_POINT ( 'NONE', #4372 ) ;
#3628 = VECTOR ( 'NONE', #2817, 1000.000000000000000 ) ;
#3629 = AXIS2_PLACEMENT_3D ( 'NONE', #1787, #1813, #3182 ) ;
#3630 = DIRECTION ( 'NONE',  ( 1.000000000000000000, 0.000000000000000000, 0.000000000000000000 ) ) ;
#3631 = PLANE ( 'NONE',  #2400 ) ;
#3632 = DIRECTION ( 'NONE',  ( 0.000000000000000000, -0.2631174057921091269, -0.9647638212377321887 ) ) ;
#3633 = VERTEX_POINT ( 'NONE', #537 ) ;
#3634 = CARTESIAN_POINT ( 'NONE',  ( 2.180000000000000160, 2.320000000000000284, 2.200000000000001510 ) ) ;
#3635 = AXIS2_PLACEMENT_3D ( 'NONE', #2339, #1997, #1315 ) ;
#3636 = LINE ( 'NONE', #517, #3167 ) ;
#3637 = PLANE ( 'NONE',  #288 ) ;
#3638 = EDGE_CURVE ( 'NONE', #3938, #95, #2630, .T. ) ;
#3639 = VECTOR ( 'NONE', #2702, 1000.000000000000000 ) ;
#3640 = ORIENTED_EDGE ( 'NONE', *, *, #1557, .T. ) ;
#3641 = VECTOR ( 'NONE', #2665, 1000.000000000000000 ) ;
#3642 = EDGE_CURVE ( 'NONE', #1544, #3598, #1917, .T. ) ;
#3643 = APPLICATION_PROTOCOL_DEFINITION ( 'draft international standard', 'automotive_design', 1998, #3760 ) ;
#3644 = ORIENTED_EDGE ( 'NONE', *, *, #4345, .T. ) ;
#3645 = DIRECTION ( 'NONE',  ( 0.000000000000000000, 1.000000000000000000, 2.710505431213761085E-16 ) ) ;
#3646 = CARTESIAN_POINT ( 'NONE',  ( 10.00000000000000178, 4.200000000000000178, 5.900000000000000355 ) ) ;
#3647 = CARTESIAN_POINT ( 'NONE',  ( -0.3199999999999996181, 1.680000000000000604, -1.499999999999998668 ) ) ;
#3648 = PRODUCT_DEFINITION_SHAPE ( 'NONE', 'NONE',  #1961 ) ;
#3649 = AXIS2_PLACEMENT_3D ( 'NONE', #3552, #2110, #3244 ) ;
#3650 = VERTEX_POINT ( 'NONE', #1897 ) ;
#3651 = PRODUCT_DEFINITION_SHAPE ( 'NONE', 'NONE',  #4519 ) ;
#3652 = LINE ( 'NONE', #1261, #2804 ) ;
#3653 = LINE ( 'NONE', #3719, #765 ) ;
#3654 = DIRECTION ( 'NONE',  ( -0.000000000000000000, -0.000000000000000000, 1.000000000000000000 ) ) ;
#3655 = ORIENTED_EDGE ( 'NONE', *, *, #2676, .T. ) ;
#3656 = ORIENTED_EDGE ( 'NONE', *, *, #2368, .F. ) ;
#3657 = EDGE_CURVE ( 'NONE', #1919, #3802, #3292, .T. ) ;
#3658 = LINE ( 'NONE', #533, #3615 ) ;
#3659 = CARTESIAN_POINT ( 'NONE',  ( -2.180000000000000160, 1.300000000000000044, 0.3200000000000000067 ) ) ;
#3660 = LINE ( 'NONE', #535, #4452 ) ;
#3661 = DIRECTION ( 'NONE',  ( 0.000000000000000000, -0.2631174057921091269, -0.9647638212377321887 ) ) ;
#3662 = CARTESIAN_POINT ( 'NONE',  ( -2.180000000000000160, 2.212820323027549829, 6.200000000000000178 ) ) ;
#3663 = DIRECTION ( 'NONE',  ( 0.000000000000000000, 0.000000000000000000, -1.000000000000000000 ) ) ;
#3664 = VERTEX_POINT ( 'NONE', #4075 ) ;
#3665 = SHAPE_DEFINITION_REPRESENTATION ( #3648, #3375 ) ;
#3666 = ORIENTED_EDGE ( 'NONE', *, *, #1982, .T. ) ;
#3667 = LINE ( 'NONE', #1553, #1058 ) ;
#3668 = PLANE ( 'NONE',  #3191 ) ;
#3669 = ORIENTED_EDGE ( 'NONE', *, *, #3944, .F. ) ;
#3670 =( REPRESENTATION_RELATIONSHIP ('NONE','NONE', #3375, #569 ) REPRESENTATION_RELATIONSHIP_WITH_TRANSFORMATION ( #1667 )SHAPE_REPRESENTATION_RELATIONSHIP( ) );
#3671 = PLANE ( 'NONE',  #3761 ) ;
#3672 = CARTESIAN_POINT ( 'NONE',  ( -2.180000000000000160, -1.100000000000000089, -0.3200000000000000067 ) ) ;
#3673 = PLANE ( 'NONE',  #4031 ) ;
#3674 = VERTEX_POINT ( 'NONE', #3313 ) ;
#3675 = ORIENTED_EDGE ( 'NONE', *, *, #2208, .F. ) ;
#3676 = ORIENTED_EDGE ( 'NONE', *, *, #1860, .F. ) ;
#3677 = CARTESIAN_POINT ( 'NONE',  ( -1.019059892324149619, 0.9000000000000009104, 6.700000000000001066 ) ) ;
#3678 = CARTESIAN_POINT ( 'NONE',  ( -4.400000000000000355, 0.9000000000000004663, 2.200000000000001510 ) ) ;
#3679 = EDGE_CURVE ( 'NONE', #4207, #4057, #1182, .T. ) ;
#3680 = LINE ( 'NONE', #1203, #3573 ) ;
#3681 = ORIENTED_EDGE ( 'NONE', *, *, #2125, .T. ) ;
#3682 = CARTESIAN_POINT ( 'NONE',  ( 0.2128203230275555191, -3.200000000000000178, 0.3200000000000000067 ) ) ;
#3683 = ORIENTED_EDGE ( 'NONE', *, *, #3232, .T. ) ;
#3684 = VECTOR ( 'NONE', #1634, 1000.000000000000000 ) ;
#3685 = VERTEX_POINT ( 'NONE', #1205 ) ;
#3686 = EDGE_CURVE ( 'NONE', #564, #2249, #4295, .T. ) ;
#3687 = DIRECTION ( 'NONE',  ( -0.9659258262890692004, -0.2588190451025175753, 0.000000000000000000 ) ) ;
#3688 = CARTESIAN_POINT ( 'NONE',  ( -2.719549247528509905, 2.219549247528509905, 6.174887311882129914 ) ) ;
#3689 = ADVANCED_FACE ( 'NONE', ( #2580 ), #166, .F. ) ;
#3690 = ORIENTED_EDGE ( 'NONE', *, *, #2210, .T. ) ;
#3691 = LINE ( 'NONE', #1240, #3612 ) ;
#3692 = CARTESIAN_POINT ( 'NONE',  ( 6.850000000000003197, 4.200000000000000178, 0.7750000000000005773 ) ) ;
#3693 = DIRECTION ( 'NONE',  ( 0.2505628070857289780, -0.2505628070857284784, -0.9351131265310308471 ) ) ;
#3694 = ORIENTED_EDGE ( 'NONE', *, *, #3581, .F. ) ;
#3695 = EDGE_CURVE ( 'NONE', #3511, #1874, #1252, .T. ) ;
#3696 = ORIENTED_EDGE ( 'NONE', *, *, #2548, .F. ) ;
#3697 = AXIS2_PLACEMENT_3D ( 'NONE', #315, #2415, #1356 ) ;
#3698 = ADVANCED_FACE ( 'NONE', ( #2954 ), #212, .F. ) ;
#3699 = CARTESIAN_POINT ( 'NONE',  ( 8.950000000000002842, 2.600000000000000533, 5.818181818181818343 ) ) ;
#3700 = PLANE ( 'NONE',  #1222 ) ;
#3701 = VERTEX_POINT ( 'NONE', #866 ) ;
#3702 = CIRCLE ( 'NONE', #1288, 1.020000000000000018 ) ;
#3703 = CIRCLE ( 'NONE', #2097, 0.3800000000000000044 ) ;
#3704 = FACE_OUTER_BOUND ( 'NONE', #1696, .T. ) ;
#3705 = ADVANCED_FACE ( 'NONE', ( #1547 ), #2977, .F. ) ;
#3706 = CARTESIAN_POINT ( 'NONE',  ( -0.3200000000000000067, 1.300000000000000044, -0.3200000000000000067 ) ) ;
#3707 = CARTESIAN_POINT ( 'NONE',  ( -2.819999999999999840, -2.799999999999999822, -0.3200000000000000067 ) ) ;
#3708 = VERTEX_POINT ( 'NONE', #1573 ) ;
#3709 = EDGE_LOOP ( 'NONE', ( #1556, #4121, #1270, #2679 ) ) ;
#3710 = LINE ( 'NONE', #2960, #2736 ) ;
#3711 = VECTOR ( 'NONE', #1211, 1000.000000000000000 ) ;
#3712 = EDGE_CURVE ( 'NONE', #1059, #2479, #1599, .T. ) ;
#3713 = PLANE ( 'NONE',  #3046 ) ;
#3714 = VERTEX_POINT ( 'NONE', #2650 ) ;
#3715 = CIRCLE ( 'NONE', #364, 1.020000000000000018 ) ;
#3716 = ADVANCED_FACE ( 'NONE', ( #4054 ), #1616, .F. ) ;
#3717 = VECTOR ( 'NONE', #3314, 1000.000000000000114 ) ;
#3718 = CARTESIAN_POINT ( 'NONE',  ( 10.00000000000000178, 0.000000000000000000, -1.499999999999998446 ) ) ;
#3719 = CARTESIAN_POINT ( 'NONE',  ( -2.179999999999999716, 1.680000000000000604, -1.499999999999998668 ) ) ;
#3720 = DIRECTION ( 'NONE',  ( -0.2588190451025175753, 0.000000000000000000, 0.9659258262890692004 ) ) ;
#3721 = ORIENTED_EDGE ( 'NONE', *, *, #3070, .F. ) ;
#3722 = EDGE_CURVE ( 'NONE', #109, #4068, #1299, .T. ) ;
#3723 = VECTOR ( 'NONE', #4442, 1000.000000000000000 ) ;
#3724 = VECTOR ( 'NONE', #2004, 1000.000000000000000 ) ;
#3725 = ORIENTED_EDGE ( 'NONE', *, *, #3399, .F. ) ;
#3726 = CARTESIAN_POINT ( 'NONE',  ( -3.949999999999999734, 2.900000000000000355, 5.900000000000000355 ) ) ;
#3727 = LINE ( 'NONE', #611, #1017 ) ;
#3728 = CARTESIAN_POINT ( 'NONE',  ( -2.819999999999999840, 2.319999999999999840, 0.6999999999999999556 ) ) ;
#3729 = ORIENTED_EDGE ( 'NONE', *, *, #3122, .T. ) ;
#3730 = CARTESIAN_POINT ( 'NONE',  ( -2.819999999999999840, -2.799999999999999822, 0.3200000000000000067 ) ) ;
#3731 = CARTESIAN_POINT ( 'NONE',  ( -0.3199999999999999512, 1.680000000000000604, 2.200000000000001510 ) ) ;
#3732 = ADVANCED_FACE ( 'NONE', ( #2446 ), #3799, .F. ) ;
#3733 = ITEM_DEFINED_TRANSFORMATION ( 'NONE', 'NONE', #1086,  #146 ) ;
#3734 = VERTEX_POINT ( 'NONE', #2399 ) ;
#3735 = LINE ( 'NONE', #151, #418 ) ;
#3736 = LINE ( 'NONE', #1258, #2393 ) ;
#3737 = ORIENTED_EDGE ( 'NONE', *, *, #688, .F. ) ;
#3738 = EDGE_CURVE ( 'NONE', #265, #2439, #660, .T. ) ;
#3739 = CARTESIAN_POINT ( 'NONE',  ( -2.180000000000000160, -2.117793594306055294, -0.1380604982206409814 ) ) ;
#3740 = DIRECTION ( 'NONE',  ( 1.000000000000000000, 1.133806193448892061E-15, 0.000000000000000000 ) ) ;
#3741 = DIRECTION ( 'NONE',  ( -1.000000000000000000, -0.000000000000000000, -0.000000000000000000 ) ) ;
#3742 = DIRECTION ( 'NONE',  ( 0.000000000000000000, 0.000000000000000000, 1.000000000000000000 ) ) ;
#3743 = DIRECTION ( 'NONE',  ( 0.000000000000000000, -1.000000000000000000, -9.637352644315595243E-17 ) ) ;
#3744 = ORIENTED_EDGE ( 'NONE', *, *, #1536, .T. ) ;
#3745 = EDGE_CURVE ( 'NONE', #2979, #265, #2051, .T. ) ;
#3746 = EDGE_CURVE ( 'NONE', #451, #961, #2765, .T. ) ;
#3747 = CARTESIAN_POINT ( 'NONE',  ( 8.950000000000001066, 2.200000000000000178, 5.700000000000001066 ) ) ;
#3748 = ADVANCED_FACE ( 'NONE', ( #4163 ), #3455, .F. ) ;
#3749 = LINE ( 'NONE', #3818, #199 ) ;
#3750 = ORIENTED_EDGE ( 'NONE', *, *, #3804, .T. ) ;
#3751 = LINE ( 'NONE', #3360, #3538 ) ;
#3752 = CARTESIAN_POINT ( 'NONE',  ( -0.3199999999999999512, 2.320000000000000284, -1.499999999999998668 ) ) ;
#3753 = ORIENTED_EDGE ( 'NONE', *, *, #3013, .F. ) ;
#3754 = ADVANCED_FACE ( 'NONE', ( #1635 ), #1688, .F. ) ;
#3755 = CARTESIAN_POINT ( 'NONE',  ( -2.819999999999999840, -2.700000000000000178, 0.7025000000000000133 ) ) ;
#3756 = CONTEXT_DEPENDENT_SHAPE_REPRESENTATION ( #3258, #1233 ) ;
#3757 = EDGE_LOOP ( 'NONE', ( #664, #4169, #336, #1404 ) ) ;
#3758 = LINE ( 'NONE', #3803, #2595 ) ;
#3759 = DIRECTION ( 'NONE',  ( -0.000000000000000000, -0.000000000000000000, -1.000000000000000000 ) ) ;
#3760 = APPLICATION_CONTEXT ( 'automotive_design' ) ;
#3761 = AXIS2_PLACEMENT_3D ( 'NONE', #561, #4425, #1559 ) ;
#3762 = ORIENTED_EDGE ( 'NONE', *, *, #3484, .F. ) ;
#3763 = ORIENTED_EDGE ( 'NONE', *, *, #4099, .F. ) ;
#3764 = VECTOR ( 'NONE', #207, 1000.000000000000000 ) ;
#3765 = CARTESIAN_POINT ( 'NONE',  ( 0.6500000000000010214, -0.7999999999999994893, 0.7000000000000003997 ) ) ;
#3766 = CARTESIAN_POINT ( 'NONE',  ( -2.180000000000000160, 2.319999999999999840, 5.799999999999999822 ) ) ;
#3767 = CARTESIAN_POINT ( 'NONE',  ( -5.000000000000000000, 2.200000000000000622, 0.7000000000000006217 ) ) ;
#3768 = CARTESIAN_POINT ( 'NONE',  ( 7.820000000000002061, 2.320000000000000284, 0.7750000000000004663 ) ) ;
#3769 = DIRECTION ( 'NONE',  ( 0.000000000000000000, 0.000000000000000000, -1.000000000000000000 ) ) ;
#3770 = ADVANCED_FACE ( 'NONE', ( #976 ), #2075, .F. ) ;
#3771 = VECTOR ( 'NONE', #1786, 1000.000000000000000 ) ;
#3772 = ORIENTED_EDGE ( 'NONE', *, *, #2401, .T. ) ;
#3773 = AXIS2_PLACEMENT_3D ( 'NONE', #332, #4516, #3413 ) ;
#3774 = DIRECTION ( 'NONE',  ( 1.000000000000000000, -0.000000000000000000, -0.000000000000000000 ) ) ;
#3775 = ORIENTED_EDGE ( 'NONE', *, *, #3578, .F. ) ;
#3776 = EDGE_CURVE ( 'NONE', #738, #3616, #3132, .T. ) ;
#3777 = FACE_OUTER_BOUND ( 'NONE', #3221, .T. ) ;
#3778 = DIRECTION ( 'NONE',  ( 6.746146851020910014E-16, -1.000000000000000000, 0.000000000000000000 ) ) ;
#3779 = CIRCLE ( 'NONE', #993, 0.3825000000000000067 ) ;
#3780 = CARTESIAN_POINT ( 'NONE',  ( 1.480940107675849937, 0.9000000000000004663, 2.200000000000001510 ) ) ;
#3781 = ORIENTED_EDGE ( 'NONE', *, *, #3888, .T. ) ;
#3782 = FACE_OUTER_BOUND ( 'NONE', #1028, .T. ) ;
#3783 = LINE ( 'NONE', #4142, #2550 ) ;
#3784 = EDGE_LOOP ( 'NONE', ( #763, #3972, #759, #3317 ) ) ;
#3785 = ORIENTED_EDGE ( 'NONE', *, *, #2883, .T. ) ;
#3786 = LINE ( 'NONE', #985, #2461 ) ;
#3787 = VECTOR ( 'NONE', #203, 1000.000000000000000 ) ;
#3788 = DIRECTION ( 'NONE',  ( -1.000000000000000000, -1.141265444721579961E-15, 0.000000000000000000 ) ) ;
#3789 = LINE ( 'NONE', #2021, #1794 ) ;
#3790 = DIRECTION ( 'NONE',  ( -1.000000000000000000, -0.000000000000000000, -0.000000000000000000 ) ) ;
#3791 = DIRECTION ( 'NONE',  ( 0.000000000000000000, -4.697390108261552570E-32, 1.000000000000000000 ) ) ;
#3792 = VECTOR ( 'NONE', #666, 1000.000000000000000 ) ;
#3793 = VECTOR ( 'NONE', #4097, 1000.000000000000000 ) ;
#3794 = DIRECTION ( 'NONE',  ( -7.623296525288704038E-16, 1.000000000000000000, 0.000000000000000000 ) ) ;
#3795 = CARTESIAN_POINT ( 'NONE',  ( -0.3199999999999996181, 1.680000000000000604, 0.7750000000000004663 ) ) ;
#3796 = EDGE_CURVE ( 'NONE', #2207, #1394, #3061, .T. ) ;
#3797 = FACE_OUTER_BOUND ( 'NONE', #57, .T. ) ;
#3798 = UNCERTAINTY_MEASURE_WITH_UNIT (LENGTH_MEASURE( 1.000000000000000082E-05 ), #3875, 'distance_accuracy_value', 'NONE');
#3799 = PLANE ( 'NONE',  #214 ) ;
#3800 = ORIENTED_EDGE ( 'NONE', *, *, #1166, .T. ) ;
#3801 = LINE ( 'NONE', #1968, #3502 ) ;
#3802 = VERTEX_POINT ( 'NONE', #255 ) ;
#3803 = CARTESIAN_POINT ( 'NONE',  ( 10.00000000000000178, 2.200000000000000178, 6.700000000000001066 ) ) ;
#3804 = EDGE_CURVE ( 'NONE', #4492, #2869, #2374, .T. ) ;
#3805 = CARTESIAN_POINT ( 'NONE',  ( -0.2195492475285084899, 2.219549247528509905, 6.174887311882129914 ) ) ;
#3806 = LINE ( 'NONE', #3112, #1073 ) ;
#3807 = ORIENTED_EDGE ( 'NONE', *, *, #2791, .F. ) ;
#3808 = ORIENTED_EDGE ( 'NONE', *, *, #204, .F. ) ;
#3809 = PRESENTATION_STYLE_ASSIGNMENT (( #963 ) ) ;
#3810 = CARTESIAN_POINT ( 'NONE',  ( 6.850000000000003197, -0.7999999999999994893, 0.7750000000000005773 ) ) ;
#3811 = PLANE ( 'NONE',  #3697 ) ;
#3812 = LINE ( 'NONE', #4219, #638 ) ;
#3813 = ORIENTED_EDGE ( 'NONE', *, *, #593, .T. ) ;
#3814 = CARTESIAN_POINT ( 'NONE',  ( -0.3200000000000000067, 1.300000000000000044, 0.6999999999999999556 ) ) ;
#3815 = VERTEX_POINT ( 'NONE', #1707 ) ;
#3816 = PLANE ( 'NONE',  #2624 ) ;
#3817 = EDGE_CURVE ( 'NONE', #3207, #2108, #2032, .T. ) ;
#3818 = CARTESIAN_POINT ( 'NONE',  ( 8.150000000000002132, -3.851859888774471706E-31, 6.699999999999999289 ) ) ;
#3819 = ORIENTED_EDGE ( 'NONE', *, *, #2464, .F. ) ;
#3820 = CARTESIAN_POINT ( 'NONE',  ( 0.3200000000000040590, -3.200000000000000178, -0.2128203230275514946 ) ) ;
#3821 = ORIENTED_EDGE ( 'NONE', *, *, #508, .T. ) ;
#3822 = CARTESIAN_POINT ( 'NONE',  ( -2.180000000000000160, 1.680000000000000160, 5.799999999999999822 ) ) ;
#3823 = EDGE_CURVE ( 'NONE', #2945, #872, #3035, .T. ) ;
#3824 = EDGE_LOOP ( 'NONE', ( #1967, #2183, #1107, #346 ) ) ;
#3825 = CARTESIAN_POINT ( 'NONE',  ( -2.180000000000000160, -2.799999999999999822, -0.3200000000000000067 ) ) ;
#3826 = ORIENTED_EDGE ( 'NONE', *, *, #4089, .F. ) ;
#3827 = DIRECTION ( 'NONE',  ( -8.482755383749668139E-16, 1.000000000000000000, 0.000000000000000000 ) ) ;
#3828 = DIRECTION ( 'NONE',  ( 0.000000000000000000, 0.000000000000000000, -1.000000000000000000 ) ) ;
#3829 = ORIENTED_EDGE ( 'NONE', *, *, #2332, .T. ) ;
#3830 = ORIENTED_EDGE ( 'NONE', *, *, #2510, .F. ) ;
#3831 = SURFACE_SIDE_STYLE ('',( #4104 ) ) ;
#3832 = DIRECTION ( 'NONE',  ( 1.000000000000000000, 0.000000000000000000, 0.000000000000000000 ) ) ;
#3833 = DIRECTION ( 'NONE',  ( 8.503546450866701308E-16, -1.000000000000000000, 0.000000000000000000 ) ) ;
#3834 = LINE ( 'NONE', #697, #2173 ) ;
#3835 = DIRECTION ( 'NONE',  ( 6.909131491329194381E-16, -1.000000000000000000, 0.000000000000000000 ) ) ;
#3836 = EDGE_CURVE ( 'NONE', #738, #2289, #3715, .T. ) ;
#3837 = ORIENTED_EDGE ( 'NONE', *, *, #2740, .T. ) ;
#3838 = AXIS2_PLACEMENT_3D ( 'NONE', #2803, #1774, #2941 ) ;
#3839 = LINE ( 'NONE', #3495, #2920 ) ;
#3840 = ADVANCED_FACE ( 'NONE', ( #282 ), #4483, .F. ) ;
#3841 = EDGE_CURVE ( 'NONE', #807, #4057, #4463, .T. ) ;
#3842 = VERTEX_POINT ( 'NONE', #1323 ) ;
#3843 = VECTOR ( 'NONE', #580, 1000.000000000000000 ) ;
#3844 = DIRECTION ( 'NONE',  ( 0.000000000000000000, 0.9647638212377326328, -0.2631174057921069065 ) ) ;
#3845 = DIRECTION ( 'NONE',  ( 0.000000000000000000, 0.2631174057921095155, -0.9647638212377319666 ) ) ;
#3846 = ORIENTED_EDGE ( 'NONE', *, *, #1536, .F. ) ;
#3847 = MECHANICAL_DESIGN_GEOMETRIC_PRESENTATION_REPRESENTATION (  '', ( #1935 ), #2163 ) ;
#3848 = DIRECTION ( 'NONE',  ( -0.000000000000000000, -0.000000000000000000, 1.000000000000000000 ) ) ;
#3849 = AXIS2_PLACEMENT_3D ( 'NONE', #366, #3118, #1745 ) ;
#3850 = ORIENTED_EDGE ( 'NONE', *, *, #2290, .F. ) ;
#3851 = MECHANICAL_DESIGN_GEOMETRIC_PRESENTATION_REPRESENTATION (  '', ( #4209 ), #2974 ) ;
#3852 = LINE ( 'NONE', #708, #1442 ) ;
#3853 = ORIENTED_EDGE ( 'NONE', *, *, #2856, .T. ) ;
#3854 = CLOSED_SHELL ( 'NONE', ( #4022, #1, #922, #2644, #2141, #4386, #173, #3352, #2206, #775, #3268, #2758, #911, #36, #2280, #4323, #3748, #2427, #3890, #280, #2117, #742, #2881, #3215, #2122, #3622 ) ) ;
#3855 = ORIENTED_EDGE ( 'NONE', *, *, #4047, .T. ) ;
#3856 = AXIS2_PLACEMENT_3D ( 'NONE', #1830, #104, #2859 ) ;
#3857 = CARTESIAN_POINT ( 'NONE',  ( 0.3200000000000000067, 1.300000000000000044, 0.6999999999999999556 ) ) ;
#3858 = VECTOR ( 'NONE', #1764, 1000.000000000000000 ) ;
#3859 = ADVANCED_FACE ( 'NONE', ( #4115 ), #353, .F. ) ;
#3860 = CARTESIAN_POINT ( 'NONE',  ( -0.3200000000000000067, 2.319999999999999840, 5.799999999999999822 ) ) ;
#3861 = CARTESIAN_POINT ( 'NONE',  ( 10.00000000000000178, 2.200000000000000622, 2.200000000000001510 ) ) ;
#3862 = DIRECTION ( 'NONE',  ( 0.000000000000000000, -0.000000000000000000, 1.000000000000000000 ) ) ;
#3863 = ORIENTED_EDGE ( 'NONE', *, *, #2123, .F. ) ;
#3864 = VECTOR ( 'NONE', #803, 1000.000000000000000 ) ;
#3865 = UNCERTAINTY_MEASURE_WITH_UNIT (LENGTH_MEASURE( 1.000000000000000082E-05 ), #822, 'distance_accuracy_value', 'NONE');
#3866 = AXIS2_PLACEMENT_3D ( 'NONE', #3982, #2285, #906 ) ;
#3867 = AXIS2_PLACEMENT_3D ( 'NONE', #107, #1487, #2889 ) ;
#3868 = ORIENTED_EDGE ( 'NONE', *, *, #969, .F. ) ;
#3869 = VECTOR ( 'NONE', #184, 1000.000000000000000 ) ;
#3870 = DIRECTION ( 'NONE',  ( 2.891205793294671522E-15, -0.000000000000000000, -1.000000000000000000 ) ) ;
#3871 = DIRECTION ( 'NONE',  ( 0.000000000000000000, 0.000000000000000000, -1.000000000000000000 ) ) ;
#3872 = COLOUR_RGB ( '',0.7921568627450980005, 0.8196078431372548767, 0.9333333333333333481 ) ;
#3873 = CARTESIAN_POINT ( 'NONE',  ( 10.00000000000000178, 2.200000000000000622, 0.7000000000000006217 ) ) ;
#3874 = ORIENTED_EDGE ( 'NONE', *, *, #3712, .T. ) ;
#3875 =( LENGTH_UNIT ( ) NAMED_UNIT ( * ) SI_UNIT ( .MILLI., .METRE. ) );
#3876 = ORIENTED_EDGE ( 'NONE', *, *, #1637, .F. ) ;
#3877 = EDGE_LOOP ( 'NONE', ( #1255, #175, #3154, #2572 ) ) ;
#3878 =( NAMED_UNIT ( * ) PLANE_ANGLE_UNIT ( ) SI_UNIT ( $, .RADIAN. ) );
#3879 = PLANE ( 'NONE',  #1428 ) ;
#3880 = CARTESIAN_POINT ( 'NONE',  ( -2.820000000000000284, 1.680000000000000604, 2.200000000000001510 ) ) ;
#3881 = DIRECTION ( 'NONE',  ( -1.000000000000000000, -0.000000000000000000, -0.000000000000000000 ) ) ;
#3882 = CARTESIAN_POINT ( 'NONE',  ( -5.000000000000000000, 4.200000000000000178, 5.900000000000000355 ) ) ;
#3883 = EDGE_CURVE ( 'NONE', #148, #4362, #424, .T. ) ;
#3884 = ORIENTED_EDGE ( 'NONE', *, *, #2052, .F. ) ;
#3885 = PLANE ( 'NONE',  #867 ) ;
#3886 = EDGE_LOOP ( 'NONE', ( #324, #3023, #2017, #2834 ) ) ;
#3887 = EDGE_LOOP ( 'NONE', ( #3396, #2335, #2387, #4205 ) ) ;
#3888 = EDGE_CURVE ( 'NONE', #2040, #4309, #3523, .T. ) ;
#3889 = FACE_OUTER_BOUND ( 'NONE', #1113, .T. ) ;
#3890 = ADVANCED_FACE ( 'NONE', ( #3956 ), #1157, .F. ) ;
#3891 = FACE_OUTER_BOUND ( 'NONE', #2381, .T. ) ;
#3892 = CARTESIAN_POINT ( 'NONE',  ( 8.950000000000002842, 2.900000000000000355, 5.900000000000000355 ) ) ;
#3893 = ORIENTED_EDGE ( 'NONE', *, *, #4444, .T. ) ;
#3894 = LINE ( 'NONE', #428, #2671 ) ;
#3895 = PLANE ( 'NONE',  #4081 ) ;
#3896 = EDGE_CURVE ( 'NONE', #1761, #2999, #81, .T. ) ;
#3897 = ORIENTED_EDGE ( 'NONE', *, *, #797, .T. ) ;
#3898 = CARTESIAN_POINT ( 'NONE',  ( 2.820000000000000284, 1.680000000000000604, 0.7750000000000004663 ) ) ;
#3899 = DIRECTION ( 'NONE',  ( -1.000000000000000000, -8.503546450866700322E-16, 0.000000000000000000 ) ) ;
#3900 = DIRECTION ( 'NONE',  ( 0.000000000000000000, -0.9647638212377319666, -0.2631174057921095155 ) ) ;
#3901 = CARTESIAN_POINT ( 'NONE',  ( -2.179999999999999716, 1.680000000000000604, 0.7750000000000004663 ) ) ;
#3902 = VERTEX_POINT ( 'NONE', #2126 ) ;
#3903 = ADVANCED_FACE ( 'NONE', ( #32 ), #2167, .F. ) ;
#3904 = CARTESIAN_POINT ( 'NONE',  ( -1.900000000000000133, 0.9000000000000004663, 2.200000000000001510 ) ) ;
#3905 = EDGE_LOOP ( 'NONE', ( #2356, #503, #2808, #1041 ) ) ;
#3906 = VECTOR ( 'NONE', #2629, 1000.000000000000000 ) ;
#3907 = ORIENTED_EDGE ( 'NONE', *, *, #1980, .F. ) ;
#3908 = VECTOR ( 'NONE', #1957, 1000.000000000000000 ) ;
#3909 = DIRECTION ( 'NONE',  ( 0.000000000000000000, -4.697390108261552570E-32, 1.000000000000000000 ) ) ;
#3910 = LINE ( 'NONE', #356, #2255 ) ;
#3911 = ORIENTED_EDGE ( 'NONE', *, *, #1102, .T. ) ;
#3912 = PLANE ( 'NONE',  #3326 ) ;
#3913 = ADVANCED_FACE ( 'NONE', ( #1800 ), #4234, .F. ) ;
#3914 = LINE ( 'NONE', #4277, #1372 ) ;
#3915 = COLOUR_RGB ( '',0.7960784313725489669, 0.8235294117647058432, 0.9372549019607843146 ) ;
#3916 = ORIENTED_EDGE ( 'NONE', *, *, #4435, .T. ) ;
#3917 = AXIS2_PLACEMENT_3D ( 'NONE', #2316, #202, #918 ) ;
#3918 = DIRECTION ( 'NONE',  ( 1.000000000000000000, 0.000000000000000000, 0.000000000000000000 ) ) ;
#3919 = DIRECTION ( 'NONE',  ( -0.000000000000000000, -0.000000000000000000, 1.000000000000000000 ) ) ;
#3920 = CARTESIAN_POINT ( 'NONE',  ( -0.1793689465399110061, -3.324842236634985237, -0.1793689465399150029 ) ) ;
#3921 = ORIENTED_EDGE ( 'NONE', *, *, #404, .F. ) ;
#3922 = DIRECTION ( 'NONE',  ( 1.000000000000000000, 0.000000000000000000, 0.000000000000000000 ) ) ;
#3923 = VECTOR ( 'NONE', #4287, 1000.000000000000000 ) ;
#3924 = ORIENTED_EDGE ( 'NONE', *, *, #2944, .T. ) ;
#3925 = AXIS2_PLACEMENT_3D ( 'NONE', #411, #1099, #2914 ) ;
#3926 =( NAMED_UNIT ( * ) SI_UNIT ( $, .STERADIAN. ) SOLID_ANGLE_UNIT ( ) );
#3927 = VECTOR ( 'NONE', #1991, 1000.000000000000000 ) ;
#3928 = CARTESIAN_POINT ( 'NONE',  ( -2.287179676972444842, -3.200000000000000178, 0.2128203230275514946 ) ) ;
#3929 = VERTEX_POINT ( 'NONE', #3588 ) ;
#3930 = ORIENTED_EDGE ( 'NONE', *, *, #204, .T. ) ;
#3931 = VECTOR ( 'NONE', #1714, 1000.000000000000000 ) ;
#3932 = DIRECTION ( 'NONE',  ( 7.132909029509897436E-16, -1.000000000000000000, 0.000000000000000000 ) ) ;
#3933 = DIRECTION ( 'NONE',  ( -1.000000000000000000, -6.776263578034400740E-16, 0.000000000000000000 ) ) ;
#3934 = ORIENTED_EDGE ( 'NONE', *, *, #2364, .F. ) ;
#3935 = AXIS2_PLACEMENT_3D ( 'NONE', #3822, #2784, #4182 ) ;
#3936 = EDGE_CURVE ( 'NONE', #1953, #646, #1090, .T. ) ;
#3937 = CARTESIAN_POINT ( 'NONE',  ( 3.750000000000000888, 1.300000000000000711, 6.300000000000000711 ) ) ;
#3938 = VERTEX_POINT ( 'NONE', #1408 ) ;
#3939 = FILL_AREA_STYLE_COLOUR ( '', #3915 ) ;
#3940 = AXIS2_PLACEMENT_3D ( 'NONE', #3659, #1862, #4478 ) ;
#3941 = DIRECTION ( 'NONE',  ( -0.000000000000000000, 1.000000000000000000, 0.000000000000000000 ) ) ;
#3942 = ORIENTED_EDGE ( 'NONE', *, *, #2526, .F. ) ;
#3943 = AXIS2_PLACEMENT_3D ( 'NONE', #3295, #149, #2269 ) ;
#3944 = EDGE_CURVE ( 'NONE', #122, #762, #382, .T. ) ;
#3945 = CARTESIAN_POINT ( 'NONE',  ( 0.6500000000000007994, 4.200000000000000178, 0.7750000000000005773 ) ) ;
#3946 = DIRECTION ( 'NONE',  ( -1.753826068629826173E-16, 0.2588190451025166317, 0.9659258262890695335 ) ) ;
#3947 = FACE_OUTER_BOUND ( 'NONE', #2597, .T. ) ;
#3948 = FACE_OUTER_BOUND ( 'NONE', #1730, .T. ) ;
#3949 = FACE_BOUND ( 'NONE', #4394, .T. ) ;
#3950 = ORIENTED_EDGE ( 'NONE', *, *, #3073, .T. ) ;
#3951 = PRESENTATION_STYLE_ASSIGNMENT (( #3560 ) ) ;
#3952 = FACE_OUTER_BOUND ( 'NONE', #568, .T. ) ;
#3953 = ORIENTED_EDGE ( 'NONE', *, *, #452, .F. ) ;
#3954 = ORIENTED_EDGE ( 'NONE', *, *, #779, .F. ) ;
#3955 = DIRECTION ( 'NONE',  ( 0.000000000000000000, -0.000000000000000000, 1.000000000000000000 ) ) ;
#3956 = FACE_OUTER_BOUND ( 'NONE', #2509, .T. ) ;
#3957 = ORIENTED_EDGE ( 'NONE', *, *, #501, .F. ) ;
#3958 = EDGE_LOOP ( 'NONE', ( #2524, #1766, #1955, #50 ) ) ;
#3959 = DIRECTION ( 'NONE',  ( 0.000000000000000000, -0.9647638212377326328, 0.2631174057921069065 ) ) ;
#3960 = CARTESIAN_POINT ( 'NONE',  ( 5.650000000000001243, 0.000000000000000000, 0.7000000000000003997 ) ) ;
#3961 = CARTESIAN_POINT ( 'NONE',  ( 9.400000000000002132, 0.9000000000000004663, 2.200000000000001510 ) ) ;
#3962 = ADVANCED_FACE ( 'NONE', ( #465 ), #1067, .F. ) ;
#3963 = DIRECTION ( 'NONE',  ( 0.3779644730092273641, 0.6546536707079770867, -0.6546536707079773088 ) ) ;
#3964 = ORIENTED_EDGE ( 'NONE', *, *, #4510, .F. ) ;
#3965 = ORIENTED_EDGE ( 'NONE', *, *, #518, .T. ) ;
#3966 = CARTESIAN_POINT ( 'NONE',  ( -1.849999999999998979, 4.200000000000000178, 0.7000000000000003997 ) ) ;
#3967 = DIRECTION ( 'NONE',  ( -0.8660254037844388186, -0.4999999999999997780, 0.000000000000000000 ) ) ;
#3968 = ADVANCED_FACE ( 'NONE', ( #3214 ), #3501, .F. ) ;
#3969 = ORIENTED_EDGE ( 'NONE', *, *, #3505, .T. ) ;
#3970 = DIRECTION ( 'NONE',  ( -0.000000000000000000, -0.000000000000000000, 1.000000000000000000 ) ) ;
#3971 = CARTESIAN_POINT ( 'NONE',  ( 3.150000000000000799, 4.200000000000000178, 0.7000000000000003997 ) ) ;
#3972 = ORIENTED_EDGE ( 'NONE', *, *, #3335, .T. ) ;
#3973 = ORIENTED_EDGE ( 'NONE', *, *, #3494, .F. ) ;
#3974 = ADVANCED_FACE ( 'NONE', ( #3236, #2534 ), #1775, .F. ) ;
#3975 = PRODUCT_DEFINITION_SHAPE ( 'NONE', 'NONE',  #4524 ) ;
#3976 = LINE ( 'NONE', #3425, #1817 ) ;
#3977 = EDGE_CURVE ( 'NONE', #4059, #3714, #4204, .T. ) ;
#3978 = VECTOR ( 'NONE', #4147, 1000.000000000000000 ) ;
#3979 = DIRECTION ( 'NONE',  ( -0.5000000000000002220, 0.8660254037844384856, -0.000000000000000000 ) ) ;
#3980 = ORIENTED_EDGE ( 'NONE', *, *, #3229, .F. ) ;
#3981 = DIRECTION ( 'NONE',  ( -1.000000000000000000, 0.000000000000000000, 0.000000000000000000 ) ) ;
#3982 = CARTESIAN_POINT ( 'NONE',  ( 0.3200000000000000067, 1.680000000000000160, 6.200000000000000178 ) ) ;
#3983 = ORIENTED_EDGE ( 'NONE', *, *, #4363, .T. ) ;
#3984 = PRODUCT_CONTEXT ( 'NONE', #1330, 'mechanical' ) ;
#3985 = ORIENTED_EDGE ( 'NONE', *, *, #3409, .T. ) ;
#3986 = CARTESIAN_POINT ( 'NONE',  ( -2.712820323027549829, -3.200000000000000178, 0.3200000000000000067 ) ) ;
#3987 = VECTOR ( 'NONE', #1098, 1000.000000000000000 ) ;
#3988 = DIRECTION ( 'NONE',  ( 8.482755383749670111E-16, -1.000000000000000000, 0.000000000000000000 ) ) ;
#3989 = DIRECTION ( 'NONE',  ( 1.000000000000000000, 6.776263578034410601E-16, 1.094764425253764066E-47 ) ) ;
#3990 = VERTEX_POINT ( 'NONE', #3170 ) ;
#3991 = EDGE_CURVE ( 'NONE', #2474, #2663, #4273, .T. ) ;
#3992 = APPLICATION_CONTEXT ( 'automotive_design' ) ;
#3993 = LINE ( 'NONE', #848, #4196 ) ;
#3994 = LINE ( 'NONE', #849, #988 ) ;
#3995 = DIRECTION ( 'NONE',  ( 0.000000000000000000, 0.9961946980917458783, -0.08715574274765433560 ) ) ;
#3996 = VECTOR ( 'NONE', #3512, 1000.000000000000000 ) ;
#3997 = ORIENTED_EDGE ( 'NONE', *, *, #2168, .F. ) ;
#3998 = ADVANCED_FACE ( 'NONE', ( #3891 ), #745, .F. ) ;
#3999 = ORIENTED_EDGE ( 'NONE', *, *, #283, .T. ) ;
#4000 = VECTOR ( 'NONE', #864, 1000.000000000000000 ) ;
#4001 = CARTESIAN_POINT ( 'NONE',  ( -2.180000000000000160, 2.319999999999999840, 5.799999999999999822 ) ) ;
#4002 = CARTESIAN_POINT ( 'NONE',  ( -0.6499999999999991340, 4.200000000000000178, 0.7000000000000005107 ) ) ;
#4003 = LINE ( 'NONE', #1224, #216 ) ;
#4004 = ORIENTED_EDGE ( 'NONE', *, *, #248, .F. ) ;
#4005 = DIRECTION ( 'NONE',  ( 0.000000000000000000, -0.9647638212377321887, 0.2631174057921091269 ) ) ;
#4006 = AXIS2_PLACEMENT_3D ( 'NONE', #820, #2522, #2220 ) ;
#4007 = ORIENTED_EDGE ( 'NONE', *, *, #1726, .T. ) ;
#4008 = DIRECTION ( 'NONE',  ( 0.000000000000000000, 0.000000000000000000, -1.000000000000000000 ) ) ;
#4009 = CARTESIAN_POINT ( 'NONE',  ( 0.3200000000000000067, 1.680000000000000160, 5.799999999999999822 ) ) ;
#4010 = VECTOR ( 'NONE', #2304, 1000.000000000000000 ) ;
#4011 = ORIENTED_EDGE ( 'NONE', *, *, #658, .T. ) ;
#4012 = VECTOR ( 'NONE', #1200, 1000.000000000000000 ) ;
#4013 = ORIENTED_EDGE ( 'NONE', *, *, #2069, .T. ) ;
#4014 = AXIS2_PLACEMENT_3D ( 'NONE', #3755, #259, #2034 ) ;
#4015 = FACE_OUTER_BOUND ( 'NONE', #1668, .T. ) ;
#4016 = CARTESIAN_POINT ( 'NONE',  ( -0.6499999999999991340, 4.200000000000000178, 0.7000000000000005107 ) ) ;
#4017 =( GEOMETRIC_REPRESENTATION_CONTEXT ( 3 ) GLOBAL_UNCERTAINTY_ASSIGNED_CONTEXT ( ( #27 ) ) GLOBAL_UNIT_ASSIGNED_CONTEXT ( ( #521, #4325, #4375 ) ) REPRESENTATION_CONTEXT ( 'NONE', 'WORKASPACE' ) );
#4018 = ORIENTED_EDGE ( 'NONE', *, *, #1675, .F. ) ;
#4019 = CARTESIAN_POINT ( 'NONE',  ( -5.000000000000000000, 2.700000000000000622, 2.200000000000001510 ) ) ;
#4020 = DIRECTION ( 'NONE',  ( 0.000000000000000000, -1.000000000000000000, 3.614007241618344826E-17 ) ) ;
#4021 = CARTESIAN_POINT ( 'NONE',  ( -2.819999999999999840, 1.300000000000000044, 0.6999999999999999556 ) ) ;
#4022 = ADVANCED_FACE ( 'NONE', ( #160 ), #1316, .F. ) ;
#4023 = ORIENTED_EDGE ( 'NONE', *, *, #2224, .T. ) ;
#4024 = LINE ( 'NONE', #2645, #1966 ) ;
#4025 = CARTESIAN_POINT ( 'NONE',  ( 0.3438570537119819970, -2.710964263427994680, 0.3438570537119780002 ) ) ;
#4026 = LINE ( 'NONE', #3678, #2617 ) ;
#4027 = EDGE_CURVE ( 'NONE', #2696, #16, #1681, .T. ) ;
#4028 = CARTESIAN_POINT ( 'NONE',  ( 2.180000000000000160, 2.320000000000000284, -1.499999999999998668 ) ) ;
#4029 = LINE ( 'NONE', #550, #1777 ) ;
#4030 = EDGE_CURVE ( 'NONE', #4505, #2816, #534, .T. ) ;
#4031 = AXIS2_PLACEMENT_3D ( 'NONE', #3373, #966, #3720 ) ;
#4032 = CARTESIAN_POINT ( 'NONE',  ( -2.180000000000000160, -1.100000000000000089, 0.7025000000000000133 ) ) ;
#4033 = CARTESIAN_POINT ( 'NONE',  ( -5.000000000000000000, 2.200000000000000622, 2.200000000000001510 ) ) ;
#4034 = EDGE_LOOP ( 'NONE', ( #3458, #598, #1134 ) ) ;
#4035 = SHAPE_DEFINITION_REPRESENTATION ( #2658, #3344 ) ;
#4036 = ORIENTED_EDGE ( 'NONE', *, *, #480, .F. ) ;
#4037 = DIRECTION ( 'NONE',  ( -0.000000000000000000, -0.000000000000000000, 1.000000000000000000 ) ) ;
#4038 = ADVANCED_FACE ( 'NONE', ( #2235 ), #3631, .F. ) ;
#4039 = FACE_OUTER_BOUND ( 'NONE', #416, .T. ) ;
#4040 = EDGE_CURVE ( 'NONE', #1235, #808, #488, .T. ) ;
#4041 = VERTEX_POINT ( 'NONE', #4002 ) ;
#4042 = FACE_OUTER_BOUND ( 'NONE', #2819, .T. ) ;
#4043 = CARTESIAN_POINT ( 'NONE',  ( -4.400000000000000355, 2.200000000000000178, 5.700000000000001066 ) ) ;
#4044 = CARTESIAN_POINT ( 'NONE',  ( 10.00000000000000178, 2.900000000000000355, 5.200000000000000178 ) ) ;
#4045 = EDGE_LOOP ( 'NONE', ( #131, #959, #2970, #431 ) ) ;
#4046 = ORIENTED_EDGE ( 'NONE', *, *, #2740, .F. ) ;
#4047 = EDGE_CURVE ( 'NONE', #808, #2927, #271, .T. ) ;
#4048 = LINE ( 'NONE', #882, #1382 ) ;
#4049 = LINE ( 'NONE', #2627, #856 ) ;
#4050 = EDGE_LOOP ( 'NONE', ( #1993, #3416, #1680, #1517 ) ) ;
#4051 = SURFACE_STYLE_FILL_AREA ( #3492 ) ;
#4052 = EDGE_CURVE ( 'NONE', #2866, #942, #2947, .T. ) ;
#4053 = DIRECTION ( 'NONE',  ( -1.000000000000000000, -6.776263578034403699E-16, 0.000000000000000000 ) ) ;
#4054 = FACE_OUTER_BOUND ( 'NONE', #530, .T. ) ;
#4055 = CARTESIAN_POINT ( 'NONE',  ( 6.250000000000001776, 1.300000000000000711, 6.300000000000000711 ) ) ;
#4056 = EDGE_CURVE ( 'NONE', #1170, #4214, #4337, .T. ) ;
#4057 = VERTEX_POINT ( 'NONE', #2209 ) ;
#4058 = VECTOR ( 'NONE', #2469, 1000.000000000000000 ) ;
#4059 = VERTEX_POINT ( 'NONE', #1223 ) ;
#4060 = CARTESIAN_POINT ( 'NONE',  ( 3.150000000000000799, 4.200000000000000178, 0.7750000000000005773 ) ) ;
#4061 = EDGE_CURVE ( 'NONE', #3842, #4063, #857, .T. ) ;
#4062 = FACE_OUTER_BOUND ( 'NONE', #915, .T. ) ;
#4063 = VERTEX_POINT ( 'NONE', #809 ) ;
#4064 = VECTOR ( 'NONE', #1398, 1000.000000000000000 ) ;
#4065 = LINE ( 'NONE', #4402, #1631 ) ;
#4066 = CARTESIAN_POINT ( 'NONE',  ( 6.850000000000003197, 4.200000000000000178, 0.7000000000000005107 ) ) ;
#4067 = CARTESIAN_POINT ( 'NONE',  ( 6.850000000000003197, -0.7999999999999994893, 0.7000000000000005107 ) ) ;
#4068 = VERTEX_POINT ( 'NONE', #3608 ) ;
#4069 = VECTOR ( 'NONE', #1036, 1000.000000000000000 ) ;
#4070 = CARTESIAN_POINT ( 'NONE',  ( -2.819999999999999840, -2.482206405693955009, 0.3880604982206404818 ) ) ;
#4071 = CARTESIAN_POINT ( 'NONE',  ( -3.800000000000000266, 2.200000000000000622, 0.7000000000000006217 ) ) ;
#4072 = ORIENTED_EDGE ( 'NONE', *, *, #2705, .F. ) ;
#4073 = VECTOR ( 'NONE', #4171, 1000.000000000000114 ) ;
#4074 = CARTESIAN_POINT ( 'NONE',  ( 10.00000000000000178, 2.200000000000000622, 0.7000000000000006217 ) ) ;
#4075 = CARTESIAN_POINT ( 'NONE',  ( -5.000000000000000000, 2.200000000000000178, 6.700000000000001066 ) ) ;
#4076 = EDGE_CURVE ( 'NONE', #1782, #909, #2600, .T. ) ;
#4077 = VECTOR ( 'NONE', #222, 1000.000000000000000 ) ;
#4078 = CARTESIAN_POINT ( 'NONE',  ( -1.019059892324150063, 0.9000000000000004663, 2.200000000000001510 ) ) ;
#4079 = ORIENTED_EDGE ( 'NONE', *, *, #3804, .F. ) ;
#4080 = DIRECTION ( 'NONE',  ( -0.9659258262890696445, 0.2588190451025159655, 0.000000000000000000 ) ) ;
#4081 = AXIS2_PLACEMENT_3D ( 'NONE', #3548, #3941, #472 ) ;
#4082 = DIRECTION ( 'NONE',  ( 0.8660254037844385966, -0.5000000000000002220, 0.000000000000000000 ) ) ;
#4083 = VECTOR ( 'NONE', #502, 999.9999999999998863 ) ;
#4084 = ORIENTED_EDGE ( 'NONE', *, *, #836, .F. ) ;
#4085 = VECTOR ( 'NONE', #426, 1000.000000000000114 ) ;
#4086 = EDGE_CURVE ( 'NONE', #3627, #2816, #1653, .T. ) ;
#4087 = CARTESIAN_POINT ( 'NONE',  ( 6.850000000000003197, 0.000000000000000000, 0.7000000000000005107 ) ) ;
#4088 = DIRECTION ( 'NONE',  ( 0.000000000000000000, 9.637352644315595243E-17, -1.000000000000000000 ) ) ;
#4089 = EDGE_CURVE ( 'NONE', #4351, #1326, #140, .T. ) ;
#4090 = DIRECTION ( 'NONE',  ( -6.776263578034400740E-16, 1.000000000000000000, 0.000000000000000000 ) ) ;
#4091 = DIRECTION ( 'NONE',  ( -6.746146851020910014E-16, 1.000000000000000000, -3.614007241618344826E-17 ) ) ;
#4092 = EDGE_LOOP ( 'NONE', ( #1209, #249, #3452, #3123 ) ) ;
#4093 = DIRECTION ( 'NONE',  ( -0.000000000000000000, -0.000000000000000000, 1.000000000000000000 ) ) ;
#4094 = CARTESIAN_POINT ( 'NONE',  ( -3.950000000000000178, 4.200000000000000178, 1.700000000000001954 ) ) ;
#4095 = CARTESIAN_POINT ( 'NONE',  ( -2.180000000000000160, 1.300000000000000044, 0.3200000000000000067 ) ) ;
#4096 = ORIENTED_EDGE ( 'NONE', *, *, #3642, .F. ) ;
#4097 = DIRECTION ( 'NONE',  ( 0.000000000000000000, 0.000000000000000000, -1.000000000000000000 ) ) ;
#4098 = ORIENTED_EDGE ( 'NONE', *, *, #1974, .F. ) ;
#4099 = EDGE_CURVE ( 'NONE', #1874, #4068, #1567, .T. ) ;
#4100 = CARTESIAN_POINT ( 'NONE',  ( -3.149999999999999023, -0.7999999999999994893, 0.7750000000000005773 ) ) ;
#4101 = PLANE ( 'NONE',  #3194 ) ;
#4102 = EDGE_LOOP ( 'NONE', ( #1552, #834, #3666, #3964 ) ) ;
#4103 = ORIENTED_EDGE ( 'NONE', *, *, #3888, .F. ) ;
#4104 = SURFACE_STYLE_FILL_AREA ( #2706 ) ;
#4105 = CARTESIAN_POINT ( 'NONE',  ( 5.000000000000000000, 0.000000000000000000, -1.499999999999998446 ) ) ;
#4106 = DIRECTION ( 'NONE',  ( 0.000000000000000000, -0.8195010613515445463, 0.5730776652807995086 ) ) ;
#4107 = LINE ( 'NONE', #545, #1494 ) ;
#4108 = CARTESIAN_POINT ( 'NONE',  ( -2.819999999999999840, -1.100000000000000089, 0.3200000000000000067 ) ) ;
#4109 = ORIENTED_EDGE ( 'NONE', *, *, #2676, .F. ) ;
#4110 = ADVANCED_FACE ( 'NONE', ( #2971 ), #1523, .F. ) ;
#4111 = DIRECTION ( 'NONE',  ( 6.776263578034403699E-16, -1.000000000000000000, 0.000000000000000000 ) ) ;
#4112 = ORIENTED_EDGE ( 'NONE', *, *, #1094, .F. ) ;
#4113 = CARTESIAN_POINT ( 'NONE',  ( 0.3200000000000000067, 1.300000000000000044, 0.3200000000000000067 ) ) ;
#4114 = ADVANCED_FACE ( 'NONE', ( #631, #2924 ), #2710, .F. ) ;
#4115 = FACE_OUTER_BOUND ( 'NONE', #1741, .T. ) ;
#4116 = DIRECTION ( 'NONE',  ( 6.909131491329194381E-16, -1.000000000000000000, 0.000000000000000000 ) ) ;
#4117 = ORIENTED_EDGE ( 'NONE', *, *, #579, .F. ) ;
#4118 = LINE ( 'NONE', #4488, #3336 ) ;
#4119 = DIRECTION ( 'NONE',  ( 2.891205793294671128E-15, 4.697390108261552570E-32, -1.000000000000000000 ) ) ;
#4120 = VECTOR ( 'NONE', #4093, 1000.000000000000000 ) ;
#4121 = ORIENTED_EDGE ( 'NONE', *, *, #3604, .T. ) ;
#4122 = ORIENTED_EDGE ( 'NONE', *, *, #2346, .F. ) ;
#4123 = PLANE ( 'NONE',  #498 ) ;
#4124 = DIRECTION ( 'NONE',  ( 1.000000000000000000, 0.000000000000000000, 0.000000000000000000 ) ) ;
#4125 = CARTESIAN_POINT ( 'NONE',  ( -2.180000000000000160, 1.300000000000000044, 0.6999999999999999556 ) ) ;
#4126 = LINE ( 'NONE', #2114, #1218 ) ;
#4127 = LINE ( 'NONE', #2459, #3412 ) ;
#4128 = VECTOR ( 'NONE', #2187, 1000.000000000000000 ) ;
#4129 = EDGE_CURVE ( 'NONE', #1033, #647, #2363, .T. ) ;
#4130 = AXIS2_PLACEMENT_3D ( 'NONE', #1971, #2936, #3366 ) ;
#4131 = ORIENTED_EDGE ( 'NONE', *, *, #4368, .T. ) ;
#4132 = DIRECTION ( 'NONE',  ( 0.000000000000000000, -0.000000000000000000, 1.000000000000000000 ) ) ;
#4133 = DIRECTION ( 'NONE',  ( 0.000000000000000000, -1.000000000000000000, -2.710505431213761085E-16 ) ) ;
#4134 = EDGE_CURVE ( 'NONE', #1174, #2433, #3976, .T. ) ;
#4135 = DIRECTION ( 'NONE',  ( -1.000000000000000000, 0.000000000000000000, 0.000000000000000000 ) ) ;
#4136 = APPLICATION_CONTEXT ( 'automotive_design' ) ;
#4137 = DIRECTION ( 'NONE',  ( 1.000000000000000000, 0.000000000000000000, 0.000000000000000000 ) ) ;
#4138 = ORIENTED_EDGE ( 'NONE', *, *, #2688, .F. ) ;
#4139 = CARTESIAN_POINT ( 'NONE',  ( 0.3200000000000000067, 1.300000000000000044, 0.6999999999999999556 ) ) ;
#4140 = VERTEX_POINT ( 'NONE', #3825 ) ;
#4141 = DIRECTION ( 'NONE',  ( -1.000000000000000000, -0.000000000000000000, -0.000000000000000000 ) ) ;
#4142 = CARTESIAN_POINT ( 'NONE',  ( 5.000000000000000000, 4.200000000000000178, 0.7000000000000006217 ) ) ;
#4143 = VERTEX_POINT ( 'NONE', #1989 ) ;
#4144 = ORIENTED_EDGE ( 'NONE', *, *, #881, .F. ) ;
#4145 = DIRECTION ( 'NONE',  ( 0.000000000000000000, 0.000000000000000000, 1.000000000000000000 ) ) ;
#4146 = VECTOR ( 'NONE', #2417, 1000.000000000000114 ) ;
#4147 = DIRECTION ( 'NONE',  ( -0.000000000000000000, 1.000000000000000000, -0.000000000000000000 ) ) ;
#4148 = CARTESIAN_POINT ( 'NONE',  ( -0.2195492475285064915, -3.174887311882135243, 0.2195492475285099887 ) ) ;
#4149 = PLANE ( 'NONE',  #3564 ) ;
#4150 = LINE ( 'NONE', #24, #130 ) ;
#4151 = VECTOR ( 'NONE', #4137, 1000.000000000000000 ) ;
#4152 = ORIENTED_EDGE ( 'NONE', *, *, #4510, .T. ) ;
#4153 = VECTOR ( 'NONE', #2325, 1000.000000000000000 ) ;
#4154 = VECTOR ( 'NONE', #1666, 1000.000000000000000 ) ;
#4155 = EDGE_CURVE ( 'NONE', #3139, #1033, #3038, .T. ) ;
#4156 = DIRECTION ( 'NONE',  ( -0.000000000000000000, 1.000000000000000000, 0.000000000000000000 ) ) ;
#4157 = DIRECTION ( 'NONE',  ( -1.000000000000000000, 0.000000000000000000, 0.000000000000000000 ) ) ;
#4158 = ORIENTED_EDGE ( 'NONE', *, *, #1279, .F. ) ;
#4159 = COLOUR_RGB ( '',0.7960784313725489669, 0.8235294117647058432, 0.9372549019607843146 ) ;
#4160 = COLOUR_RGB ( '',0.7921568627450980005, 0.8196078431372548767, 0.9333333333333333481 ) ;
#4161 = DIRECTION ( 'NONE',  ( -0.9659258262890690894, -6.545367995765412078E-16, 0.2588190451025180749 ) ) ;
#4162 = VERTEX_POINT ( 'NONE', #3363 ) ;
#4163 = FACE_OUTER_BOUND ( 'NONE', #2992, .T. ) ;
#4164 = VERTEX_POINT ( 'NONE', #640 ) ;
#4165 = DIRECTION ( 'NONE',  ( -1.000000000000000000, -6.909131491329190437E-16, 0.000000000000000000 ) ) ;
#4166 = VERTEX_POINT ( 'NONE', #2352 ) ;
#4167 = LINE ( 'NONE', #2719, #423 ) ;
#4168 = CARTESIAN_POINT ( 'NONE',  ( 0.6000000000000015321, 2.200000000000000178, 5.700000000000001066 ) ) ;
#4169 = ORIENTED_EDGE ( 'NONE', *, *, #4444, .F. ) ;
#4170 = ORIENTED_EDGE ( 'NONE', *, *, #3264, .F. ) ;
#4171 = DIRECTION ( 'NONE',  ( 0.000000000000000000, -0.9647638212377319666, -0.2631174057921095155 ) ) ;
#4172 = EDGE_CURVE ( 'NONE', #1183, #3053, #4377, .T. ) ;
#4173 = PLANE ( 'NONE',  #43 ) ;
#4174 = DIRECTION ( 'NONE',  ( -1.000000000000000000, -6.776263578034410601E-16, 0.000000000000000000 ) ) ;
#4175 = EDGE_CURVE ( 'NONE', #4140, #1689, #3410, .T. ) ;
#4176 = DIRECTION ( 'NONE',  ( -1.000000000000000000, 0.000000000000000000, 0.000000000000000000 ) ) ;
#4177 = DIRECTION ( 'NONE',  ( 0.000000000000000000, 1.000000000000000000, 7.885106708985486076E-16 ) ) ;
#4178 = ORIENTED_EDGE ( 'NONE', *, *, #3222, .T. ) ;
#4179 = EDGE_LOOP ( 'NONE', ( #387, #2268, #362, #1703 ) ) ;
#4180 = EDGE_CURVE ( 'NONE', #2488, #1513, #3801, .T. ) ;
#4181 = LINE ( 'NONE', #2226, #3239 ) ;
#4182 = DIRECTION ( 'NONE',  ( -1.000000000000000000, 0.000000000000000000, 2.528935995870325349E-15 ) ) ;
#4183 = ADVANCED_FACE ( 'NONE', ( #1690 ), #663, .T. ) ;
#4184 = LINE ( 'NONE', #3545, #2836 ) ;
#4185 = VERTEX_POINT ( 'NONE', #978 ) ;
#4186 = LINE ( 'NONE', #307, #4354 ) ;
#4187 = CARTESIAN_POINT ( 'NONE',  ( 5.650000000000000355, 4.200000000000000178, 0.7750000000000005773 ) ) ;
#4188 = ORIENTED_EDGE ( 'NONE', *, *, #2401, .F. ) ;
#4189 = ORIENTED_EDGE ( 'NONE', *, *, #2403, .T. ) ;
#4190 = CARTESIAN_POINT ( 'NONE',  ( 1.250000000000000666, 1.300000000000000711, 6.300000000000000711 ) ) ;
#4191 = DIRECTION ( 'NONE',  ( 0.000000000000000000, -1.000000000000000000, -2.710505431213761085E-16 ) ) ;
#4192 = CARTESIAN_POINT ( 'NONE',  ( -5.000000000000000000, 2.200000000000000622, 0.7000000000000006217 ) ) ;
#4193 = DIRECTION ( 'NONE',  ( 0.000000000000000000, 0.000000000000000000, -1.000000000000000000 ) ) ;
#4194 = LINE ( 'NONE', #1423, #4285 ) ;
#4195 = EDGE_LOOP ( 'NONE', ( #2448, #1374, #2053, #890 ) ) ;
#4196 = VECTOR ( 'NONE', #917, 1000.000000000000000 ) ;
#4197 = CARTESIAN_POINT ( 'NONE',  ( 0.000000000000000000, 0.000000000000000000, 0.000000000000000000 ) ) ;
#4198 = AXIS2_PLACEMENT_3D ( 'NONE', #2232, #3630, #1156 ) ;
#4199 = EDGE_LOOP ( 'NONE', ( #2365, #1064, #4349, #2713 ) ) ;
#4200 = EDGE_LOOP ( 'NONE', ( #3980, #1201, #8, #3065 ) ) ;
#4201 = VECTOR ( 'NONE', #2885, 1000.000000000000000 ) ;
#4202 = CARTESIAN_POINT ( 'NONE',  ( 10.99082632030006224, 3.415000000000000480, 1.700000000000002398 ) ) ;
#4203 = ADVANCED_FACE ( 'NONE', ( #4512 ), #238, .F. ) ;
#4204 = LINE ( 'NONE', #2852, #2616 ) ;
#4205 = ORIENTED_EDGE ( 'NONE', *, *, #4506, .F. ) ;
#4206 = PLANE ( 'NONE',  #648 ) ;
#4207 = VERTEX_POINT ( 'NONE', #1618 ) ;
#4208 = DIRECTION ( 'NONE',  ( 0.000000000000000000, -0.000000000000000000, 1.000000000000000000 ) ) ;
#4209 = STYLED_ITEM ( 'NONE', ( #3809 ), #1265 ) ;
#4210 = EDGE_CURVE ( 'NONE', #828, #1317, #3436, .T. ) ;
#4211 = CARTESIAN_POINT ( 'NONE',  ( -2.180000000000000160, 1.300000000000000044, -0.3200000000000000067 ) ) ;
#4212 = ORIENTED_EDGE ( 'NONE', *, *, #4311, .T. ) ;
#4213 = CLOSED_SHELL ( 'NONE', ( #1257, #121, #2865, #3903, #252, #1259, #862, #817, #2723, #3998, #4502, #3521, #3968, #1327, #3689, #1911, #1195, #4183 ) ) ;
#4214 = VERTEX_POINT ( 'NONE', #1710 ) ;
#4215 = VECTOR ( 'NONE', #3791, 1000.000000000000000 ) ;
#4216 = CARTESIAN_POINT ( 'NONE',  ( -2.244037354700574749, 2.255962645299430136, 6.038990661324850073 ) ) ;
#4217 = VECTOR ( 'NONE', #80, 1000.000000000000227 ) ;
#4218 = CARTESIAN_POINT ( 'NONE',  ( -2.819999999999999840, 2.320000000000000284, 0.7750000000000004663 ) ) ;
#4219 = CARTESIAN_POINT ( 'NONE',  ( -4.400000000000000355, 0.9000000000000004663, 6.700000000000001066 ) ) ;
#4220 = LINE ( 'NONE', #2485, #2603 ) ;
#4221 = EDGE_CURVE ( 'NONE', #247, #142, #2428, .T. ) ;
#4222 = ORIENTED_EDGE ( 'NONE', *, *, #412, .F. ) ;
#4223 = VECTOR ( 'NONE', #3249, 1000.000000000000114 ) ;
#4224 = EDGE_CURVE ( 'NONE', #807, #3734, #304, .T. ) ;
#4225 = DIRECTION ( 'NONE',  ( -0.000000000000000000, 1.000000000000000000, -0.000000000000000000 ) ) ;
#4226 = VECTOR ( 'NONE', #999, 1000.000000000000000 ) ;
#4227 = VERTEX_POINT ( 'NONE', #2697 ) ;
#4228 =( REPRESENTATION_RELATIONSHIP ('NONE','NONE', #3375, #569 ) REPRESENTATION_RELATIONSHIP_WITH_TRANSFORMATION ( #4465 )SHAPE_REPRESENTATION_RELATIONSHIP( ) );
#4229 = ORIENTED_EDGE ( 'NONE', *, *, #124, .F. ) ;
#4230 = VECTOR ( 'NONE', #2728, 1000.000000000000000 ) ;
#4231 = DIRECTION ( 'NONE',  ( 1.000000000000000000, -0.000000000000000000, -0.000000000000000000 ) ) ;
#4232 = EDGE_CURVE ( 'NONE', #3701, #2207, #1027, .T. ) ;
#4233 = LINE ( 'NONE', #308, #4511 ) ;
#4234 = PLANE ( 'NONE',  #2028 ) ;
#4235 = ORIENTED_EDGE ( 'NONE', *, *, #396, .F. ) ;
#4236 = CARTESIAN_POINT ( 'NONE',  ( -3.950000000000000178, 0.9000000000000004663, 2.200000000000001510 ) ) ;
#4237 = EDGE_LOOP ( 'NONE', ( #2005, #2764, #150, #1439 ) ) ;
#4238 = CARTESIAN_POINT ( 'NONE',  ( 0.6500000000000012434, -1.068656249629502597E-31, 0.7750000000000004663 ) ) ;
#4239 = CARTESIAN_POINT ( 'NONE',  ( -2.819999999999999840, 1.680000000000000160, 0.6999999999999999556 ) ) ;
#4240 = VERTEX_POINT ( 'NONE', #3780 ) ;
#4241 = ORIENTED_EDGE ( 'NONE', *, *, #1718, .F. ) ;
#4242 = EDGE_CURVE ( 'NONE', #2857, #2811, #3084, .T. ) ;
#4243 = DIRECTION ( 'NONE',  ( 1.000000000000000000, 0.000000000000000000, 0.000000000000000000 ) ) ;
#4244 = LINE ( 'NONE', #1849, #3261 ) ;
#4245 = LINE ( 'NONE', #434, #344 ) ;
#4246 = DIRECTION ( 'NONE',  ( -1.000000000000000000, -6.776263578034400740E-16, 0.000000000000000000 ) ) ;
#4247 = ORIENTED_EDGE ( 'NONE', *, *, #1400, .T. ) ;
#4248 = CARTESIAN_POINT ( 'NONE',  ( 1.348974331861078735, 1.128571428571429447, 6.471428571428572418 ) ) ;
#4249 = VERTEX_POINT ( 'NONE', #4078 ) ;
#4250 =( NAMED_UNIT ( * ) PLANE_ANGLE_UNIT ( ) SI_UNIT ( $, .RADIAN. ) );
#4251 = DIRECTION ( 'NONE',  ( 1.000000000000000000, -0.000000000000000000, -0.000000000000000000 ) ) ;
#4252 = ORIENTED_EDGE ( 'NONE', *, *, #1709, .F. ) ;
#4253 = VERTEX_POINT ( 'NONE', #1304 ) ;
#4254 = MECHANICAL_DESIGN_GEOMETRIC_PRESENTATION_REPRESENTATION (  '', ( #1454 ), #1470 ) ;
#4255 = EDGE_CURVE ( 'NONE', #4275, #3598, #2404, .T. ) ;
#4256 = LINE ( 'NONE', #2569, #2660 ) ;
#4257 = DIRECTION ( 'NONE',  ( 1.000000000000000000, 0.000000000000000000, 0.000000000000000000 ) ) ;
#4258 = CARTESIAN_POINT ( 'NONE',  ( -0.2128203230275504954, 2.212820323027549829, 6.200000000000000178 ) ) ;
#4259 = ORIENTED_EDGE ( 'NONE', *, *, #1476, .F. ) ;
#4260 = DIRECTION ( 'NONE',  ( 0.000000000000000000, 0.000000000000000000, 1.000000000000000000 ) ) ;
#4261 = CARTESIAN_POINT ( 'NONE',  ( 5.320000000000001172, 1.680000000000000604, 2.200000000000001510 ) ) ;
#4262 = ORIENTED_EDGE ( 'NONE', *, *, #1384, .T. ) ;
#4263 = DIRECTION ( 'NONE',  ( -1.000000000000000000, -7.132909029509879687E-16, 0.000000000000000000 ) ) ;
#4264 = DIRECTION ( 'NONE',  ( -1.000000000000000000, -6.776263578034410601E-16, 0.000000000000000000 ) ) ;
#4265 = CARTESIAN_POINT ( 'NONE',  ( -1.250000000000000000, 1.300000000000000933, 6.700000000000001066 ) ) ;
#4266 = CARTESIAN_POINT ( 'NONE',  ( 6.480940107675851714, 0.9000000000000009104, 6.700000000000001066 ) ) ;
#4267 = ORIENTED_EDGE ( 'NONE', *, *, #1435, .T. ) ;
#4268 = PLANE ( 'NONE',  #4356 ) ;
#4269 = ORIENTED_EDGE ( 'NONE', *, *, #3078, .F. ) ;
#4270 = ADVANCED_FACE ( 'NONE', ( #2054 ), #3457, .T. ) ;
#4271 = VECTOR ( 'NONE', #1273, 1000.000000000000000 ) ;
#4272 = ORIENTED_EDGE ( 'NONE', *, *, #2210, .F. ) ;
#4273 = LINE ( 'NONE', #53, #2990 ) ;
#4274 = DIRECTION ( 'NONE',  ( 0.000000000000000000, -1.000000000000000000, -0.000000000000000000 ) ) ;
#4275 = VERTEX_POINT ( 'NONE', #3387 ) ;
#4276 = CARTESIAN_POINT ( 'NONE',  ( -4.400000000000000355, 1.500000000000000444, 5.700000000000001066 ) ) ;
#4277 = CARTESIAN_POINT ( 'NONE',  ( 0.2128203230275509950, 2.319999999999999840, 6.200000000000000178 ) ) ;
#4278 = VERTEX_POINT ( 'NONE', #4258 ) ;
#4279 = AXIS2_PLACEMENT_3D ( 'NONE', #1055, #2726, #4454 ) ;
#4280 = LINE ( 'NONE', #1483, #2749 ) ;
#4281 = AXIS2_PLACEMENT_3D ( 'NONE', #2809, #1462, #2536 ) ;
#4282 = CARTESIAN_POINT ( 'NONE',  ( 8.150000000000002132, -0.7999999999999994893, 0.7750000000000005773 ) ) ;
#4283 = CARTESIAN_POINT ( 'NONE',  ( -0.6499999999999991340, -0.7999999999999994893, 0.7000000000000005107 ) ) ;
#4284 = CARTESIAN_POINT ( 'NONE',  ( 0.5999999999999998668, 0.9000000000000004663, 2.200000000000001510 ) ) ;
#4285 = VECTOR ( 'NONE', #1057, 1000.000000000000000 ) ;
#4286 = VERTEX_POINT ( 'NONE', #2876 ) ;
#4287 = DIRECTION ( 'NONE',  ( 1.000000000000000000, 6.776263578034410601E-16, 0.000000000000000000 ) ) ;
#4288 = VERTEX_POINT ( 'NONE', #3134 ) ;
#4289 = VECTOR ( 'NONE', #1679, 1000.000000000000000 ) ;
#4290 = ORIENTED_EDGE ( 'NONE', *, *, #4089, .T. ) ;
#4291 = ADVANCED_FACE ( 'NONE', ( #1091 ), #383, .F. ) ;
#4292 = VECTOR ( 'NONE', #2438, 1000.000000000000000 ) ;
#4293 = DIRECTION ( 'NONE',  ( 1.000000000000000000, 1.133806193448892061E-15, 0.000000000000000000 ) ) ;
#4294 = CARTESIAN_POINT ( 'NONE',  ( 0.3200000000000000067, 1.300000000000000044, 0.3200000000000000067 ) ) ;
#4295 = CIRCLE ( 'NONE', #2912, 1.022500000000000187 ) ;
#4296 = DIRECTION ( 'NONE',  ( -0.000000000000000000, 1.000000000000000000, 0.000000000000000000 ) ) ;
#4297 = ORIENTED_EDGE ( 'NONE', *, *, #3738, .T. ) ;
#4298 =( NAMED_UNIT ( * ) SI_UNIT ( $, .STERADIAN. ) SOLID_ANGLE_UNIT ( ) );
#4299 = VECTOR ( 'NONE', #3075, 1000.000000000000000 ) ;
#4300 = CARTESIAN_POINT ( 'NONE',  ( 1.151025668138921265, 1.128571428571429447, 6.471428571428572418 ) ) ;
#4301 = ORIENTED_EDGE ( 'NONE', *, *, #2188, .T. ) ;
#4302 = EDGE_LOOP ( 'NONE', ( #1254, #3924, #2357, #2699 ) ) ;
#4303 = DIRECTION ( 'NONE',  ( 0.000000000000000000, 0.000000000000000000, 1.000000000000000000 ) ) ;
#4304 = ORIENTED_EDGE ( 'NONE', *, *, #3056, .T. ) ;
#4305 = DIRECTION ( 'NONE',  ( 0.000000000000000000, -0.08715574274765433560, -0.9961946980917458783 ) ) ;
#4306 = EDGE_CURVE ( 'NONE', #1402, #1919, #1045, .T. ) ;
#4307 = CARTESIAN_POINT ( 'NONE',  ( 0.3200000000000000067, 2.319999999999999840, 0.6999999999999999556 ) ) ;
#4308 = LINE ( 'NONE', #2504, #2829 ) ;
#4309 = VERTEX_POINT ( 'NONE', #2785 ) ;
#4310 = EDGE_CURVE ( 'NONE', #1901, #2511, #15, .T. ) ;
#4311 = EDGE_CURVE ( 'NONE', #1513, #842, #2447, .T. ) ;
#4312 = LINE ( 'NONE', #2228, #1488 ) ;
#4313 = ORIENTED_EDGE ( 'NONE', *, *, #3257, .T. ) ;
#4314 = VERTEX_POINT ( 'NONE', #3892 ) ;
#4315 = LINE ( 'NONE', #2554, #4128 ) ;
#4316 = CARTESIAN_POINT ( 'NONE',  ( -3.149999999999999023, -0.7999999999999994893, 0.7750000000000005773 ) ) ;
#4317 = CARTESIAN_POINT ( 'NONE',  ( 0.3200000000000035594, -2.799999999999999822, -0.3200000000000000067 ) ) ;
#4318 = ORIENTED_EDGE ( 'NONE', *, *, #1938, .T. ) ;
#4319 = LINE ( 'NONE', #1596, #1226 ) ;
#4320 = CARTESIAN_POINT ( 'NONE',  ( 4.679999999999999716, 1.680000000000000604, 2.200000000000001510 ) ) ;
#4321 = DIRECTION ( 'NONE',  ( 6.776263578034410601E-16, -1.000000000000000000, -7.885106708985490266E-17 ) ) ;
#4322 = DIRECTION ( 'NONE',  ( -1.000000000000000000, -0.000000000000000000, -0.000000000000000000 ) ) ;
#4323 = ADVANCED_FACE ( 'NONE', ( #1390 ), #2833, .F. ) ;
#4324 = ORIENTED_EDGE ( 'NONE', *, *, #446, .F. ) ;
#4325 =( NAMED_UNIT ( * ) PLANE_ANGLE_UNIT ( ) SI_UNIT ( $, .RADIAN. ) );
#4326 = ORIENTED_EDGE ( 'NONE', *, *, #4435, .F. ) ;
#4327 = DIRECTION ( 'NONE',  ( 0.000000000000000000, 0.7071067811865474617, -0.7071067811865476838 ) ) ;
#4328 = LINE ( 'NONE', #1445, #134 ) ;
#4329 = LINE ( 'NONE', #457, #3195 ) ;
#4330 = EDGE_LOOP ( 'NONE', ( #2257, #4079, #163 ) ) ;
#4331 = LINE ( 'NONE', #1387, #1486 ) ;
#4332 = LINE ( 'NONE', #156, #3923 ) ;
#4333 = VERTEX_POINT ( 'NONE', #3476 ) ;
#4334 = PRODUCT ( 'S5B-EH', 'S5B-EH', '', ( #3984 ) ) ;
#4335 = ORIENTED_EDGE ( 'NONE', *, *, #2806, .T. ) ;
#4336 = LINE ( 'NONE', #2166, #1654 ) ;
#4337 = LINE ( 'NONE', #4108, #3869 ) ;
#4338 = VECTOR ( 'NONE', #2444, 1000.000000000000000 ) ;
#4339 = CARTESIAN_POINT ( 'NONE',  ( 0.3200000000000000067, 2.319999999999999840, 6.200000000000000178 ) ) ;
#4340 = VERTEX_POINT ( 'NONE', #3873 ) ;
#4341 = ORIENTED_EDGE ( 'NONE', *, *, #991, .T. ) ;
#4342 = VECTOR ( 'NONE', #2993, 1000.000000000000000 ) ;
#4343 = DIRECTION ( 'NONE',  ( 0.000000000000000000, -0.2631174057921091269, -0.9647638212377321887 ) ) ;
#4345 = EDGE_CURVE ( 'NONE', #2147, #2164, #4184, .T. ) ;
#4344 = CARTESIAN_POINT ( 'NONE',  ( 3.750000000000000888, 1.300000000000000711, 2.200000000000001510 ) ) ;
#4346 = CARTESIAN_POINT ( 'NONE',  ( 0.6000000000000015321, 0.9000000000000004663, 6.700000000000001066 ) ) ;
#4347 = VECTOR ( 'NONE', #2599, 1000.000000000000000 ) ;
#4348 = LINE ( 'NONE', #1207, #139 ) ;
#4349 = ORIENTED_EDGE ( 'NONE', *, *, #4406, .F. ) ;
#4350 = DIRECTION ( 'NONE',  ( 0.000000000000000000, 0.000000000000000000, 1.000000000000000000 ) ) ;
#4351 = VERTEX_POINT ( 'NONE', #2103 ) ;
#4352 = EDGE_CURVE ( 'NONE', #851, #3272, #3524, .T. ) ;
#4353 = FACE_OUTER_BOUND ( 'NONE', #2540, .T. ) ;
#4354 = VECTOR ( 'NONE', #1712, 999.9999999999998863 ) ;
#4355 = FACE_OUTER_BOUND ( 'NONE', #1910, .T. ) ;
#4356 = AXIS2_PLACEMENT_3D ( 'NONE', #783, #3995, #1883 ) ;
#4357 = VERTEX_POINT ( 'NONE', #1460 ) ;
#4358 = CARTESIAN_POINT ( 'NONE',  ( -2.819999999999999840, -1.100000000000000089, 0.7025000000000000133 ) ) ;
#4359 = PLANE ( 'NONE',  #4430 ) ;
#4360 = FACE_OUTER_BOUND ( 'NONE', #614, .T. ) ;
#4361 = EDGE_CURVE ( 'NONE', #3593, #2419, #2514, .T. ) ;
#4362 = VERTEX_POINT ( 'NONE', #3153 ) ;
#4363 = EDGE_CURVE ( 'NONE', #2474, #2576, #3910, .T. ) ;
#4364 = VECTOR ( 'NONE', #1692, 1000.000000000000000 ) ;
#4365 = LINE ( 'NONE', #2573, #3042 ) ;
#4366 = DIRECTION ( 'NONE',  ( -1.000000000000000000, -0.000000000000000000, -0.000000000000000000 ) ) ;
#4367 = LINE ( 'NONE', #2925, #442 ) ;
#4368 = EDGE_CURVE ( 'NONE', #2040, #4340, #2148, .T. ) ;
#4369 = LINE ( 'NONE', #2239, #719 ) ;
#4370 = VECTOR ( 'NONE', #3368, 1000.000000000000114 ) ;
#4371 = DIRECTION ( 'NONE',  ( -1.000000000000000000, -6.776263578034400740E-16, 0.000000000000000000 ) ) ;
#4372 = CARTESIAN_POINT ( 'NONE',  ( 3.150000000000000799, 0.000000000000000000, 0.7000000000000003997 ) ) ;
#4373 = AXIS2_PLACEMENT_3D ( 'NONE', #2477, #2498, #405 ) ;
#4374 = ORIENTED_EDGE ( 'NONE', *, *, #3229, .T. ) ;
#4375 =( NAMED_UNIT ( * ) SI_UNIT ( $, .STERADIAN. ) SOLID_ANGLE_UNIT ( ) );
#4376 = ORIENTED_EDGE ( 'NONE', *, *, #3003, .T. ) ;
#4377 = CIRCLE ( 'NONE', #4014, 1.022499999999999964 ) ;
#4378 = LINE ( 'NONE', #2271, #116 ) ;
#4379 = CYLINDRICAL_SURFACE ( 'NONE', #570, 0.3824999999999997846 ) ;
#4380 = ADVANCED_FACE ( 'NONE', ( #1803 ), #685, .T. ) ;
#4381 = ORIENTED_EDGE ( 'NONE', *, *, #1272, .T. ) ;
#4382 = DIRECTION ( 'NONE',  ( 0.000000000000000000, -1.000000000000000000, 0.000000000000000000 ) ) ;
#4383 = FACE_OUTER_BOUND ( 'NONE', #1990, .T. ) ;
#4384 = FACE_OUTER_BOUND ( 'NONE', #1932, .T. ) ;
#4385 = ORIENTED_EDGE ( 'NONE', *, *, #3503, .F. ) ;
#4386 = ADVANCED_FACE ( 'NONE', ( #3196 ), #4206, .F. ) ;
#4387 = FACE_OUTER_BOUND ( 'NONE', #1988, .T. ) ;
#4388 = PLANE ( 'NONE',  #2178 ) ;
#4389 = EDGE_CURVE ( 'NONE', #3529, #1978, #728, .T. ) ;
#4390 = DIRECTION ( 'NONE',  ( 0.000000000000000000, -1.000000000000000000, 5.524597057250977336E-16 ) ) ;
#4391 = FACE_OUTER_BOUND ( 'NONE', #1659, .T. ) ;
#4392 = PRODUCT_RELATED_PRODUCT_CATEGORY ( 'part', '', ( #789 ) ) ;
#4393 = CARTESIAN_POINT ( 'NONE',  ( -2.180000000000000160, -1.100000000000000089, 0.7025000000000000133 ) ) ;
#4394 = EDGE_LOOP ( 'NONE', ( #3826, #1600, #2489, #3044 ) ) ;
#4395 = APPLICATION_PROTOCOL_DEFINITION ( 'draft international standard', 'automotive_design', 1998, #3992 ) ;
#4396 = EDGE_LOOP ( 'NONE', ( #1024, #1998, #1818, #3463 ) ) ;
#4397 = FACE_OUTER_BOUND ( 'NONE', #3408, .T. ) ;
#4398 = PLANE ( 'NONE',  #2467 ) ;
#4399 = DIRECTION ( 'NONE',  ( 0.2505628070857295331, -0.2505628070857265355, 0.9351131265310311802 ) ) ;
#4400 = PRODUCT_RELATED_PRODUCT_CATEGORY ( 'part', '', ( #3277 ) ) ;
#4401 = ORIENTED_EDGE ( 'NONE', *, *, #2157, .T. ) ;
#4402 = CARTESIAN_POINT ( 'NONE',  ( 5.320000000000000284, 2.320000000000000284, 2.200000000000001510 ) ) ;
#4403 = LINE ( 'NONE', #1241, #3477 ) ;
#4404 = DIRECTION ( 'NONE',  ( -0.000000000000000000, 0.2631174057921069620, 0.9647638212377327438 ) ) ;
#4405 = ORIENTED_EDGE ( 'NONE', *, *, #2760, .F. ) ;
#4406 = EDGE_CURVE ( 'NONE', #794, #3842, #3173, .T. ) ;
#4407 = CARTESIAN_POINT ( 'NONE',  ( -3.149999999999999023, 0.000000000000000000, 0.7000000000000005107 ) ) ;
#4408 = CARTESIAN_POINT ( 'NONE',  ( 3.149999999999983924, -3.851859888774465575E-31, 6.699999999999985967 ) ) ;
#4409 = VERTEX_POINT ( 'NONE', #188 ) ;
#4410 = DIRECTION ( 'NONE',  ( 0.000000000000000000, 0.000000000000000000, 1.000000000000000000 ) ) ;
#4411 = DIRECTION ( 'NONE',  ( -1.000000000000000000, -6.776263578034400740E-16, 0.000000000000000000 ) ) ;
#4412 = AXIS2_PLACEMENT_3D ( 'NONE', #1820, #1539, #482 ) ;
#4413 = CARTESIAN_POINT ( 'NONE',  ( 7.180000000000002380, 2.320000000000000284, -1.499999999999998668 ) ) ;
#4414 = PLANE ( 'NONE',  #1663 ) ;
#4415 = EDGE_CURVE ( 'NONE', #2185, #935, #4369, .T. ) ;
#4416 = ORIENTED_EDGE ( 'NONE', *, *, #870, .F. ) ;
#4417 = VECTOR ( 'NONE', #1623, 1000.000000000000000 ) ;
#4418 = EDGE_CURVE ( 'NONE', #1326, #3068, #837, .T. ) ;
#4419 = ITEM_DEFINED_TRANSFORMATION ( 'NONE', 'NONE', #3058,  #146 ) ;
#4420 = ORIENTED_EDGE ( 'NONE', *, *, #1735, .T. ) ;
#4421 = DIRECTION ( 'NONE',  ( -7.623296525288704038E-16, 1.000000000000000000, -0.000000000000000000 ) ) ;
#4422 = DIRECTION ( 'NONE',  ( -0.000000000000000000, -0.000000000000000000, -1.000000000000000000 ) ) ;
#4423 = EDGE_LOOP ( 'NONE', ( #2278, #158, #4103, #1351 ) ) ;
#4424 = SURFACE_STYLE_USAGE ( .BOTH. , #1150 ) ;
#4425 = DIRECTION ( 'NONE',  ( -1.000000000000000000, 0.000000000000000000, -0.000000000000000000 ) ) ;
#4426 = DIRECTION ( 'NONE',  ( 0.000000000000000000, -1.000000000000000000, -9.637352644315595243E-17 ) ) ;
#4427 = DIRECTION ( 'NONE',  ( -7.623296525288704038E-16, 1.000000000000000000, 0.000000000000000000 ) ) ;
#4428 = ORIENTED_EDGE ( 'NONE', *, *, #1052, .T. ) ;
#4429 = EDGE_LOOP ( 'NONE', ( #1899, #3431, #406, #667, #1142, #2610, #1617, #1929, #1219, #3012, #2827, #4401, #1295, #3362, #2131, #1070 ) ) ;
#4430 = AXIS2_PLACEMENT_3D ( 'NONE', #562, #3394, #1649 ) ;
#4431 = PRESENTATION_LAYER_ASSIGNMENT (  '', '', ( #4209 ) ) ;
#4432 = CARTESIAN_POINT ( 'NONE',  ( -3.950000000000000178, 1.500000000000000444, 2.200000000000001510 ) ) ;
#4433 = ORIENTED_EDGE ( 'NONE', *, *, #4255, .T. ) ;
#4434 = VECTOR ( 'NONE', #676, 1000.000000000000000 ) ;
#4435 = EDGE_CURVE ( 'NONE', #1863, #2154, #3238, .T. ) ;
#4436 = AXIS2_PLACEMENT_3D ( 'NONE', #4265, #127, #1509 ) ;
#4437 = LINE ( 'NONE', #2397, #4271 ) ;
#4438 = CARTESIAN_POINT ( 'NONE',  ( 10.00000000000000178, 2.900000000000000355, 5.900000000000000355 ) ) ;
#4439 = DIRECTION ( 'NONE',  ( 0.000000000000000000, -0.08715574274765433560, -0.9961946980917458783 ) ) ;
#4440 = ORIENTED_EDGE ( 'NONE', *, *, #2317, .F. ) ;
#4441 = VECTOR ( 'NONE', #1056, 1000.000000000000000 ) ;
#4442 = DIRECTION ( 'NONE',  ( 6.776263578034403699E-16, -1.000000000000000000, 0.000000000000000000 ) ) ;
#4443 = ORIENTED_EDGE ( 'NONE', *, *, #3335, .F. ) ;
#4444 = EDGE_CURVE ( 'NONE', #113, #641, #3680, .T. ) ;
#4445 = CARTESIAN_POINT ( 'NONE',  ( -2.180000000000000160, -2.799999999999999822, 0.3200000000000000067 ) ) ;
#4446 = VECTOR ( 'NONE', #400, 1000.000000000000114 ) ;
#4447 = CARTESIAN_POINT ( 'NONE',  ( -2.287179676972444842, -3.200000000000000178, -0.2128203230275514946 ) ) ;
#4448 = VECTOR ( 'NONE', #4439, 1000.000000000000114 ) ;
#4449 = ORIENTED_EDGE ( 'NONE', *, *, #1920, .F. ) ;
#4450 = VECTOR ( 'NONE', #3661, 999.9999999999998863 ) ;
#4451 = CARTESIAN_POINT ( 'NONE',  ( 6.850000000000003197, 4.200000000000000178, 0.7000000000000005107 ) ) ;
#4452 = VECTOR ( 'NONE', #1914, 1000.000000000000000 ) ;
#4453 = FACE_OUTER_BOUND ( 'NONE', #3610, .T. ) ;
#4454 = DIRECTION ( 'NONE',  ( 8.482755383749666166E-16, -1.000000000000000000, 0.000000000000000000 ) ) ;
#4455 = PLANE ( 'NONE',  #3266 ) ;
#4456 = DIRECTION ( 'NONE',  ( 0.000000000000000000, 9.637352644315595243E-17, -1.000000000000000000 ) ) ;
#4457 = EDGE_CURVE ( 'NONE', #2703, #142, #4319, .T. ) ;
#4458 = ORIENTED_EDGE ( 'NONE', *, *, #2883, .F. ) ;
#4459 = ADVANCED_FACE ( 'NONE', ( #1179 ), #2995, .F. ) ;
#4460 = LINE ( 'NONE', #1590, #3764 ) ;
#4461 = ORIENTED_EDGE ( 'NONE', *, *, #4129, .F. ) ;
#4462 = DIRECTION ( 'NONE',  ( 0.000000000000000000, -1.000000000000000000, 0.000000000000000000 ) ) ;
#4463 = LINE ( 'NONE', #2715, #1589 ) ;
#4464 = ORIENTED_EDGE ( 'NONE', *, *, #1522, .F. ) ;
#4465 = ITEM_DEFINED_TRANSFORMATION ( 'NONE', 'NONE', #3943,  #146 ) ;
#4466 = ORIENTED_EDGE ( 'NONE', *, *, #2584, .F. ) ;
#4467 = CARTESIAN_POINT ( 'NONE',  ( -5.000000000000000000, 2.900000000000000355, 5.200000000000000178 ) ) ;
#4468 = EDGE_CURVE ( 'NONE', #942, #4409, #2951, .T. ) ;
#4469 = CARTESIAN_POINT ( 'NONE',  ( -0.2128203230275474978, -3.200000000000000178, -0.2128203230275514946 ) ) ;
#4470 = ORIENTED_EDGE ( 'NONE', *, *, #595, .T. ) ;
#4471 = VERTEX_POINT ( 'NONE', #3634 ) ;
#4472 =( LENGTH_UNIT ( ) NAMED_UNIT ( * ) SI_UNIT ( .MILLI., .METRE. ) );
#4473 = CARTESIAN_POINT ( 'NONE',  ( -2.819999999999999396, 1.680000000000000604, 0.7750000000000004663 ) ) ;
#4474 = FACE_OUTER_BOUND ( 'NONE', #3886, .T. ) ;
#4475 = CARTESIAN_POINT ( 'NONE',  ( 10.99082632030006224, 3.415000000000000480, 1.700000000000002398 ) ) ;
#4476 = LINE ( 'NONE', #2815, #1292 ) ;
#4477 = ORIENTED_EDGE ( 'NONE', *, *, #1108, .T. ) ;
#4478 = DIRECTION ( 'NONE',  ( 0.000000000000000000, -1.000000000000000000, 0.000000000000000000 ) ) ;
#4479 = VERTEX_POINT ( 'NONE', #2605 ) ;
#4480 = CARTESIAN_POINT ( 'NONE',  ( 1.480940107675850381, 0.9000000000000007994, 6.700000000000001066 ) ) ;
#4481 = ORIENTED_EDGE ( 'NONE', *, *, #1946, .T. ) ;
#4482 = CARTESIAN_POINT ( 'NONE',  ( -2.180000000000000160, -3.200000000000000178, 0.3200000000000000067 ) ) ;
#4483 = PLANE ( 'NONE',  #2761 ) ;
#4484 = ORIENTED_EDGE ( 'NONE', *, *, #729, .F. ) ;
#4485 = ADVANCED_FACE ( 'NONE', ( #117 ), #3611, .F. ) ;
#4486 = DIRECTION ( 'NONE',  ( -1.000000000000000000, -6.776263578034410601E-16, 5.473822126268819114E-48 ) ) ;
#4487 = ORIENTED_EDGE ( 'NONE', *, *, #2014, .T. ) ;
#4488 = CARTESIAN_POINT ( 'NONE',  ( 5.000000000000000000, 2.600000000000000533, 5.818181818181818343 ) ) ;
#4489 = LINE ( 'NONE', #1671, #1141 ) ;
#4490 = PLANE ( 'NONE',  #709 ) ;
#4491 = VECTOR ( 'NONE', #4411, 1000.000000000000000 ) ;
#4492 = VERTEX_POINT ( 'NONE', #3937 ) ;
#4493 = ORIENTED_EDGE ( 'NONE', *, *, #1576, .T. ) ;
#4494 = VECTOR ( 'NONE', #761, 1000.000000000000000 ) ;
#4495 = ADVANCED_FACE ( 'NONE', ( #2928 ), #1843, .T. ) ;
#4496 = CARTESIAN_POINT ( 'NONE',  ( 0.000000000000000000, 0.9000000000000009104, 6.700000000000001066 ) ) ;
#4497 = CARTESIAN_POINT ( 'NONE',  ( 5.000000000000000000, 2.900000000000000355, 5.200000000000000178 ) ) ;
#4498 = PLANE ( 'NONE',  #3333 ) ;
#4499 = CARTESIAN_POINT ( 'NONE',  ( 4.679999999999999716, 1.680000000000000604, 2.200000000000001510 ) ) ;
#4500 = ORIENTED_EDGE ( 'NONE', *, *, #2598, .T. ) ;
#4501 = ORIENTED_EDGE ( 'NONE', *, *, #532, .F. ) ;
#4502 = ADVANCED_FACE ( 'NONE', ( #2903 ), #1936, .F. ) ;
#4503 =( NAMED_UNIT ( * ) PLANE_ANGLE_UNIT ( ) SI_UNIT ( $, .RADIAN. ) );
#4504 = ADVANCED_FACE ( 'NONE', ( #3332 ), #1159, .F. ) ;
#4505 = VERTEX_POINT ( 'NONE', #2213 ) ;
#4506 = EDGE_CURVE ( 'NONE', #4143, #522, #1526, .T. ) ;
#4507 = CARTESIAN_POINT ( 'NONE',  ( -2.180000000000000160, 1.680000000000000160, 5.799999999999999822 ) ) ;
#4508 = ORIENTED_EDGE ( 'NONE', *, *, #1837, .F. ) ;
#4509 = CARTESIAN_POINT ( 'NONE',  ( 1.200000000000001510, 0.000000000000000000, 0.7000000000000006217 ) ) ;
#4510 = EDGE_CURVE ( 'NONE', #1863, #3938, #490, .T. ) ;
#4511 = VECTOR ( 'NONE', #621, 1000.000000000000000 ) ;
#4512 = FACE_OUTER_BOUND ( 'NONE', #1482, .T. ) ;
#4513 = EDGE_CURVE ( 'NONE', #3050, #443, #515, .T. ) ;
#4514 = ITEM_DEFINED_TRANSFORMATION ( 'NONE', 'NONE', #2840,  #146 ) ;
#4515 = ORIENTED_EDGE ( 'NONE', *, *, #2391, .T. ) ;
#4516 = DIRECTION ( 'NONE',  ( 0.8660254037844385966, -0.5000000000000002220, 0.000000000000000000 ) ) ;
#4517 = DIRECTION ( 'NONE',  ( -0.000000000000000000, -0.000000000000000000, 1.000000000000000000 ) ) ;
#4518 = CARTESIAN_POINT ( 'NONE',  ( 6.850000000000003197, -3.851859888774471706E-31, 6.699999999999999289 ) ) ;
#4519 = NEXT_ASSEMBLY_USAGE_OCCURRENCE ( 'NAUO1', ' ', ' ', #1961, #2300, $ ) ;
#4520 = NEXT_ASSEMBLY_USAGE_OCCURRENCE ( 'NAUO2', ' ', ' ', #1961, #2637, $ ) ;
#4521 = NEXT_ASSEMBLY_USAGE_OCCURRENCE ( 'NAUO3', ' ', ' ', #1961, #1342, $ ) ;
#4522 = NEXT_ASSEMBLY_USAGE_OCCURRENCE ( 'NAUO4', ' ', ' ', #1961, #2637, $ ) ;
#4523 = NEXT_ASSEMBLY_USAGE_OCCURRENCE ( 'NAUO5', ' ', ' ', #1961, #1342, $ ) ;
#4524 = NEXT_ASSEMBLY_USAGE_OCCURRENCE ( 'NAUO6', ' ', ' ', #1961, #1342, $ ) ;
#4525 = NEXT_ASSEMBLY_USAGE_OCCURRENCE ( 'NAUO7', ' ', ' ', #1961, #1342, $ ) ;
ENDSEC;
END-ISO-10303-21;
